[12/28/2025, 7:11:41 PM] GET / 
[12/28/2025, 7:11:46 PM] GET / 
[12/28/2025, 7:13:50 PM] GET / 
[12/28/2025, 7:13:53 PM] GET / 
[12/28/2025, 7:14:36 PM] GET / 
[12/28/2025, 7:14:38 PM] GET / 
[12/28/2025, 7:14:38 PM] GET / 
[12/28/2025, 7:14:39 PM] GET / 
[12/28/2025, 7:14:39 PM] GET / 
[12/28/2025, 7:14:39 PM] GET / 
[12/28/2025, 7:14:39 PM] GET / 
[12/28/2025, 7:14:39 PM] GET / 
[12/28/2025, 7:14:39 PM] GET / 
[12/28/2025, 7:14:40 PM] GET / 
[12/28/2025, 7:18:35 PM] GET /BinStudio.css 
[12/28/2025, 7:18:35 PM] GET /favicon.ico 
[12/28/2025, 7:18:49 PM] GET /register.html 
[12/28/2025, 7:18:52 PM] GET /login.html 
[12/28/2025, 7:21:06 PM] GET /login.html 
[12/28/2025, 7:21:07 PM] GET /login.html 
[12/28/2025, 7:21:18 PM] GET /login.html 
[12/28/2025, 7:21:44 PM] GET /BinStudio.html 
[12/28/2025, 7:27:35 PM] GET /login 
[12/28/2025, 7:27:38 PM] GET /register 
[12/28/2025, 7:27:41 PM] GET /order 
[12/28/2025, 7:28:07 PM] GET /Vest.html 
[12/28/2025, 7:28:11 PM] GET /Quan.html 
[12/28/2025, 7:28:14 PM] GET /cart 
[12/28/2025, 8:41:35 PM] GET /order 
[12/28/2025, 8:41:47 PM] GET /register.html 
[12/28/2025, 8:46:49 PM] GET /BinStudio.html 
[12/28/2025, 8:47:13 PM] GET /BinStudio.html 
[12/28/2025, 8:47:32 PM] GET /BinStudio.html 
[12/28/2025, 8:53:41 PM] GET /BinStudio.html 
[12/28/2025, 10:36:55 PM] GET /BinStudio.html 
[12/28/2025, 10:58:18 PM] GET / 
[12/28/2025, 10:58:33 PM] GET /login 
[12/28/2025, 10:58:40 PM] POST /login 
[12/28/2025, 10:58:40 PM] GET / 
[12/28/2025, 11:03:22 PM] GET / 
[12/28/2025, 11:03:24 PM] GET /login 
[12/28/2025, 11:03:30 PM] POST /login 
[12/28/2025, 11:03:33 PM] GET /login 
[12/28/2025, 11:03:38 PM] POST /login 
[12/28/2025, 11:04:03 PM] GET /login 
[12/28/2025, 11:04:09 PM] GET / 
[12/28/2025, 11:04:11 PM] GET /login 
[12/28/2025, 11:05:30 PM] GET /login 
[12/28/2025, 11:05:32 PM] GET / 
[12/28/2025, 11:05:34 PM] GET /login 
[12/28/2025, 11:05:43 PM] POST /login 
[12/28/2025, 11:05:45 PM] GET /login 
[12/28/2025, 11:05:51 PM] POST /login 
[12/28/2025, 11:05:53 PM] GET /login 
[12/28/2025, 11:05:55 PM] GET /Doimatkhau 
[12/28/2025, 11:06:06 PM] POST /Doimatkhau 
[12/28/2025, 11:06:44 PM] GET / 
[12/28/2025, 11:06:59 PM] GET /Quan 
[12/28/2025, 11:07:00 PM] POST /add-to-cart 
[12/28/2025, 11:07:03 PM] GET /login 
[12/28/2025, 11:08:25 PM] GET / 
[12/28/2025, 11:08:27 PM] GET /login 
[12/28/2025, 11:08:33 PM] POST /login 
[12/28/2025, 11:11:07 PM] GET /login 
[12/28/2025, 11:11:14 PM] POST /login 
[12/28/2025, 11:14:21 PM] POST /login 
[12/28/2025, 11:14:21 PM] GET / 
[12/28/2025, 11:14:32 PM] GET /logout 
[12/28/2025, 11:14:32 PM] GET / 
[12/28/2025, 11:14:33 PM] GET /login 
[12/28/2025, 11:14:40 PM] POST /login 
[12/28/2025, 11:14:40 PM] GET / 
[12/28/2025, 11:14:42 PM] GET /cart 
[12/28/2025, 11:14:49 PM] GET /order 
[12/28/2025, 11:14:53 PM] GET / 
[12/28/2025, 11:14:58 PM] GET /Quan 
[12/28/2025, 11:14:59 PM] POST /add-to-cart 
[12/28/2025, 11:15:00 PM] GET /cart 
[12/28/2025, 11:15:10 PM] GET / 
[12/28/2025, 11:15:12 PM] GET /Quan 
[12/28/2025, 11:15:13 PM] POST /add-to-cart 
[12/28/2025, 11:15:13 PM] GET /cart 
[12/28/2025, 11:21:08 PM] GET /cart 
[12/28/2025, 11:21:08 PM] GET /login 
[12/28/2025, 11:21:15 PM] POST /login 
[12/28/2025, 11:21:15 PM] GET / 
[12/28/2025, 11:21:22 PM] GET /logout 
[12/28/2025, 11:21:22 PM] GET / 
[12/28/2025, 11:25:00 PM] GET /login 
[12/28/2025, 11:25:08 PM] POST /login 
[12/28/2025, 11:25:08 PM] GET / 
[12/28/2025, 11:25:12 PM] GET /cart 
[12/28/2025, 11:25:18 PM] GET /order 
[12/28/2025, 11:25:22 PM] GET /Quan 
[12/28/2025, 11:25:23 PM] GET /Vest 
[12/28/2025, 11:25:24 PM] GET /Aosomi 
[12/28/2025, 11:25:25 PM] GET /Aodai 
[12/28/2025, 11:25:26 PM] GET /Quan 
[12/28/2025, 11:25:28 PM] POST /add-to-cart 
[12/28/2025, 11:25:28 PM] GET /cart 
[12/28/2025, 11:25:31 PM] GET / 
[12/28/2025, 11:25:32 PM] GET / 
[12/28/2025, 11:25:32 PM] GET / 
[12/28/2025, 11:25:33 PM] GET / 
[12/28/2025, 11:25:33 PM] GET / 
[12/28/2025, 11:25:34 PM] GET / 
[12/28/2025, 11:25:34 PM] GET / 
[12/28/2025, 11:28:42 PM] GET / 
[12/28/2025, 11:28:44 PM] GET /login 
[12/28/2025, 11:28:52 PM] POST /login 
[12/28/2025, 11:28:52 PM] GET / 
[12/28/2025, 11:28:54 PM] GET /cart 
[12/28/2025, 11:29:09 PM] GET /order 
[12/28/2025, 11:29:14 PM] GET /Quan 
[12/28/2025, 11:29:16 PM] POST /add-to-cart 
[12/28/2025, 11:29:16 PM] GET /cart 
[12/28/2025, 11:29:25 PM] POST /place-order 
[12/28/2025, 11:29:26 PM] GET /order-success 
[12/28/2025, 11:29:32 PM] GET / 
[12/28/2025, 11:29:38 PM] GET /Vest 
[12/28/2025, 11:29:43 PM] GET /Vest 
[12/28/2025, 11:29:46 PM] GET /Quan 
[12/28/2025, 11:29:47 PM] GET /Aosomi 
[12/28/2025, 11:29:48 PM] GET /Aodai 
[12/28/2025, 11:29:49 PM] GET /Phukien 
[12/28/2025, 11:29:50 PM] GET / 
[12/28/2025, 11:29:54 PM] GET / 
[12/28/2025, 11:29:55 PM] GET / 
[12/28/2025, 11:32:50 PM] GET / 
[12/28/2025, 11:32:52 PM] GET /login 
[12/28/2025, 11:33:00 PM] POST /login 
[12/28/2025, 11:33:00 PM] GET / 
[12/28/2025, 11:33:01 PM] GET /cart 
[12/28/2025, 11:33:05 PM] GET /order 
[12/28/2025, 11:33:08 PM] GET /Quan 
[12/28/2025, 11:33:11 PM] POST /add-to-cart 
[12/28/2025, 11:33:11 PM] GET /cart 
[12/28/2025, 11:33:16 PM] GET /Quan 
[12/28/2025, 11:33:20 PM] POST /add-to-cart 
[12/28/2025, 11:33:20 PM] GET /cart 
[12/28/2025, 11:37:17 PM] GET /cart 
[12/28/2025, 11:37:17 PM] GET /login 
[12/28/2025, 11:37:20 PM] GET /cart 
[12/28/2025, 11:37:20 PM] GET /login 
[12/28/2025, 11:37:30 PM] POST /login 
[12/28/2025, 11:37:30 PM] GET / 
[12/28/2025, 11:37:32 PM] GET /cart 
[12/28/2025, 11:37:37 PM] GET / 
[12/28/2025, 11:37:44 PM] GET /Quan 
[12/28/2025, 11:37:45 PM] POST /add-to-cart 
[12/28/2025, 11:37:46 PM] GET /cart 
[12/28/2025, 11:41:06 PM] GET /cart 
[12/28/2025, 11:41:06 PM] GET /login 
[12/28/2025, 11:41:13 PM] POST /login 
[12/28/2025, 11:41:13 PM] GET / 
[12/28/2025, 11:41:20 PM] GET /Quan 
[12/28/2025, 11:41:23 PM] GET /cart 
[12/28/2025, 11:41:34 PM] GET / 
[12/28/2025, 11:41:35 PM] GET / 
[12/28/2025, 11:41:36 PM] GET / 
[12/28/2025, 11:41:37 PM] GET / 
[12/28/2025, 11:43:49 PM] GET /logout 
[12/28/2025, 11:43:49 PM] GET / 
[12/28/2025, 11:43:51 PM] GET /cart 
[12/28/2025, 11:43:51 PM] GET /login 
[12/28/2025, 11:43:58 PM] POST /login 
[12/28/2025, 11:43:58 PM] GET / 
[12/28/2025, 11:44:00 PM] GET / 
[12/28/2025, 11:44:02 PM] GET /Vest 
[12/28/2025, 11:44:03 PM] GET /Quan 
[12/28/2025, 11:44:04 PM] GET /Aosomi 
[12/28/2025, 11:44:06 PM] GET /Aodai 
[12/28/2025, 11:44:08 PM] GET /Phukien 
[12/28/2025, 11:44:12 PM] GET /Vest 
[12/28/2025, 11:44:14 PM] GET /Quan 
[12/28/2025, 11:44:16 PM] GET /Aosomi 
[12/28/2025, 11:44:17 PM] GET /Aodai 
[12/28/2025, 11:44:18 PM] GET /Phukien 
[12/28/2025, 11:47:15 PM] GET /Phukien 
[12/28/2025, 11:47:17 PM] GET /Aodai 
[12/28/2025, 11:47:17 PM] GET /Phukien 
[12/28/2025, 11:47:22 PM] GET /login 
[12/28/2025, 11:47:30 PM] POST /login 
[12/28/2025, 11:47:30 PM] GET / 
[12/28/2025, 11:47:36 PM] GET /Vest 
[12/28/2025, 11:47:39 PM] GET /Quan 
[12/28/2025, 11:47:41 PM] GET /Aosomi 
[12/28/2025, 11:47:44 PM] GET /Vest 
[12/28/2025, 11:47:46 PM] GET /Vest 
[12/28/2025, 11:47:51 PM] GET /Vest 
[12/28/2025, 11:47:53 PM] GET /Quan 
[12/28/2025, 11:47:58 PM] GET /Aosomi 
[12/28/2025, 11:48:00 PM] GET /Aodai 
[12/28/2025, 11:48:01 PM] GET /Phukien 
[12/28/2025, 11:48:04 PM] GET /order 
[12/28/2025, 11:48:05 PM] GET /cart 
[12/28/2025, 11:48:07 PM] GET / 
[12/28/2025, 11:48:08 PM] GET /Vest 
[12/28/2025, 11:48:28 PM] GET /Quan 
[12/28/2025, 11:48:55 PM] GET /Aosomi 
[12/28/2025, 11:48:57 PM] GET /Aodai 
[12/28/2025, 11:48:59 PM] GET /Phukien 
[12/28/2025, 11:49:01 PM] GET /Vest 
[12/28/2025, 11:49:02 PM] GET /Quan 
[12/28/2025, 11:49:04 PM] GET /Aosomi 
[12/29/2025, 12:04:53 AM] GET / 
[12/29/2025, 12:04:55 AM] GET /login 
[12/29/2025, 12:05:04 AM] POST /login 
[12/29/2025, 12:05:04 AM] GET / 
[12/29/2025, 12:05:07 AM] GET /Vest 
[12/29/2025, 12:05:08 AM] GET /Quan 
[12/29/2025, 12:05:09 AM] POST /add-to-cart 
[12/29/2025, 12:05:13 AM] POST /add-to-cart 
[12/29/2025, 12:06:08 AM] GET /logout 
[12/29/2025, 12:06:08 AM] GET / 
[12/29/2025, 12:06:09 AM] GET /register 
[12/29/2025, 12:06:11 AM] GET /login 
[12/29/2025, 12:06:12 AM] GET /Doimatkhau 
[12/29/2025, 12:11:23 AM] GET / 
[12/29/2025, 12:11:24 AM] GET /login 
[12/29/2025, 12:11:27 AM] GET /Doimatkhau 
[12/29/2025, 12:11:35 AM] POST /get-otp 
[12/29/2025, 12:13:46 AM] GET /Doimatkhau 
[12/29/2025, 12:13:51 AM] POST /get-otp 
[12/29/2025, 12:19:14 AM] GET /Doimatkhau 
[12/29/2025, 12:19:19 AM] POST /get-otp 
[12/29/2025, 12:21:31 AM] GET /Doimatkhau 
[12/29/2025, 12:21:35 AM] POST /get-otp 
[12/29/2025, 12:23:49 AM] GET / 
[12/29/2025, 12:23:50 AM] GET /register 
[12/29/2025, 12:23:52 AM] GET /login 
[12/29/2025, 12:23:55 AM] GET /Doimatkhau 
[12/29/2025, 12:24:00 AM] POST /get-otp 
[12/29/2025, 12:26:49 AM] GET / 
[12/29/2025, 12:26:52 AM] GET /register 
[12/29/2025, 12:26:53 AM] GET /login 
[12/29/2025, 12:26:54 AM] GET /Doimatkhau 
[12/29/2025, 12:26:58 AM] POST /get-otp 
[12/29/2025, 12:30:05 AM] POST /get-otp 
[12/29/2025, 12:30:10 AM] GET / 
[12/29/2025, 12:30:12 AM] GET /login 
[12/29/2025, 12:30:14 AM] GET /register 
[12/29/2025, 12:30:17 AM] GET /login 
[12/29/2025, 12:30:19 AM] GET /Doimatkhau 
[12/29/2025, 12:30:23 AM] POST /get-otp 
[12/29/2025, 12:31:55 AM] GET /Doimatkhau 
[12/29/2025, 12:31:58 AM] POST /get-otp 
[12/29/2025, 12:34:10 AM] POST /get-otp 
[12/29/2025, 12:38:40 AM] POST /get-otp 
[12/29/2025, 12:40:09 AM] POST /get-otp 
[12/29/2025, 12:42:56 AM] POST /get-otp 
[12/29/2025, 12:43:44 AM] POST /Doimatkhau 
[12/29/2025, 12:43:48 AM] GET /Doimatkhau 
[12/29/2025, 12:44:00 AM] POST /Doimatkhau 
[12/29/2025, 12:50:49 AM] GET /Doimatkhau 
[12/29/2025, 12:50:53 AM] POST /get-otp 
[12/29/2025, 12:53:19 AM] GET /Doimatkhau 
[12/29/2025, 12:53:23 AM] POST /get-otp 
[12/29/2025, 12:54:59 AM] POST /get-otp 
[12/29/2025, 12:55:03 AM] GET /Doimatkhau 
[12/29/2025, 12:55:11 AM] POST /get-otp 
[12/29/2025, 12:58:08 AM] POST /get-otp 
[12/29/2025, 12:59:03 AM] POST /Doimatkhau 
[12/29/2025, 1:00:55 AM] GET /Doimatkhau 
[12/29/2025, 1:00:59 AM] POST /get-otp 
[12/29/2025, 1:01:56 AM] POST /Doimatkhau 
[12/29/2025, 1:02:19 AM] POST /Doimatkhau 
[12/29/2025, 1:02:22 AM] GET /Doimatkhau 
[12/29/2025, 1:02:32 AM] POST /Doimatkhau 
[12/29/2025, 1:04:41 AM] GET /Doimatkhau 
[12/29/2025, 1:04:42 AM] GET /Doimatkhau 
[12/29/2025, 1:05:21 AM] POST /get-otp 
[12/29/2025, 1:06:00 AM] POST /Doimatkhau 
[12/29/2025, 1:06:49 AM] GET /Doimatkhau 
[12/29/2025, 1:06:56 AM] POST /Doimatkhau 
[12/29/2025, 1:07:20 AM] GET /Doimatkhau 
[12/29/2025, 1:07:22 AM] POST /get-otp 
[12/29/2025, 1:07:46 AM] POST /Doimatkhau 
[12/29/2025, 1:11:20 AM] GET /Doimatkhau 
[12/29/2025, 1:11:31 AM] POST /Doimatkhau 
[12/29/2025, 1:12:59 AM] GET /Doimatkhau 
[12/29/2025, 1:13:09 AM] POST /Doimatkhau 
[12/29/2025, 1:13:11 AM] GET /Doimatkhau 
[12/29/2025, 1:14:09 AM] POST /get-otp 
[12/29/2025, 1:14:45 AM] POST /Doimatkhau 
[12/29/2025, 1:15:52 AM] GET / 
[12/29/2025, 1:15:56 AM] GET /Vest 
[12/29/2025, 1:15:58 AM] GET /Quan 
[12/29/2025, 1:16:02 AM] GET /login 
[12/29/2025, 1:16:08 AM] POST /login 
[12/29/2025, 1:16:09 AM] GET / 
[12/29/2025, 1:19:54 AM] GET / 
[12/29/2025, 1:20:04 AM] POST /add-to-cart 
[12/29/2025, 1:20:07 AM] GET /login 
[12/29/2025, 1:20:14 AM] POST /login 
[12/29/2025, 1:20:14 AM] GET / 
[12/29/2025, 1:20:17 AM] POST /add-to-cart 
[12/29/2025, 1:20:22 AM] GET /Quan 
[12/29/2025, 1:20:24 AM] POST /add-to-cart 
[12/29/2025, 1:20:24 AM] GET /cart 
[12/29/2025, 1:20:51 AM] GET /Aodai 
[12/29/2025, 1:20:59 AM] GET /Phukien 
[12/29/2025, 1:21:01 AM] GET /Quan 
[12/29/2025, 1:21:03 AM] GET /Vest 
[12/29/2025, 1:21:05 AM] GET /Aosomi 
[12/29/2025, 1:21:05 AM] GET /Aodai 
[12/29/2025, 1:21:55 AM] GET /Aosomi 
[12/29/2025, 1:21:56 AM] GET /Aodai 
[12/29/2025, 1:22:07 AM] GET /cart 
[12/29/2025, 1:22:07 AM] GET /login 
[12/29/2025, 1:22:08 AM] GET /order 
[12/29/2025, 1:22:08 AM] GET /login 
[12/29/2025, 1:22:09 AM] GET /register 
[12/29/2025, 1:22:10 AM] GET /login 
[12/29/2025, 1:22:12 AM] GET / 
[12/29/2025, 1:22:14 AM] GET /login 
[12/29/2025, 1:22:15 AM] GET /register 
[12/29/2025, 1:22:16 AM] GET /login 
[12/29/2025, 1:22:18 AM] GET /order 
[12/29/2025, 1:22:18 AM] GET /login 
[12/29/2025, 1:22:19 AM] GET /cart 
[12/29/2025, 1:22:19 AM] GET /login 
[12/29/2025, 1:22:21 AM] GET /register 
[12/29/2025, 1:22:22 AM] GET /order 
[12/29/2025, 1:22:22 AM] GET /login 
[12/29/2025, 1:22:23 AM] GET /cart 
[12/29/2025, 1:22:23 AM] GET /login 
[12/29/2025, 1:22:24 AM] GET /login 
[12/29/2025, 1:24:15 AM] POST /login 
[12/29/2025, 1:24:16 AM] GET / 
[12/29/2025, 1:24:22 AM] POST /add-to-cart 
[12/29/2025, 1:24:22 AM] GET /cart 
[12/29/2025, 1:26:50 AM] GET /Aosomi 
[12/29/2025, 1:26:56 AM] POST /add-to-cart 
[12/29/2025, 1:27:00 AM] GET /Quan 
[12/29/2025, 1:27:02 AM] POST /add-to-cart 
[12/29/2025, 1:27:04 AM] GET /login 
[12/29/2025, 1:27:10 AM] POST /login 
[12/29/2025, 1:27:11 AM] GET / 
[12/29/2025, 1:27:14 AM] POST /add-to-cart 
[12/29/2025, 1:27:22 AM] GET /Vest 
[12/29/2025, 1:27:25 AM] POST /add-to-cart 
[12/29/2025, 1:27:29 AM] GET / 
[12/29/2025, 1:27:32 AM] POST /add-to-cart 
[12/29/2025, 1:27:37 AM] GET /Aodai 
[12/29/2025, 1:27:39 AM] POST /add-to-cart 
[12/29/2025, 1:27:43 AM] GET /cart 
[12/29/2025, 1:30:03 AM] GET / 
[12/29/2025, 1:30:05 AM] GET /login 
[12/29/2025, 1:30:12 AM] POST /login 
[12/29/2025, 1:30:12 AM] GET / 
[12/29/2025, 1:30:16 AM] POST /add-to-cart 
[12/29/2025, 1:30:41 AM] GET /cart 
[12/29/2025, 1:31:38 AM] POST /add-to-cart 
[12/29/2025, 1:39:17 AM] POST /add-to-cart 
[12/29/2025, 1:39:21 AM] GET / 
[12/29/2025, 1:39:26 AM] GET /login 
[12/29/2025, 1:39:34 AM] POST /login 
[12/29/2025, 1:39:34 AM] GET / 
[12/29/2025, 1:39:41 AM] GET /cart 
[12/29/2025, 1:39:42 AM] GET /cart 
[12/29/2025, 1:39:51 AM] GET /order 
[12/29/2025, 1:39:55 AM] GET /Vest 
[12/29/2025, 1:39:56 AM] POST /add-to-cart 
[12/29/2025, 1:40:01 AM] POST /add-to-cart 
[12/29/2025, 1:40:05 AM] GET / 
[12/29/2025, 1:40:06 AM] POST /add-to-cart 
[12/29/2025, 1:40:10 AM] GET /Aosomi 
[12/29/2025, 1:40:12 AM] POST /add-to-cart 
[12/29/2025, 1:40:15 AM] GET /Phukien 
[12/29/2025, 1:40:17 AM] POST /add-to-cart 
[12/29/2025, 1:40:31 AM] GET / 
[12/29/2025, 1:50:39 AM] GET / 
[12/29/2025, 1:51:00 AM] GET /?zarsrc=30&utm_source=zalo&utm_medium=zalo&utm_campaign=zalo 
[12/29/2025, 1:51:02 AM] GET /favicon.ico 
[12/29/2025, 1:51:05 AM] GET /?zarsrc=30&utm_source=zalo&utm_medium=zalo&utm_campaign=zalo 
[12/29/2025, 1:51:09 AM] GET /?zarsrc=30&utm_source=zalo&utm_medium=zalo&utm_campaign=zalo 
[12/29/2025, 1:51:10 AM] GET /favicon.ico 
[12/29/2025, 1:51:12 AM] GET / 
[12/29/2025, 1:51:24 AM] GET /cart 
[12/29/2025, 1:51:24 AM] GET /login 
[12/29/2025, 1:51:43 AM] POST /login 
[12/29/2025, 1:51:56 AM] POST /login 
[12/29/2025, 1:51:56 AM] GET / 
[12/29/2025, 1:52:06 AM] GET /Vest 
[12/29/2025, 1:52:07 AM] POST /add-to-cart 
[12/29/2025, 1:52:10 AM] POST /add-to-cart 
[12/29/2025, 1:52:14 AM] POST /add-to-cart 
[12/29/2025, 1:52:17 AM] POST /add-to-cart 
[12/29/2025, 1:52:24 AM] GET /cart 
[12/29/2025, 1:52:37 AM] POST /place-order 
[12/29/2025, 1:52:40 AM] POST /place-order 
[12/29/2025, 1:52:46 AM] GET /order 
[12/29/2025, 1:52:50 AM] GET /BinStudio.html 
[12/29/2025, 1:52:55 AM] GET /order 
[12/29/2025, 1:52:56 AM] GET / 
[12/29/2025, 1:53:11 AM] GET / 
[12/29/2025, 1:53:29 AM] GET / 
[12/29/2025, 1:53:29 AM] GET /favicon.ico 
[12/29/2025, 1:53:32 AM] GET /login 
[12/29/2025, 1:53:47 AM] POST /login 
[12/29/2025, 1:53:48 AM] GET / 
[12/29/2025, 1:53:57 AM] GET /cart 
[12/29/2025, 1:54:04 AM] GET /order 
[12/29/2025, 1:54:08 AM] GET / 
[12/29/2025, 1:54:09 AM] GET / 
[12/29/2025, 1:54:13 AM] GET /Quan 
[12/29/2025, 1:54:32 AM] GET / 
[12/29/2025, 1:54:33 AM] GET /favicon.ico 
[12/29/2025, 1:54:34 AM] GET /Vest 
[12/29/2025, 1:54:35 AM] GET /Quan 
[12/29/2025, 1:54:35 AM] GET /Aosomi 
[12/29/2025, 1:54:36 AM] GET /Aodai 
[12/29/2025, 1:54:37 AM] GET /Phukien 
[12/29/2025, 1:54:39 AM] GET /login 
[12/29/2025, 1:54:51 AM] POST /login 
[12/29/2025, 1:54:51 AM] GET / 
[12/29/2025, 1:54:59 AM] POST /add-to-cart 
[12/29/2025, 1:55:02 AM] POST /add-to-cart 
[12/29/2025, 1:55:12 AM] GET / 
[12/29/2025, 1:55:21 AM] GET /Quan 
[12/29/2025, 1:55:23 AM] GET /Quan 
[12/29/2025, 1:55:25 AM] GET /Vest 
[12/29/2025, 1:55:27 AM] GET /Quan 
[12/29/2025, 1:55:28 AM] GET /Quan 
[12/29/2025, 1:55:29 AM] GET /Quan 
[12/29/2025, 1:55:32 AM] GET /login 
[12/29/2025, 1:55:35 AM] GET /Doimatkhau 
[12/29/2025, 1:55:43 AM] POST /get-otp 
[12/29/2025, 1:55:48 AM] POST /get-otp 
[12/29/2025, 1:55:55 AM] GET /logout 
[12/29/2025, 1:55:55 AM] GET / 
[12/29/2025, 10:12:29 AM] GET / 
[12/29/2025, 10:12:30 AM] GET /favicon.ico 
[12/29/2025, 10:12:39 AM] GET /login 
[12/29/2025, 10:12:48 AM] POST /login 
[12/29/2025, 10:12:48 AM] GET / 
[12/29/2025, 10:12:53 AM] GET /order 
[12/29/2025, 10:12:55 AM] GET /cart 
[12/29/2025, 10:13:13 AM] POST /update-cart 
[12/29/2025, 10:13:14 AM] GET /cart 
[12/29/2025, 10:13:25 AM] POST /update-cart 
[12/29/2025, 10:13:25 AM] GET /cart 
[12/29/2025, 10:13:26 AM] POST /update-cart 
[12/29/2025, 10:13:26 AM] GET /cart 
[12/29/2025, 10:13:27 AM] POST /update-cart 
[12/29/2025, 10:13:27 AM] GET /cart 
[12/29/2025, 10:13:28 AM] POST /update-cart 
[12/29/2025, 10:13:28 AM] GET /cart 
[12/29/2025, 10:13:29 AM] POST /update-cart 
[12/29/2025, 10:13:29 AM] GET /cart 
[12/29/2025, 10:13:31 AM] POST /update-cart 
[12/29/2025, 10:13:31 AM] GET /cart 
[12/29/2025, 10:15:00 AM] GET /cart 
[12/29/2025, 10:15:00 AM] GET /login 
[12/29/2025, 10:15:08 AM] POST /login 
[12/29/2025, 10:15:09 AM] GET / 
[12/29/2025, 10:15:11 AM] GET / 
[12/29/2025, 10:15:14 AM] GET /order 
[12/29/2025, 10:15:15 AM] GET /order 
[12/29/2025, 10:15:17 AM] GET /cart 
[12/29/2025, 10:15:27 AM] POST /save-profile 
[12/29/2025, 10:15:49 AM] POST /save-profile 
[12/29/2025, 10:17:39 AM] POST /remove-from-cart 
[12/29/2025, 10:17:39 AM] GET /cart 
[12/29/2025, 10:17:44 AM] POST /remove-from-cart 
[12/29/2025, 10:17:44 AM] GET /cart 
[12/29/2025, 10:17:47 AM] POST /remove-from-cart 
[12/29/2025, 10:17:47 AM] GET /cart 
[12/29/2025, 10:22:56 AM] GET /cart 
[12/29/2025, 10:22:56 AM] GET /login 
[12/29/2025, 10:23:06 AM] POST /login 
[12/29/2025, 10:23:06 AM] GET / 
[12/29/2025, 10:23:10 AM] GET /cart 
[12/29/2025, 10:24:05 AM] POST /save-profile 
[12/29/2025, 10:31:09 AM] GET /cart 
[12/29/2025, 10:31:09 AM] GET /login 
[12/29/2025, 10:31:16 AM] POST /login 
[12/29/2025, 10:31:16 AM] GET / 
[12/29/2025, 10:31:17 AM] GET /cart 
[12/29/2025, 10:31:43 AM] POST /save-profile 
[12/29/2025, 10:32:07 AM] GET / 
[12/29/2025, 10:32:10 AM] POST /add-to-cart 
[12/29/2025, 10:32:14 AM] POST /add-to-cart 
[12/29/2025, 10:32:19 AM] GET / 
[12/29/2025, 10:32:20 AM] GET / 
[12/29/2025, 10:32:20 AM] GET / 
[12/29/2025, 10:32:21 AM] GET / 
[12/29/2025, 10:33:46 AM] GET / 
[12/29/2025, 10:33:47 AM] GET /login 
[12/29/2025, 10:33:53 AM] POST /login 
[12/29/2025, 10:33:53 AM] GET / 
[12/29/2025, 10:36:30 AM] GET / 
[12/29/2025, 10:36:32 AM] GET /login 
[12/29/2025, 10:36:38 AM] POST /login 
[12/29/2025, 10:36:38 AM] GET / 
[12/29/2025, 10:36:43 AM] GET /cart 
[12/29/2025, 10:49:12 AM] GET /Vest 
[12/29/2025, 10:49:14 AM] GET /Vest 
[12/29/2025, 10:49:16 AM] GET / 
[12/29/2025, 10:49:26 AM] GET /product/6951748a868b03f99371b279 
[12/29/2025, 10:50:26 AM] GET /product/6951748a868b03f99371b279 
[12/29/2025, 10:50:45 AM] GET / 
[12/29/2025, 10:50:47 AM] GET /product/6951748a868b03f99371b272 
[12/29/2025, 10:50:52 AM] GET / 
[12/29/2025, 10:50:53 AM] GET /product/6951748a868b03f99371b281 
[12/29/2025, 10:53:35 AM] GET /Vest 
[12/29/2025, 10:53:36 AM] GET / 
[12/29/2025, 10:53:38 AM] GET /product/6951748a868b03f99371b274 
[12/29/2025, 10:53:52 AM] POST /add-to-cart 
[12/29/2025, 10:53:55 AM] GET /login 
[12/29/2025, 10:54:02 AM] POST /login 
[12/29/2025, 10:54:02 AM] GET / 
[12/29/2025, 10:54:04 AM] GET /product/6951748a868b03f99371b27b 
[12/29/2025, 10:54:06 AM] POST /add-to-cart 
[12/29/2025, 10:54:10 AM] POST /add-to-cart 
[12/29/2025, 10:54:12 AM] GET /cart 
[12/29/2025, 10:54:18 AM] GET / 
[12/29/2025, 10:54:22 AM] GET /product/6951748a868b03f99371b2d4 
[12/29/2025, 10:54:32 AM] POST /add-to-cart 
[12/29/2025, 11:01:13 AM] GET / 
[12/29/2025, 11:01:20 AM] GET /Vest 
[12/29/2025, 11:01:22 AM] GET /product/6951fcc41088c10d2eae8089 
[12/29/2025, 11:01:30 AM] POST /add-to-cart 
[12/29/2025, 11:01:47 AM] GET /Aosomi 
[12/29/2025, 11:01:51 AM] GET /Aodai 
[12/29/2025, 11:01:53 AM] GET /Phukien 
[12/29/2025, 11:01:55 AM] GET /product/6951fcc41088c10d2eae809d 
[12/29/2025, 11:02:15 AM] GET /Quan 
[12/29/2025, 11:02:20 AM] GET /login 
[12/29/2025, 11:02:28 AM] POST /login 
[12/29/2025, 11:02:28 AM] GET / 
[12/29/2025, 11:02:30 AM] GET /product/6951fcc41088c10d2eae8089 
[12/29/2025, 11:02:32 AM] POST /add-to-cart 
[12/29/2025, 11:02:35 AM] POST /add-to-cart 
[12/29/2025, 11:03:22 AM] GET /cart 
[12/29/2025, 11:13:35 AM] GET / 
[12/29/2025, 11:13:37 AM] GET /cart 
[12/29/2025, 11:13:37 AM] GET /login 
[12/29/2025, 11:13:44 AM] POST /login 
[12/29/2025, 11:13:44 AM] GET / 
[12/29/2025, 11:13:49 AM] GET /cart 
[12/29/2025, 11:13:56 AM] GET /cart 
[12/29/2025, 11:14:04 AM] GET / 
[12/29/2025, 11:14:06 AM] GET /product/6951fcc41088c10d2eae8095 
[12/29/2025, 11:14:09 AM] GET /product/6951fcc41088c10d2eae809b 
[12/29/2025, 11:14:13 AM] GET /Vest 
[12/29/2025, 11:14:14 AM] GET /product/6951fcc41088c10d2eae8089 
[12/29/2025, 11:19:28 AM] GET / 
[12/29/2025, 11:19:30 AM] GET /login 
[12/29/2025, 11:19:36 AM] POST /login 
[12/29/2025, 11:19:36 AM] GET / 
[12/29/2025, 11:19:40 AM] GET /product/6952011dbb2dd91a0e4170f1 
[12/29/2025, 11:19:46 AM] POST /add-to-cart 
[12/29/2025, 11:19:48 AM] GET /Quan 
[12/29/2025, 11:19:49 AM] GET /product/6952011dbb2dd91a0e4170f7 
[12/29/2025, 11:19:55 AM] POST /add-to-cart 
[12/29/2025, 11:19:57 AM] GET /cart 
[12/29/2025, 11:20:05 AM] GET /Vest 
[12/29/2025, 11:20:09 AM] GET /Aosomi 
[12/29/2025, 11:20:11 AM] GET /Aodai 
[12/29/2025, 11:20:12 AM] GET /Phukien 
[12/29/2025, 11:20:14 AM] GET /Aosomi 
[12/29/2025, 11:20:15 AM] GET /Quan 
[12/29/2025, 11:20:17 AM] GET /Vest 
[12/29/2025, 11:20:18 AM] GET /Aosomi 
[12/29/2025, 11:20:20 AM] GET /Quan 
[12/29/2025, 11:20:27 AM] GET /Aosomi 
[12/29/2025, 11:27:49 AM] GET / 
[12/29/2025, 11:27:53 AM] GET /product/6952011dbb2dd91a0e417104 
[12/29/2025, 11:28:00 AM] GET /login 
[12/29/2025, 11:28:09 AM] POST /login 
[12/29/2025, 11:28:09 AM] GET / 
[12/29/2025, 11:28:11 AM] GET /Vest 
[12/29/2025, 11:28:12 AM] GET /product/6952011dbb2dd91a0e4170f1 
[12/29/2025, 11:28:15 AM] GET /Quan 
[12/29/2025, 11:28:17 AM] GET /product/6952011dbb2dd91a0e4170f6 
[12/29/2025, 11:30:06 AM] GET / 
[12/29/2025, 11:30:08 AM] GET /product/6952011dbb2dd91a0e4170f1 
[12/29/2025, 11:30:22 AM] POST /add-to-cart 
[12/29/2025, 11:30:27 AM] GET /login 
[12/29/2025, 11:30:34 AM] POST /login 
[12/29/2025, 11:30:36 AM] GET /login 
[12/29/2025, 11:30:44 AM] POST /login 
[12/29/2025, 11:30:44 AM] GET / 
[12/29/2025, 11:30:47 AM] GET /cart 
[12/29/2025, 11:36:09 AM] GET / 
[12/29/2025, 11:36:12 AM] GET /product/6952011dbb2dd91a0e4170f2 
[12/29/2025, 11:36:15 AM] GET /Quan 
[12/29/2025, 11:36:16 AM] GET /product/6952011dbb2dd91a0e4170f8 
[12/29/2025, 11:36:21 AM] GET /login 
[12/29/2025, 11:36:29 AM] POST /login 
[12/29/2025, 11:36:29 AM] GET / 
[12/29/2025, 11:36:31 AM] GET /cart 
[12/29/2025, 11:36:35 AM] GET /product/6952011dbb2dd91a0e4170f3 
[12/29/2025, 11:36:37 AM] POST /add-to-cart 
[12/29/2025, 11:36:41 AM] GET /cart 
[12/29/2025, 11:36:45 AM] GET /Aosomi 
[12/29/2025, 11:36:47 AM] GET /product/6952011dbb2dd91a0e4170fd 
[12/29/2025, 11:36:51 AM] POST /add-to-cart 
[12/29/2025, 11:36:55 AM] GET /Phukien 
[12/29/2025, 11:36:57 AM] GET /product/6952011dbb2dd91a0e417107 
[12/29/2025, 11:36:58 AM] POST /add-to-cart 
[12/29/2025, 11:37:01 AM] GET /Vest 
[12/29/2025, 11:37:03 AM] GET / 
[12/29/2025, 11:37:06 AM] GET /Quan 
[12/29/2025, 11:37:08 AM] GET /Vest 
[12/29/2025, 11:37:10 AM] GET /Aodai 
[12/29/2025, 11:37:11 AM] GET /Aosomi 
[12/29/2025, 11:37:12 AM] GET /Phukien 
[12/29/2025, 11:37:14 AM] GET / 
[12/29/2025, 11:37:19 AM] GET /Quan 
[12/29/2025, 11:37:25 AM] GET /cart 
[12/29/2025, 11:39:11 AM] GET /cart 
[12/29/2025, 11:39:11 AM] GET /login 
[12/29/2025, 11:39:19 AM] POST /login 
[12/29/2025, 11:39:19 AM] GET / 
[12/29/2025, 11:39:21 AM] GET /cart 
[12/29/2025, 11:39:25 AM] GET /product/6952011dbb2dd91a0e4170f2 
[12/29/2025, 11:39:36 AM] GET /product/6952011dbb2dd91a0e417108 
[12/29/2025, 11:40:42 AM] GET /cart 
[12/29/2025, 11:41:21 AM] GET /cart 
[12/29/2025, 11:41:21 AM] GET /login 
[12/29/2025, 11:41:28 AM] POST /login 
[12/29/2025, 11:41:29 AM] GET / 
[12/29/2025, 11:41:30 AM] GET /cart 
[12/29/2025, 11:42:36 AM] GET /cart 
[12/29/2025, 11:42:36 AM] GET /login 
[12/29/2025, 11:42:46 AM] POST /login 
[12/29/2025, 11:42:46 AM] GET / 
[12/29/2025, 11:42:48 AM] GET /cart 
[12/29/2025, 11:45:11 AM] GET /cart 
[12/29/2025, 11:45:11 AM] GET /login 
[12/29/2025, 11:45:18 AM] POST /login 
[12/29/2025, 11:45:18 AM] GET / 
[12/29/2025, 11:45:21 AM] GET /cart 
[12/29/2025, 11:45:24 AM] GET /cart 
[12/29/2025, 11:45:29 AM] POST /update-cart 
[12/29/2025, 11:45:30 AM] GET /cart 
[12/29/2025, 11:45:31 AM] POST /update-cart 
[12/29/2025, 11:45:31 AM] GET /cart 
[12/29/2025, 11:45:39 AM] GET /Quan 
[12/29/2025, 11:45:40 AM] GET /product/6952011dbb2dd91a0e4170f7 
[12/29/2025, 11:45:42 AM] GET /product/6952011dbb2dd91a0e4170f9 
[12/29/2025, 11:45:50 AM] POST /add-to-cart 
[12/29/2025, 11:45:51 AM] GET /cart 
[12/29/2025, 11:46:00 AM] GET / 
[12/29/2025, 11:46:02 AM] GET /product/6952011dbb2dd91a0e417108 
[12/29/2025, 11:46:04 AM] GET /order 
[12/29/2025, 11:46:26 AM] GET /cart 
[12/29/2025, 11:46:34 AM] GET /order 
[12/29/2025, 11:46:36 AM] GET /cart 
[12/29/2025, 11:53:24 AM] GET /cart 
[12/29/2025, 11:53:24 AM] GET /login 
[12/29/2025, 11:53:31 AM] POST /login 
[12/29/2025, 11:53:31 AM] GET / 
[12/29/2025, 11:53:36 AM] GET /cart 
[12/29/2025, 11:53:46 AM] POST /place-order 
[12/29/2025, 11:53:48 AM] GET /order 
[12/29/2025, 11:55:38 AM] POST /place-order 
[12/29/2025, 11:55:49 AM] POST /place-order 
[12/29/2025, 11:55:52 AM] GET /cart 
[12/29/2025, 11:56:10 AM] GET /Quan 
[12/29/2025, 11:56:11 AM] GET /product/6952011dbb2dd91a0e4170f7 
[12/29/2025, 11:56:13 AM] POST /add-to-cart 
[12/29/2025, 11:56:15 AM] GET /cart 
[12/29/2025, 11:56:20 AM] POST /place-order 
[12/29/2025, 11:56:22 AM] GET /order 
[12/29/2025, 11:56:39 AM] GET /order 
[12/29/2025, 11:56:45 AM] GET /Quan 
[12/29/2025, 11:56:47 AM] GET /product/6952011dbb2dd91a0e4170f6 
[12/29/2025, 11:56:48 AM] POST /add-to-cart 
[12/29/2025, 11:56:54 AM] POST /add-to-cart 
[12/29/2025, 11:56:57 AM] POST /add-to-cart 
[12/29/2025, 11:56:59 AM] GET /cart 
[12/29/2025, 11:57:06 AM] POST /place-order 
[12/29/2025, 11:57:08 AM] GET /order 
[12/29/2025, 11:57:16 AM] GET /Aodai 
[12/29/2025, 11:57:17 AM] GET /product/6952011dbb2dd91a0e417102 
[12/29/2025, 11:57:18 AM] POST /add-to-cart 
[12/29/2025, 11:57:22 AM] POST /add-to-cart 
[12/29/2025, 11:57:25 AM] POST /add-to-cart 
[12/29/2025, 11:57:26 AM] GET /cart 
[12/29/2025, 11:57:30 AM] POST /update-cart 
[12/29/2025, 11:57:31 AM] GET /cart 
[12/29/2025, 11:57:33 AM] POST /update-cart 
[12/29/2025, 11:57:33 AM] GET /cart 
[12/29/2025, 11:57:35 AM] POST /update-cart 
[12/29/2025, 11:57:35 AM] GET /cart 
[12/29/2025, 11:57:36 AM] POST /update-cart 
[12/29/2025, 11:57:37 AM] GET /cart 
[12/29/2025, 11:57:39 AM] POST /update-cart 
[12/29/2025, 11:57:39 AM] GET /cart 
[12/29/2025, 11:57:40 AM] POST /update-cart 
[12/29/2025, 11:57:40 AM] GET /cart 
[12/29/2025, 11:58:20 AM] POST /place-order 
[12/29/2025, 11:58:22 AM] GET /order 
[12/29/2025, 11:58:25 AM] GET /cart 
[12/29/2025, 12:08:34 PM] GET /Vest 
[12/29/2025, 12:08:35 PM] GET /product/6952011dbb2dd91a0e4170f2 
[12/29/2025, 12:08:38 PM] POST /add-to-cart 
[12/29/2025, 12:08:40 PM] GET /login 
[12/29/2025, 12:08:45 PM] POST /login 
[12/29/2025, 12:08:45 PM] GET / 
[12/29/2025, 12:08:47 PM] GET /Quan 
[12/29/2025, 12:08:49 PM] GET /product/6952011dbb2dd91a0e4170f8 
[12/29/2025, 12:08:51 PM] POST /add-to-cart 
[12/29/2025, 12:08:54 PM] POST /add-to-cart 
[12/29/2025, 12:08:56 PM] POST /add-to-cart 
[12/29/2025, 12:08:58 PM] GET /cart 
[12/29/2025, 12:09:03 PM] POST /update-cart 
[12/29/2025, 12:09:03 PM] POST /update-cart 
[12/29/2025, 12:09:03 PM] GET /cart 
[12/29/2025, 12:09:03 PM] POST /update-cart 
[12/29/2025, 12:09:03 PM] GET /cart 
[12/29/2025, 12:09:03 PM] GET /cart 
[12/29/2025, 12:09:03 PM] POST /update-cart 
[12/29/2025, 12:09:04 PM] POST /update-cart 
[12/29/2025, 12:09:06 PM] POST /update-cart 
[12/29/2025, 12:09:06 PM] GET /cart 
[12/29/2025, 12:09:06 PM] POST /update-cart 
[12/29/2025, 12:09:09 PM] POST /update-cart 
[12/29/2025, 12:09:09 PM] GET /cart 
[12/29/2025, 12:09:10 PM] POST /update-cart 
[12/29/2025, 12:09:10 PM] GET /cart 
[12/29/2025, 12:09:14 PM] POST /update-cart 
[12/29/2025, 12:09:14 PM] GET /cart 
[12/29/2025, 12:09:22 PM] POST /place-order 
[12/29/2025, 12:09:34 PM] POST /place-order 
[12/29/2025, 12:09:36 PM] GET /order 
[12/29/2025, 12:09:40 PM] GET /cart 
[12/29/2025, 12:10:31 PM] GET /order 
[12/29/2025, 12:22:04 PM] GET / 
[12/29/2025, 12:22:09 PM] GET /login 
[12/29/2025, 12:22:16 PM] POST /login 
[12/29/2025, 12:22:16 PM] GET / 
[12/29/2025, 12:22:19 PM] GET /cart 
[12/29/2025, 12:22:21 PM] POST /update-cart 
[12/29/2025, 12:22:21 PM] GET /cart 
[12/29/2025, 12:22:24 PM] POST /update-cart 
[12/29/2025, 12:22:24 PM] GET /cart 
[12/29/2025, 12:22:25 PM] POST /update-cart 
[12/29/2025, 12:22:25 PM] GET /cart 
[12/29/2025, 12:22:25 PM] POST /update-cart 
[12/29/2025, 12:22:29 PM] POST /update-cart 
[12/29/2025, 12:22:29 PM] GET /cart 
[12/29/2025, 12:22:30 PM] POST /update-cart 
[12/29/2025, 12:22:30 PM] GET /cart 
[12/29/2025, 12:22:31 PM] POST /update-cart 
[12/29/2025, 12:22:31 PM] GET /cart 
[12/29/2025, 12:22:32 PM] POST /update-cart 
[12/29/2025, 12:22:32 PM] GET /cart 
[12/29/2025, 12:22:34 PM] GET /order 
[12/29/2025, 12:23:13 PM] GET /order 
[12/29/2025, 12:23:13 PM] GET /login 
[12/29/2025, 12:23:19 PM] POST /login 
[12/29/2025, 12:23:20 PM] GET / 
[12/29/2025, 12:23:22 PM] GET /cart 
[12/29/2025, 12:23:25 PM] GET /order 
[12/29/2025, 12:23:28 PM] GET /cart 
[12/29/2025, 12:23:31 PM] GET /Vest 
[12/29/2025, 12:23:32 PM] GET /product/6952103878fe8886f673cc05 
[12/29/2025, 12:23:34 PM] POST /add-to-cart 
[12/29/2025, 12:23:40 PM] GET /Quan 
[12/29/2025, 12:23:40 PM] GET /product/6952103878fe8886f673cc13 
[12/29/2025, 12:23:44 PM] POST /add-to-cart 
[12/29/2025, 12:23:47 PM] POST /add-to-cart 
[12/29/2025, 12:23:48 PM] GET /Aodai 
[12/29/2025, 12:23:49 PM] GET /product/6952103878fe8886f673cc3f 
[12/29/2025, 12:23:51 PM] GET /Aosomi 
[12/29/2025, 12:23:53 PM] GET /product/6952103878fe8886f673cc2b 
[12/29/2025, 12:23:56 PM] POST /add-to-cart 
[12/29/2025, 12:23:57 PM] GET /Phukien 
[12/29/2025, 12:23:58 PM] GET /product/6952103878fe8886f673cc4d 
[12/29/2025, 12:24:00 PM] POST /add-to-cart 
[12/29/2025, 12:24:03 PM] GET /cart 
[12/29/2025, 12:24:14 PM] POST /update-cart 
[12/29/2025, 12:24:14 PM] GET /cart 
[12/29/2025, 12:24:22 PM] POST /remove-from-cart 
[12/29/2025, 12:24:22 PM] GET /cart 
[12/29/2025, 12:24:36 PM] POST /place-order 
[12/29/2025, 12:24:38 PM] GET /order 
[12/29/2025, 12:24:41 PM] GET /cart 
[12/29/2025, 12:24:49 PM] GET / 
[12/29/2025, 12:24:51 PM] GET /product/6952103878fe8886f673cc07 
[12/29/2025, 12:24:57 PM] GET / 
[12/29/2025, 12:25:03 PM] GET /Aosomi 
[12/29/2025, 12:25:05 PM] GET /Aodai 
[12/29/2025, 12:25:06 PM] GET /Phukien 
[12/29/2025, 12:25:07 PM] GET /Quan 
[12/29/2025, 12:25:09 PM] GET /cart 
[12/29/2025, 12:28:22 PM] GET /cart 
[12/29/2025, 12:28:22 PM] GET /login 
[12/29/2025, 12:28:24 PM] GET /login 
[12/29/2025, 12:28:31 PM] POST /login 
[12/29/2025, 12:28:32 PM] GET / 
[12/29/2025, 12:28:36 PM] GET /product/6952103878fe8886f673cc2f 
[12/29/2025, 12:28:41 PM] POST /add-to-cart 
[12/29/2025, 12:28:45 PM] POST /add-to-cart 
[12/29/2025, 12:28:48 PM] POST /add-to-cart 
[12/29/2025, 12:28:49 PM] GET /cart 
[12/29/2025, 12:28:56 PM] POST /remove-from-cart 
[12/29/2025, 12:28:57 PM] GET /cart 
[12/29/2025, 12:29:01 PM] POST /update-cart 
[12/29/2025, 12:29:01 PM] GET /cart 
[12/29/2025, 12:29:10 PM] POST /place-order 
[12/29/2025, 12:29:12 PM] GET /order 
[12/29/2025, 12:29:17 PM] GET / 
[12/29/2025, 12:29:24 PM] GET /Vest 
[12/29/2025, 12:29:28 PM] GET /Quan 
[12/29/2025, 12:29:29 PM] GET /Aosomi 
[12/29/2025, 12:29:30 PM] GET /Aodai 
[12/29/2025, 12:29:31 PM] GET /Phukien 
[12/29/2025, 12:34:13 PM] GET /?zarsrc=30&utm_source=zalo&utm_medium=zalo&utm_campaign=zalo 
[12/29/2025, 12:34:14 PM] GET /favicon.ico 
[12/29/2025, 12:34:14 PM] GET /?zarsrc=30&utm_source=zalo&utm_medium=zalo&utm_campaign=zalo 
[12/29/2025, 12:34:16 PM] GET /?zarsrc=30&utm_source=zalo&utm_medium=zalo&utm_campaign=zalo 
[12/29/2025, 12:34:16 PM] GET /favicon.ico 
[12/29/2025, 12:34:21 PM] GET /Vest 
[12/29/2025, 12:34:24 PM] GET / 
[12/29/2025, 12:34:33 PM] GET /login 
[12/29/2025, 12:34:51 PM] POST /login 
[12/29/2025, 12:34:52 PM] GET / 
[12/29/2025, 12:34:55 PM] GET /product/6952103878fe8886f673cc03 
[12/29/2025, 12:35:00 PM] POST /add-to-cart 
[12/29/2025, 12:35:05 PM] GET / 
[12/29/2025, 12:35:07 PM] GET /Aosomi 
[12/29/2025, 12:35:08 PM] GET /Quan 
[12/29/2025, 12:35:09 PM] GET /Aodai 
[12/29/2025, 12:35:10 PM] GET /product/6952103878fe8886f673cc37 
[12/29/2025, 12:35:34 PM] GET /order 
[12/29/2025, 12:35:45 PM] GET /logout 
[12/29/2025, 12:35:46 PM] GET / 
[12/29/2025, 12:36:29 PM] GET /product/6952103878fe8886f673cc4b 
[12/29/2025, 12:36:34 PM] GET /Phukien 
[12/29/2025, 12:37:12 PM] GET /login 
[12/29/2025, 12:37:21 PM] POST /login 
[12/29/2025, 12:37:21 PM] GET / 
[12/29/2025, 12:37:24 PM] GET /product/6952103878fe8886f673cc05 
[12/29/2025, 12:41:00 PM] GET /?zarsrc=30&utm_source=zalo&utm_medium=zalo&utm_campaign=zalo 
[12/29/2025, 12:41:01 PM] GET /favicon.ico 
[12/29/2025, 12:41:04 PM] GET /?zarsrc=30&utm_source=zalo&utm_medium=zalo&utm_campaign=zalo 
[12/29/2025, 12:41:05 PM] GET /favicon.ico 
[12/29/2025, 12:41:11 PM] GET /product/6952103878fe8886f673cc4d 
[12/29/2025, 12:42:36 PM] GET /?zarsrc=30&utm_source=zalo&utm_medium=zalo&utm_campaign=zalo 
[12/29/2025, 12:42:37 PM] GET /favicon.ico 
[12/29/2025, 12:42:47 PM] GET /cart 
[12/29/2025, 12:42:47 PM] GET /login 
[12/29/2025, 12:43:14 PM] POST /login 
[12/29/2025, 12:43:15 PM] GET / 
[12/29/2025, 12:43:19 PM] GET /order 
[12/29/2025, 12:43:31 PM] GET /cart 
[12/29/2025, 12:43:51 PM] POST /remove-from-cart 
[12/29/2025, 12:43:52 PM] GET /cart 
[12/29/2025, 12:43:55 PM] POST /remove-from-cart 
[12/29/2025, 12:43:55 PM] GET /cart 
[12/29/2025, 12:43:57 PM] POST /update-cart 
[12/29/2025, 12:43:57 PM] GET /cart 
[12/29/2025, 12:43:59 PM] POST /update-cart 
[12/29/2025, 12:43:59 PM] GET /cart 
[12/29/2025, 12:44:01 PM] GET / 
[12/29/2025, 12:44:02 PM] GET /product/6952103878fe8886f673cc03 
[12/29/2025, 12:44:05 PM] POST /add-to-cart 
[12/29/2025, 12:44:11 PM] GET /cart 
[12/29/2025, 1:06:39 PM] GET / 
[12/29/2025, 1:06:40 PM] GET /favicon.ico 
[12/29/2025, 1:06:54 PM] GET / 
[12/29/2025, 1:06:55 PM] GET /favicon.ico 
[12/29/2025, 1:07:13 PM] GET /product/6952103878fe8886f673cc4f 
[12/29/2025, 1:07:28 PM] GET /order 
[12/29/2025, 1:07:29 PM] GET /login 
[12/29/2025, 1:07:31 PM] GET /register 
[12/29/2025, 1:07:34 PM] GET /login 
[12/29/2025, 1:07:35 PM] GET /Doimatkhau 
[12/29/2025, 1:07:44 PM] GET /login 
[12/29/2025, 1:07:46 PM] GET / 
[12/29/2025, 1:08:25 PM] GET /product/6952103878fe8886f673cc03 
[12/29/2025, 1:11:22 PM] GET / 
[12/29/2025, 1:11:22 PM] GET /favicon.ico 
[12/29/2025, 1:11:31 PM] GET /product/6952103878fe8886f673cc47 
[12/29/2025, 1:11:49 PM] GET /Aosomi 
[12/29/2025, 1:11:51 PM] GET /product/6952103878fe8886f673cc27 
[12/29/2025, 1:11:53 PM] GET /Aosomi 
[12/29/2025, 1:11:56 PM] GET /Aodai 
[12/29/2025, 1:11:58 PM] GET /Phukien 
[12/29/2025, 1:12:07 PM] GET /Quan 
[12/29/2025, 1:12:08 PM] GET /Vest 
[12/29/2025, 1:12:27 PM] GET / 
[12/29/2025, 1:12:27 PM] GET /favicon.ico 
[12/29/2025, 1:12:30 PM] GET / 
[12/29/2025, 1:12:40 PM] GET /Vest 
[12/29/2025, 1:12:42 PM] GET /Aosomi 
[12/29/2025, 1:12:43 PM] GET /Aodai 
[12/29/2025, 1:12:44 PM] GET /Phukien 
[12/29/2025, 1:12:45 PM] GET /order 
[12/29/2025, 1:12:46 PM] GET /login 
[12/29/2025, 1:12:46 PM] GET /cart 
[12/29/2025, 1:12:47 PM] GET /login 
[12/29/2025, 1:13:19 PM] GET / 
[12/29/2025, 1:13:22 PM] GET /product/6952103878fe8886f673cc07 
[12/29/2025, 1:13:28 PM] GET /Aosomi 
[12/29/2025, 1:13:29 PM] GET /product/6952103878fe8886f673cc23 
[12/29/2025, 1:13:37 PM] GET /product/6952103878fe8886f673cc23 
[12/29/2025, 1:14:15 PM] GET /product/6952103878fe8886f673cc23 
[12/29/2025, 1:14:28 PM] GET /Vest 
[12/29/2025, 1:14:29 PM] GET /Quan 
[12/29/2025, 1:14:30 PM] GET / 
[12/29/2025, 1:16:50 PM] GET / 
[12/29/2025, 1:18:03 PM] GET / 
[12/29/2025, 1:18:05 PM] GET / 
[12/29/2025, 1:18:05 PM] GET / 
[12/29/2025, 1:18:06 PM] GET / 
[12/29/2025, 1:21:11 PM] GET / 
[12/29/2025, 1:21:15 PM] GET / 
[12/29/2025, 1:21:18 PM] GET /Aosomi 
[12/29/2025, 1:21:20 PM] GET /login 
[12/29/2025, 1:21:21 PM] GET /cart 
[12/29/2025, 1:21:21 PM] GET /login 
[12/29/2025, 1:21:23 PM] GET / 
[12/29/2025, 1:21:59 PM] GET /cart 
[12/29/2025, 1:21:59 PM] GET /login 
[12/29/2025, 1:22:01 PM] GET / 
[12/29/2025, 1:23:10 PM] GET / 
[12/29/2025, 1:23:11 PM] GET /favicon.ico 
[12/29/2025, 1:23:17 PM] GET / 
[12/29/2025, 1:23:25 PM] GET /product/6952103878fe8886f673cc4f 
[12/29/2025, 1:23:32 PM] GET / 
[12/29/2025, 1:23:34 PM] GET / 
[12/29/2025, 1:23:38 PM] GET /Quan 
[12/29/2025, 1:23:42 PM] GET / 
[12/29/2025, 1:23:55 PM] GET /product/6952103878fe8886f673cc01 
[12/29/2025, 1:26:49 PM] GET / 
[12/29/2025, 1:27:51 PM] GET / 
[12/29/2025, 1:28:03 PM] GET / 
[12/29/2025, 1:28:04 PM] GET /product/6952103878fe8886f673cc05 
[12/29/2025, 1:28:05 PM] GET / 
[12/29/2025, 1:28:07 PM] GET /product/6952103878fe8886f673cc05 
[12/29/2025, 1:28:11 PM] GET / 
[12/29/2025, 1:28:13 PM] GET /product/6952103878fe8886f673cc05 
[12/29/2025, 1:28:15 PM] GET / 
[12/29/2025, 1:32:21 PM] GET / 
[12/29/2025, 1:32:34 PM] GET / 
[12/29/2025, 1:32:40 PM] GET /product/6952103878fe8886f673cc47 
[12/29/2025, 1:32:48 PM] GET / 
[12/29/2025, 1:32:54 PM] GET /login 
[12/29/2025, 1:33:10 PM] GET /login 
[12/29/2025, 1:33:17 PM] GET /cart 
[12/29/2025, 1:33:17 PM] GET /login 
[12/29/2025, 1:33:23 PM] GET / 
[12/29/2025, 1:33:59 PM] GET / 
[12/29/2025, 1:34:00 PM] GET /favicon.ico 
[12/29/2025, 1:34:03 PM] GET /Vest 
[12/29/2025, 1:34:07 PM] GET / 
[12/29/2025, 1:34:12 PM] GET / 
[12/29/2025, 1:35:04 PM] GET / 
[12/29/2025, 1:35:06 PM] GET / 
[12/29/2025, 1:35:07 PM] GET / 
[12/29/2025, 1:35:07 PM] GET / 
[12/29/2025, 1:35:08 PM] GET / 
[12/29/2025, 1:35:13 PM] GET / 
[12/29/2025, 1:35:14 PM] GET /Vest 
[12/29/2025, 1:35:20 PM] GET / 
[12/29/2025, 1:35:21 PM] GET /Quan 
[12/29/2025, 1:35:26 PM] GET / 
[12/29/2025, 1:35:32 PM] GET /Vest 
[12/29/2025, 1:35:36 PM] GET / 
[12/29/2025, 1:35:46 PM] GET /Vest 
[12/29/2025, 1:35:52 PM] GET /Vest 
[12/29/2025, 1:35:54 PM] GET /Vest 
[12/29/2025, 1:35:56 PM] GET /Vest 
[12/29/2025, 1:36:04 PM] GET / 
[12/29/2025, 1:39:07 PM] GET / 
[12/29/2025, 1:39:12 PM] GET / 
[12/29/2025, 1:40:34 PM] GET / 
[12/29/2025, 1:40:56 PM] GET / 
[12/29/2025, 1:41:00 PM] GET / 
[12/29/2025, 1:41:06 PM] GET /product/6952103878fe8886f673cc4f 
[12/29/2025, 1:41:11 PM] GET / 
[12/29/2025, 1:41:12 PM] GET /cart 
[12/29/2025, 1:41:13 PM] GET /login 
[12/29/2025, 1:42:00 PM] GET / 
[12/29/2025, 1:43:38 PM] GET / 
[12/29/2025, 1:44:04 PM] GET / 
[12/29/2025, 1:44:07 PM] GET /Vest 
[12/29/2025, 1:44:09 PM] GET / 
[12/29/2025, 1:44:14 PM] GET / 
[12/29/2025, 1:45:00 PM] GET / 
[12/29/2025, 1:45:03 PM] GET / 
[12/29/2025, 1:45:05 PM] GET / 
[12/29/2025, 1:45:15 PM] GET /favicon.ico 
[12/29/2025, 1:45:22 PM] GET / 
[12/29/2025, 1:46:12 PM] GET / 
[12/29/2025, 1:46:15 PM] GET / 
[12/29/2025, 1:46:17 PM] GET / 
[12/29/2025, 1:46:22 PM] GET / 
[12/29/2025, 1:46:26 PM] GET / 
[12/29/2025, 1:46:27 PM] GET /Vest 
[12/29/2025, 1:46:35 PM] GET /product/6952103878fe8886f673cc05 
[12/29/2025, 1:46:38 PM] GET /Aosomi 
[12/29/2025, 1:46:39 PM] GET /login 
[12/29/2025, 1:46:40 PM] GET /Phukien 
[12/29/2025, 1:46:43 PM] GET /Phukien 
[12/29/2025, 1:46:45 PM] GET / 
[12/29/2025, 1:53:47 PM] GET / 
[12/29/2025, 1:53:51 PM] GET / 
[12/29/2025, 1:53:52 PM] GET /product/6952103878fe8886f673cc01 
[12/29/2025, 1:53:56 PM] GET /login 
[12/29/2025, 1:54:04 PM] GET / 
[12/29/2025, 1:54:06 PM] GET / 
[12/29/2025, 1:54:08 PM] GET / 
[12/29/2025, 1:54:14 PM] GET /login 
[12/29/2025, 1:54:21 PM] GET /cart 
[12/29/2025, 1:54:21 PM] GET /login 
[12/29/2025, 1:55:18 PM] GET / 
[12/29/2025, 1:55:35 PM] GET / 
[12/29/2025, 1:55:40 PM] GET / 
[12/29/2025, 1:56:48 PM] GET / 
[12/29/2025, 1:56:50 PM] GET / 
[12/29/2025, 1:56:51 PM] GET / 
[12/29/2025, 1:56:51 PM] GET / 
[12/29/2025, 1:56:51 PM] GET / 
[12/29/2025, 1:56:52 PM] GET / 
[12/29/2025, 1:57:38 PM] GET / 
[12/29/2025, 1:58:08 PM] GET / 
[12/29/2025, 1:58:38 PM] GET / 
[12/29/2025, 1:58:40 PM] GET / 
[12/29/2025, 1:58:44 PM] GET / 
[12/29/2025, 1:59:39 PM] GET / 
[12/29/2025, 2:01:33 PM] GET / 
[12/29/2025, 2:01:41 PM] GET / 
[12/29/2025, 2:02:54 PM] GET / 
[12/29/2025, 2:04:49 PM] GET / 
[12/29/2025, 2:04:52 PM] GET / 
[12/29/2025, 2:06:24 PM] GET / 
[12/29/2025, 2:11:16 PM] GET / 
[12/29/2025, 2:11:18 PM] GET / 
[12/29/2025, 2:11:59 PM] GET / 
[12/29/2025, 2:12:43 PM] GET / 
[12/29/2025, 2:12:59 PM] GET / 
[12/29/2025, 2:13:32 PM] GET / 
[12/29/2025, 2:13:33 PM] GET / 
[12/29/2025, 2:13:34 PM] GET / 
[12/29/2025, 2:13:34 PM] GET / 
[12/29/2025, 2:14:29 PM] GET /Quan 
[12/29/2025, 2:14:36 PM] GET /Vest 
[12/29/2025, 2:14:37 PM] GET /Aosomi 
[12/29/2025, 2:14:39 PM] GET /Aodai 
[12/29/2025, 2:14:40 PM] GET /Phukien 
[12/29/2025, 2:14:41 PM] GET /product/6952103878fe8886f673cc4b 
[12/29/2025, 2:14:42 PM] POST /add-to-cart 
[12/29/2025, 2:14:46 PM] GET / 
[12/29/2025, 5:23:35 PM] GET / 
[12/29/2025, 5:23:39 PM] GET /Vest 
[12/29/2025, 5:23:40 PM] GET /Quan 
[12/29/2025, 5:23:41 PM] GET /Aosomi 
[12/29/2025, 5:23:43 PM] GET /Aodai 
[12/29/2025, 5:23:44 PM] GET /Phukien 
[12/29/2025, 5:23:47 PM] GET / 
[12/29/2025, 5:23:52 PM] GET / 
[12/29/2025, 5:23:54 PM] GET /Vest 
[12/29/2025, 5:23:55 PM] GET / 
[12/29/2025, 5:23:56 PM] GET / 
[12/29/2025, 5:23:57 PM] GET / 
[12/29/2025, 5:23:57 PM] GET / 
[12/29/2025, 5:24:00 PM] GET /product/6952103878fe8886f673cc4f 
[12/29/2025, 5:24:08 PM] POST /add-to-cart 
[12/29/2025, 5:24:12 PM] GET /Vest 
[12/29/2025, 5:24:13 PM] GET /product/6952103878fe8886f673cc05 
[12/29/2025, 5:24:21 PM] GET /register 
[12/29/2025, 5:24:22 PM] GET /login 
[12/29/2025, 5:26:47 PM] GET / 
[12/29/2025, 5:26:51 PM] GET /login 
[12/29/2025, 5:26:53 PM] GET / 
[12/29/2025, 5:28:37 PM] GET / 
[12/29/2025, 5:29:13 PM] GET / 
[12/29/2025, 5:29:39 PM] GET /Vest 
[12/29/2025, 5:29:41 PM] GET /Aodai 
[12/29/2025, 5:29:45 PM] GET / 
[12/29/2025, 5:31:12 PM] GET / 
[12/29/2025, 5:44:02 PM] GET / 
[12/29/2025, 5:44:24 PM] GET /register 
[12/29/2025, 5:44:26 PM] GET /login 
[12/29/2025, 5:44:27 PM] GET / 
[12/29/2025, 5:44:35 PM] GET /Quan 
[12/29/2025, 5:44:37 PM] GET /Phukien 
[12/29/2025, 5:44:56 PM] GET / 
[12/29/2025, 5:45:10 PM] GET / 
[12/29/2025, 5:45:11 PM] GET / 
[12/29/2025, 5:45:11 PM] GET / 
[12/29/2025, 5:45:12 PM] GET / 
[12/29/2025, 5:45:13 PM] GET /product/6952103878fe8886f673cc01 
[12/29/2025, 5:49:47 PM] GET /product/6952103878fe8886f673cc01 
[12/29/2025, 5:49:49 PM] GET / 
[12/29/2025, 5:51:23 PM] GET / 
[12/29/2025, 5:51:29 PM] GET /Vest 
[12/29/2025, 5:51:32 PM] GET / 
[12/29/2025, 6:02:24 PM] GET / 
[12/29/2025, 6:02:26 PM] GET /product/6952103878fe8886f673cc05 
[12/29/2025, 6:02:29 PM] GET /product/6952103878fe8886f673cc09 
[12/29/2025, 6:02:32 PM] GET /Vest 
[12/29/2025, 6:02:34 PM] GET /product/6952103878fe8886f673cc05 
[12/29/2025, 6:03:26 PM] POST /add-to-cart 
[12/29/2025, 6:03:29 PM] GET / 
[12/29/2025, 6:03:47 PM] GET /Vest 
[12/29/2025, 6:03:49 PM] GET /product/6952103878fe8886f673cc05 
[12/29/2025, 6:03:52 PM] GET / 
[12/29/2025, 6:03:58 PM] GET /.well-known/appspecific/com.chrome.devtools.json 
[12/29/2025, 6:04:04 PM] GET /.well-known/appspecific/com.chrome.devtools.json 
[12/29/2025, 6:07:00 PM] GET /Vest 
[12/29/2025, 6:07:32 PM] GET / 
[12/29/2025, 6:07:45 PM] GET / 
[12/29/2025, 6:07:53 PM] GET / 
[12/29/2025, 6:09:26 PM] GET /login 
[12/29/2025, 6:09:34 PM] POST /login 
[12/29/2025, 6:09:34 PM] GET / 
[12/29/2025, 6:09:41 PM] GET /cart 
[12/29/2025, 6:09:46 PM] POST /update-cart 
[12/29/2025, 6:09:46 PM] GET /cart 
[12/29/2025, 6:09:47 PM] POST /update-cart 
[12/29/2025, 6:09:48 PM] GET /cart 
[12/29/2025, 6:09:56 PM] POST /update-cart 
[12/29/2025, 6:09:56 PM] GET /cart 
[12/29/2025, 6:10:08 PM] POST /place-order 
[12/29/2025, 6:10:10 PM] GET /order 
[12/29/2025, 6:10:23 PM] GET /cart 
[12/29/2025, 6:10:25 PM] GET / 
[12/29/2025, 6:11:09 PM] GET / 
[12/29/2025, 6:11:10 PM] GET / 
[12/29/2025, 6:11:11 PM] GET / 
[12/29/2025, 6:11:13 PM] GET / 
[12/29/2025, 6:11:14 PM] GET / 
[12/29/2025, 6:11:15 PM] GET / 
[12/29/2025, 6:11:16 PM] GET / 
[12/29/2025, 6:12:04 PM] GET / 
[12/29/2025, 6:12:21 PM] GET / 
[12/29/2025, 6:12:22 PM] GET / 
[12/29/2025, 6:12:22 PM] GET / 
[12/29/2025, 6:12:23 PM] GET / 
[12/29/2025, 6:12:24 PM] GET / 
[12/29/2025, 6:12:24 PM] GET / 
[12/29/2025, 6:12:25 PM] GET / 
[12/29/2025, 6:13:01 PM] GET / 
[12/29/2025, 6:13:04 PM] GET / 
[12/29/2025, 6:13:06 PM] GET / 
[12/29/2025, 6:13:09 PM] GET / 
[12/29/2025, 6:13:12 PM] GET /login 
[12/29/2025, 6:13:14 PM] GET /Doimatkhau 
[12/29/2025, 6:13:20 PM] POST /get-otp 
[12/29/2025, 6:15:35 PM] POST /Doimatkhau 
[12/29/2025, 6:15:40 PM] GET /Doimatkhau 
[12/29/2025, 6:15:49 PM] POST /Doimatkhau 
[12/29/2025, 6:15:53 PM] GET /Doimatkhau 
[12/29/2025, 6:15:56 PM] GET /login 
[12/29/2025, 6:16:03 PM] POST /login 
[12/29/2025, 6:16:03 PM] GET / 
[12/29/2025, 6:16:09 PM] GET /product/6952103878fe8886f673cc1b 
[12/29/2025, 6:16:13 PM] POST /add-to-cart 
[12/29/2025, 6:16:21 PM] GET /Vest 
[12/29/2025, 6:16:22 PM] GET /product/6952103878fe8886f673cc05 
[12/29/2025, 6:16:24 PM] POST /add-to-cart 
[12/29/2025, 6:16:28 PM] GET /Vest 
[12/29/2025, 6:16:30 PM] GET /product/6952103878fe8886f673cc03 
[12/29/2025, 6:16:54 PM] POST /add-to-cart 
[12/29/2025, 6:19:01 PM] GET / 
[12/29/2025, 6:19:03 PM] GET /Quan 
[12/29/2025, 6:21:28 PM] GET /Quan 
[12/29/2025, 6:21:30 PM] GET /login 
[12/29/2025, 6:21:32 PM] GET /register 
[12/29/2025, 6:21:51 PM] POST /register 
[12/29/2025, 6:21:51 PM] GET /login 
[12/29/2025, 6:22:04 PM] POST /login 
[12/29/2025, 6:22:04 PM] GET / 
[12/29/2025, 6:22:17 PM] GET /Quan 
[12/29/2025, 6:22:18 PM] GET /product/6952103878fe8886f673cc0f 
[12/29/2025, 6:22:21 PM] POST /add-to-cart 
[12/29/2025, 6:22:26 PM] POST /add-to-cart 
[12/29/2025, 6:22:49 PM] POST /add-to-cart 
[12/29/2025, 6:22:52 PM] GET / 
[12/29/2025, 6:22:54 PM] GET /product/6952103878fe8886f673cc09 
[12/29/2025, 6:22:56 PM] POST /add-to-cart 
[12/29/2025, 6:28:16 PM] GET /.well-known/appspecific/com.chrome.devtools.json 
[12/29/2025, 6:28:36 PM] GET /.well-known/appspecific/com.chrome.devtools.json 
[12/29/2025, 6:28:36 PM] GET /.well-known/appspecific/com.chrome.devtools.json 
[12/29/2025, 6:28:38 PM] GET /product/6952103878fe8886f673cc01 
[12/29/2025, 6:28:38 PM] GET /.well-known/appspecific/com.chrome.devtools.json 
[12/29/2025, 6:28:42 PM] GET / 
[12/29/2025, 6:28:42 PM] GET /.well-known/appspecific/com.chrome.devtools.json 
[12/29/2025, 6:28:46 PM] GET /Quan 
[12/29/2025, 6:28:46 PM] GET /.well-known/appspecific/com.chrome.devtools.json 
[12/29/2025, 6:28:47 PM] GET /product/6952103878fe8886f673cc0b 
[12/29/2025, 6:28:48 PM] GET /.well-known/appspecific/com.chrome.devtools.json 
[12/29/2025, 6:28:54 PM] POST /add-to-cart 
[12/29/2025, 6:28:58 PM] GET /.well-known/appspecific/com.chrome.devtools.json 
[12/29/2025, 6:29:01 PM] GET /product/6952103878fe8886f673cc0b 
[12/29/2025, 6:29:02 PM] GET /.well-known/appspecific/com.chrome.devtools.json 
[12/29/2025, 6:32:02 PM] GET /product/6952103878fe8886f673cc0b 
[12/29/2025, 6:32:03 PM] GET /login 
[12/29/2025, 6:32:21 PM] POST /login 
[12/29/2025, 6:32:21 PM] GET / 
[12/29/2025, 6:32:23 PM] GET /cart 
[12/29/2025, 6:32:27 PM] POST /update-cart 
[12/29/2025, 6:32:27 PM] GET /cart 
[12/29/2025, 6:32:29 PM] POST /update-cart 
[12/29/2025, 6:32:29 PM] GET /cart 
[12/29/2025, 6:32:31 PM] POST /update-cart 
[12/29/2025, 6:32:31 PM] GET /cart 
[12/29/2025, 6:32:32 PM] POST /update-cart 
[12/29/2025, 6:32:32 PM] GET /cart 
[12/29/2025, 6:32:38 PM] POST /place-order 
[12/29/2025, 6:32:48 PM] POST /update-cart 
[12/29/2025, 6:32:49 PM] POST /update-cart 
[12/29/2025, 6:32:49 PM] GET /cart 
[12/29/2025, 6:32:49 PM] POST /update-cart 
[12/29/2025, 6:32:49 PM] GET /cart 
[12/29/2025, 6:32:49 PM] GET /cart 
[12/29/2025, 6:32:49 PM] POST /update-cart 
[12/29/2025, 6:32:49 PM] POST /update-cart 
[12/29/2025, 6:32:50 PM] POST /update-cart 
[12/29/2025, 6:32:50 PM] GET /cart 
[12/29/2025, 6:32:51 PM] POST /update-cart 
[12/29/2025, 6:32:51 PM] GET /cart 
[12/29/2025, 6:32:51 PM] POST /update-cart 
[12/29/2025, 6:32:59 PM] POST /place-order 
[12/29/2025, 6:33:01 PM] GET /order 
[12/29/2025, 6:33:06 PM] GET / 
[12/29/2025, 6:33:11 PM] GET /Phukien 
[12/29/2025, 6:33:12 PM] GET /product/6952103878fe8886f673cc4d 
[12/29/2025, 6:33:14 PM] POST /add-to-cart 
[12/29/2025, 6:33:17 PM] GET /Quan 
[12/29/2025, 6:33:18 PM] GET /product/6952103878fe8886f673cc0f 
[12/29/2025, 6:33:20 PM] POST /add-to-cart 
[12/29/2025, 6:33:29 PM] GET /cart 
[12/29/2025, 6:33:32 PM] POST /remove-from-cart 
[12/29/2025, 6:33:33 PM] GET /cart 
[12/29/2025, 6:33:37 PM] POST /remove-from-cart 
[12/29/2025, 6:33:37 PM] GET /cart 
[12/29/2025, 6:33:40 PM] POST /update-cart 
[12/29/2025, 6:33:40 PM] GET /cart 
[12/29/2025, 6:36:07 PM] GET /cart 
[12/29/2025, 6:36:07 PM] GET /login 
[12/29/2025, 6:36:14 PM] POST /login 
[12/29/2025, 6:36:15 PM] GET / 
[12/29/2025, 6:36:16 PM] GET /cart 
[12/29/2025, 6:36:19 PM] POST /update-cart 
[12/29/2025, 6:36:22 PM] POST /update-cart 
[12/29/2025, 6:36:22 PM] POST /update-cart 
[12/29/2025, 6:36:23 PM] POST /update-cart 
[12/29/2025, 6:36:23 PM] POST /update-cart 
[12/29/2025, 6:36:25 PM] POST /remove-from-cart 
[12/29/2025, 6:36:25 PM] GET /cart 
[12/29/2025, 6:36:30 PM] POST /update-cart 
[12/29/2025, 6:36:32 PM] POST /place-order 
[12/29/2025, 6:36:36 PM] GET /order 
[12/29/2025, 6:38:13 PM] GET /order 
[12/29/2025, 6:38:13 PM] GET /login 
[12/29/2025, 6:38:22 PM] POST /login 
[12/29/2025, 6:38:25 PM] GET /login 
[12/29/2025, 6:38:30 PM] POST /login 
[12/29/2025, 6:38:30 PM] GET / 
[12/29/2025, 6:38:32 PM] GET /cart 
[12/29/2025, 6:38:35 PM] POST /remove-from-cart 
[12/29/2025, 6:38:36 PM] GET /cart 
[12/29/2025, 6:38:39 PM] POST /update-cart 
[12/29/2025, 6:38:39 PM] GET /cart 
[12/29/2025, 6:38:40 PM] POST /update-cart 
[12/29/2025, 6:38:40 PM] GET /cart 
[12/29/2025, 6:38:42 PM] POST /update-cart 
[12/29/2025, 6:38:42 PM] GET /cart 
[12/29/2025, 6:38:47 PM] POST /place-order 
[12/29/2025, 6:38:50 PM] GET /order 
[12/29/2025, 6:43:37 PM] GET /order 
[12/29/2025, 6:43:38 PM] GET /order 
[12/29/2025, 6:43:59 PM] GET /cart 
[12/29/2025, 6:44:02 PM] GET /order 
[12/29/2025, 6:55:32 PM] GET /Vest 
[12/29/2025, 6:55:34 PM] GET /login 
[12/29/2025, 6:56:18 PM] POST /login 
[12/29/2025, 7:01:42 PM] POST /login 
[12/29/2025, 7:01:44 PM] GET /login 
[12/29/2025, 7:01:59 PM] POST /login 
[12/29/2025, 7:02:02 PM] GET /login 
[12/29/2025, 7:02:16 PM] POST /login 
[12/29/2025, 7:03:02 PM] GET /login 
[12/29/2025, 7:03:09 PM] POST /login 
[12/29/2025, 7:03:12 PM] GET /login 
[12/29/2025, 7:07:13 PM] POST /login 
[12/29/2025, 7:07:13 PM] GET /admin 
[12/29/2025, 7:08:04 PM] POST /login 
[12/29/2025, 7:08:04 PM] GET /admin 
[12/29/2025, 7:13:24 PM] GET /admin 
[12/29/2025, 7:13:25 PM] GET /login 
[12/29/2025, 7:13:30 PM] POST /login 
[12/29/2025, 7:13:30 PM] GET /admin 
[12/29/2025, 7:14:48 PM] POST /login 
[12/29/2025, 7:14:48 PM] GET /admin 
[12/29/2025, 7:15:11 PM] POST /admin/users/toggle-lock/695140217edb9135dbfea5d1 
[12/29/2025, 7:15:15 PM] POST /admin/users/toggle-lock/6952644f0002f664f6bbb774 
[12/29/2025, 7:15:20 PM] GET /admin/products 
[12/29/2025, 7:15:29 PM] GET /BinStudio.html 
[12/29/2025, 8:44:06 PM] GET / 
[12/29/2025, 8:44:08 PM] GET /login 
[12/29/2025, 8:44:14 PM] POST /login 
[12/29/2025, 8:44:15 PM] GET /admin 
[12/29/2025, 8:53:51 PM] GET /admin 
[12/29/2025, 8:53:55 PM] GET /login 
[12/29/2025, 8:53:58 PM] GET /Vest 
[12/29/2025, 8:54:00 PM] GET / 
[12/29/2025, 8:54:04 PM] GET /login 
[12/29/2025, 8:54:12 PM] POST /login 
[12/29/2025, 8:54:12 PM] GET /admin 
[12/29/2025, 8:57:01 PM] POST /login 
[12/29/2025, 8:57:01 PM] GET /admin 
[12/29/2025, 8:59:16 PM] GET /login 
[12/29/2025, 8:59:17 PM] POST /login 
[12/29/2025, 8:59:20 PM] GET /login 
[12/29/2025, 8:59:24 PM] POST /login 
[12/29/2025, 8:59:24 PM] GET /admin 
[12/29/2025, 10:12:43 PM] GET /admin 
[12/29/2025, 10:12:45 PM] GET /login 
[12/29/2025, 10:12:50 PM] POST /login 
[12/29/2025, 10:12:50 PM] GET /admin 
[12/29/2025, 10:17:52 PM] POST /login 
[12/29/2025, 10:17:52 PM] GET /admin 
[12/29/2025, 10:18:00 PM] GET /admin/products 
[12/29/2025, 10:18:00 PM] GET /css/admin-style.css 
[12/29/2025, 10:18:08 PM] GET /admin/edit-product/6952103878fe8886f673cc27 
[12/29/2025, 10:18:10 PM] POST /admin/toggle-product/6952103878fe8886f673cc27 
[12/29/2025, 10:18:10 PM] GET /admin/products 
[12/29/2025, 10:18:11 PM] GET /css/admin-style.css 
[12/29/2025, 10:18:13 PM] POST /admin/toggle-product/6952103878fe8886f673cc27 
[12/29/2025, 10:18:13 PM] GET /admin/products 
[12/29/2025, 10:18:13 PM] GET /css/admin-style.css 
[12/29/2025, 10:18:20 PM] GET / 
[12/29/2025, 10:18:25 PM] GET /logout 
[12/29/2025, 10:18:25 PM] GET / 
[12/29/2025, 10:18:28 PM] GET /login 
[12/29/2025, 10:18:38 PM] POST /login 
[12/29/2025, 10:18:38 PM] GET / 
[12/29/2025, 10:18:40 PM] GET /Vest 
[12/29/2025, 10:19:00 PM] POST /admin/toggle-product/6952103878fe8886f673cc01 
[12/29/2025, 10:19:00 PM] GET /admin/products 
[12/29/2025, 10:19:00 PM] GET /css/admin-style.css 
[12/29/2025, 10:19:04 PM] GET /Vest 
[12/29/2025, 10:19:13 PM] POST /admin/toggle-product/6952103878fe8886f673cc01 
[12/29/2025, 10:19:13 PM] GET /admin/products 
[12/29/2025, 10:19:13 PM] GET /css/admin-style.css 
[12/29/2025, 10:19:17 PM] GET /Vest 
[12/29/2025, 10:19:23 PM] POST /admin/delete-product/6952103878fe8886f673cc47 
[12/29/2025, 10:19:23 PM] GET /admin/products?success=true 
[12/29/2025, 10:19:23 PM] GET /css/admin-style.css 
[12/29/2025, 10:19:28 PM] GET /Vest 
[12/29/2025, 10:19:30 PM] GET /Vest 
[12/29/2025, 10:19:31 PM] GET /Vest 
[12/29/2025, 10:19:32 PM] GET /Vest 
[12/29/2025, 10:19:32 PM] GET /Vest 
[12/29/2025, 10:20:19 PM] POST /admin/delete-product/6952103878fe8886f673cc01 
[12/29/2025, 10:20:19 PM] GET /admin/products?success=true 
[12/29/2025, 10:20:20 PM] GET /css/admin-style.css 
[12/29/2025, 10:20:25 PM] GET /Vest 
[12/29/2025, 10:20:31 PM] GET /admin/edit-product/6952103878fe8886f673cc03 
[12/29/2025, 10:20:35 PM] GET /admin/add-product 
[12/29/2025, 10:22:11 PM] GET /admin/add-product 
[12/29/2025, 10:23:04 PM] GET /admin/products?success=true 
[12/29/2025, 10:23:05 PM] GET /css/admin-style.css 
[12/29/2025, 10:23:08 PM] GET /admin/add-product 
[12/29/2025, 10:23:08 PM] GET /css/admin-style.css 
[12/29/2025, 10:23:55 PM] POST /admin/add-product 
[12/29/2025, 10:31:33 PM] GET /Vest 
[12/29/2025, 10:31:34 PM] GET /login 
[12/29/2025, 10:31:42 PM] POST /login 
[12/29/2025, 10:31:42 PM] GET / 
[12/29/2025, 10:32:01 PM] GET /login 
[12/29/2025, 10:32:08 PM] POST /login 
[12/29/2025, 10:32:08 PM] GET /admin 
[12/29/2025, 10:32:15 PM] GET /admin/products 
[12/29/2025, 10:32:15 PM] GET /css/admin-style.css 
[12/29/2025, 10:32:18 PM] GET /admin 
[12/29/2025, 10:32:20 PM] GET /admin/products 
[12/29/2025, 10:32:20 PM] GET /css/admin-style.css 
[12/29/2025, 10:32:28 PM] GET /admin/add-product 
[12/29/2025, 10:32:28 PM] GET /css/admin-style.css 
[12/29/2025, 10:33:07 PM] POST /admin/add-product 
[12/29/2025, 10:37:18 PM] GET / 
[12/29/2025, 10:37:21 PM] GET /login 
[12/29/2025, 10:37:28 PM] POST /login 
[12/29/2025, 10:37:28 PM] GET / 
[12/29/2025, 10:37:33 PM] GET / 
[12/29/2025, 10:37:36 PM] GET /logout 
[12/29/2025, 10:37:36 PM] GET / 
[12/29/2025, 10:37:37 PM] GET /login 
[12/29/2025, 10:37:45 PM] POST /login 
[12/29/2025, 10:37:47 PM] GET /login 
[12/29/2025, 10:37:52 PM] POST /login 
[12/29/2025, 10:37:52 PM] GET /admin 
[12/29/2025, 10:37:57 PM] GET /admin/products 
[12/29/2025, 10:37:57 PM] GET /css/admin-style.css 
[12/29/2025, 10:37:59 PM] GET /admin 
[12/29/2025, 10:38:02 PM] GET /admin/products 
[12/29/2025, 10:38:02 PM] GET /css/admin-style.css 
[12/29/2025, 10:38:11 PM] GET /admin 
[12/29/2025, 10:38:55 PM] GET /admin/products 
[12/29/2025, 10:38:55 PM] GET /css/admin-style.css 
[12/29/2025, 10:38:59 PM] GET /admin/edit-product/6952103878fe8886f673cc27 
[12/29/2025, 10:39:37 PM] GET /admin/add-product 
[12/29/2025, 10:39:37 PM] GET /css/admin-style.css 
[12/29/2025, 10:40:00 PM] POST /admin/add-product 
[12/29/2025, 10:40:03 PM] GET /admin/products 
[12/29/2025, 10:40:03 PM] GET /css/admin-style.css 
[12/29/2025, 10:40:20 PM] GET /Vest 
[12/29/2025, 10:40:23 PM] GET /product/6952a0d353541cde43388467 
[12/29/2025, 10:40:37 PM] GET /product/6952103878fe8886f673cc07 
[12/29/2025, 10:40:41 PM] GET /product/6952a0d353541cde43388467 
[12/29/2025, 10:48:46 PM] GET /admin/products 
[12/29/2025, 10:48:46 PM] GET /css/admin-style.css 
[12/29/2025, 10:48:56 PM] GET /admin/edit-product/6952a0d353541cde43388467 
[12/29/2025, 10:49:53 PM] GET /admin/edit-product/6952103878fe8886f673cc2b 
[12/29/2025, 10:49:56 PM] GET /admin/add-product 
[12/29/2025, 10:49:56 PM] GET /css/admin-style.css 
[12/29/2025, 10:50:06 PM] GET /admin/products 
[12/29/2025, 10:50:06 PM] GET /css/admin-style.css 
[12/29/2025, 10:50:08 PM] GET /admin/add-product 
[12/29/2025, 10:50:08 PM] GET /css/admin-style.css 
[12/29/2025, 10:51:44 PM] GET / 
[12/29/2025, 10:51:49 PM] GET / 
[12/29/2025, 10:51:52 PM] GET /login 
[12/29/2025, 10:51:58 PM] POST /login 
[12/29/2025, 10:51:58 PM] GET /admin 
[12/29/2025, 10:52:01 PM] GET /login 
[12/29/2025, 10:52:07 PM] POST /login 
[12/29/2025, 10:52:07 PM] GET / 
[12/29/2025, 10:52:26 PM] GET /admin/products 
[12/29/2025, 10:52:26 PM] GET /css/admin-style.css 
[12/29/2025, 10:52:29 PM] GET /admin/edit-product/6952a0d353541cde43388467 
[12/29/2025, 10:52:29 PM] GET /css/admin-style.css 
[12/29/2025, 10:52:46 PM] POST /admin/edit-product/6952a0d353541cde43388467 
[12/29/2025, 10:53:19 PM] POST /admin/edit-product/6952a0d353541cde43388467 
[12/29/2025, 11:03:09 PM] GET /admin/products 
[12/29/2025, 11:03:10 PM] GET /css/admin-style.css 
[12/29/2025, 11:03:12 PM] GET /admin/edit-product/6952a0d353541cde43388467 
[12/29/2025, 11:03:13 PM] GET /css/admin-style.css 
[12/29/2025, 11:03:22 PM] POST /admin/edit-product/6952a0d353541cde43388467 
[12/29/2025, 11:03:32 PM] POST /admin/edit-product/6952a0d353541cde43388467 
[12/29/2025, 11:05:03 PM] GET /admin/products 
[12/29/2025, 11:05:04 PM] GET /css/admin-style.css 
[12/29/2025, 11:05:07 PM] GET /admin/edit-product/6952a0d353541cde43388467 
[12/29/2025, 11:05:07 PM] GET /css/admin-style.css 
[12/29/2025, 11:05:13 PM] POST /admin/edit-product/6952a0d353541cde43388467 
[12/29/2025, 11:05:31 PM] POST /admin/edit-product/6952a0d353541cde43388467 
[12/29/2025, 11:05:33 PM] GET /admin/products?success=true 
[12/29/2025, 11:05:33 PM] GET /css/admin-style.css 
[12/29/2025, 11:05:36 PM] GET /admin/edit-product/6952a0d353541cde43388467 
[12/29/2025, 11:05:36 PM] GET /css/admin-style.css 
[12/29/2025, 11:05:50 PM] POST /admin/edit-product/6952a0d353541cde43388467 
[12/29/2025, 11:05:51 PM] GET /admin/products?success=true 
[12/29/2025, 11:05:51 PM] GET /css/admin-style.css 
[12/29/2025, 11:06:00 PM] GET /Vest 
[12/29/2025, 11:06:02 PM] GET /product/6952a0d353541cde43388467 
[12/29/2025, 11:09:09 PM] POST /add-to-cart 
[12/29/2025, 11:09:21 PM] GET /admin/edit-product/6952103878fe8886f673cc2b 
[12/29/2025, 11:09:21 PM] GET /css/admin-style.css 
[12/29/2025, 11:09:30 PM] POST /admin/edit-product/6952103878fe8886f673cc2b 
[12/29/2025, 11:10:42 PM] GET /login 
[12/29/2025, 11:10:51 PM] POST /login 
[12/29/2025, 11:10:52 PM] GET /admin 
[12/29/2025, 11:11:01 PM] GET /admin/products 
[12/29/2025, 11:11:02 PM] GET /css/admin-style.css 
[12/29/2025, 11:11:05 PM] GET /admin/edit-product/6952a0d353541cde43388467 
[12/29/2025, 11:11:06 PM] GET /css/admin-style.css 
[12/29/2025, 11:33:49 PM] GET /admin/products 
[12/29/2025, 11:33:49 PM] GET /css/admin-style.css 
[12/29/2025, 11:33:52 PM] GET /admin/users 
[12/29/2025, 11:34:13 PM] POST /admin/users/toggle-lock/6952644f0002f664f6bbb774 
[12/29/2025, 11:34:14 PM] GET /admin/users 
[12/29/2025, 11:34:17 PM] POST /admin/users/toggle-lock/6952644f0002f664f6bbb774 
[12/29/2025, 11:34:17 PM] GET /admin/users 
[12/29/2025, 11:35:02 PM] GET /admin/users 
[12/29/2025, 11:35:05 PM] POST /admin/users/toggle-lock/6952644f0002f664f6bbb774 
[12/29/2025, 11:35:06 PM] GET /admin/users 
[12/29/2025, 11:35:09 PM] GET / 
[12/29/2025, 11:35:23 PM] GET / 
[12/29/2025, 11:35:27 PM] GET /admin 
[12/29/2025, 11:35:31 PM] GET /admin/users 
[12/29/2025, 11:35:34 PM] POST /admin/users/toggle-lock/6952644f0002f664f6bbb774 
[12/29/2025, 11:35:34 PM] GET /admin/users 
[12/29/2025, 11:37:39 PM] GET /admin/users 
[12/29/2025, 11:37:45 PM] POST /admin/users/toggle-lock/6952644f0002f664f6bbb774 
[12/29/2025, 11:37:45 PM] GET /admin/users 
[12/29/2025, 11:39:20 PM] GET / 
[12/29/2025, 11:39:22 PM] GET /login 
[12/29/2025, 11:39:29 PM] POST /login 
[12/29/2025, 11:39:31 PM] POST /login 
[12/29/2025, 11:39:47 PM] POST /login 
[12/29/2025, 11:46:38 PM] POST /login 
[12/29/2025, 11:46:51 PM] POST /login 
[12/29/2025, 11:46:51 PM] GET / 
[12/29/2025, 11:46:55 PM] POST /admin/users/toggle-lock/695140217edb9135dbfea5d1 
[12/29/2025, 11:46:56 PM] GET /admin/users 
[12/29/2025, 11:46:59 PM] GET /product/6952103878fe8886f673cc07 
[12/29/2025, 11:47:09 PM] GET /logout 
[12/29/2025, 11:47:09 PM] GET / 
[12/29/2025, 11:47:10 PM] GET /login 
[12/29/2025, 11:47:17 PM] POST /login 
[12/29/2025, 11:48:06 PM] POST /admin/users/toggle-lock/695140217edb9135dbfea5d1 
[12/29/2025, 11:48:07 PM] GET /admin/users 
[12/29/2025, 11:48:14 PM] POST /login 
[12/29/2025, 11:48:14 PM] GET / 
[12/29/2025, 11:51:03 PM] GET / 
[12/29/2025, 11:51:05 PM] GET /login 
[12/29/2025, 11:51:14 PM] POST /login 
[12/29/2025, 11:51:14 PM] GET / 
[12/29/2025, 11:51:20 PM] GET /product/6952a0d353541cde43388467 
[12/29/2025, 11:51:26 PM] GET /Vest 
[12/29/2025, 11:51:27 PM] GET /Quan 
[12/29/2025, 11:51:28 PM] GET /Aosomi 
[12/29/2025, 11:51:29 PM] GET /Aodai 
[12/29/2025, 11:51:29 PM] GET /Phukien 
[12/29/2025, 11:51:31 PM] GET /order 
[12/29/2025, 11:58:17 PM] GET /admin/users 
[12/29/2025, 11:58:38 PM] POST /admin/users/toggle-lock/6952644f0002f664f6bbb774 
[12/29/2025, 11:58:39 PM] GET /admin/users 
[12/29/2025, 11:58:45 PM] GET /admin/users 
[12/29/2025, 11:58:48 PM] GET /admin/products 
[12/29/2025, 11:58:48 PM] GET /css/admin-style.css 
[12/29/2025, 11:58:52 PM] GET /admin/edit-product/6952103878fe8886f673cc2b 
[12/29/2025, 11:58:52 PM] GET /css/admin-style.css 
[12/29/2025, 11:59:00 PM] POST /admin/edit-product/6952103878fe8886f673cc2b 
[12/29/2025, 11:59:00 PM] GET /admin/products?success=true 
[12/29/2025, 11:59:00 PM] GET /css/admin-style.css 
[12/29/2025, 11:59:04 PM] GET /admin/products?success=true 
[12/29/2025, 11:59:04 PM] GET /css/admin-style.css 
[12/29/2025, 11:59:09 PM] GET /admin 
[12/29/2025, 11:59:12 PM] GET /admin/products 
[12/29/2025, 11:59:12 PM] GET /css/admin-style.css 
[12/30/2025, 12:04:21 AM] GET /admin/products 
[12/30/2025, 12:04:21 AM] GET /css/admin-style.css 
[12/30/2025, 12:04:23 AM] GET /admin 
[12/30/2025, 12:04:27 AM] GET /admin/products 
[12/30/2025, 12:04:27 AM] GET /css/admin-style.css 
[12/30/2025, 12:04:34 AM] GET /admin 
[12/30/2025, 12:04:38 AM] GET /logout 
[12/30/2025, 12:04:38 AM] GET / 
[12/30/2025, 12:04:41 AM] GET /login 
[12/30/2025, 12:04:47 AM] POST /login 
[12/30/2025, 12:04:47 AM] GET /admin 
[12/30/2025, 12:04:53 AM] POST /admin/users/toggle-lock/69526ee613efa937e4595a25 
[12/30/2025, 12:04:54 AM] GET /admin/users 
[12/30/2025, 12:04:58 AM] GET /admin 
[12/30/2025, 12:05:03 AM] POST /admin/users/toggle-lock/69526ee613efa937e4595a25 
[12/30/2025, 12:05:03 AM] GET /admin/users 
[12/30/2025, 12:05:06 AM] GET /admin 
[12/30/2025, 12:05:14 AM] GET /admin/products 
[12/30/2025, 12:05:14 AM] GET /css/admin-style.css 
[12/30/2025, 12:10:14 AM] GET /admin 
[12/30/2025, 12:10:24 AM] GET / 
[12/30/2025, 12:10:26 AM] GET /login 
[12/30/2025, 12:10:33 AM] POST /login 
[12/30/2025, 12:10:33 AM] GET /admin 
[12/30/2025, 12:13:09 AM] POST /login 
[12/30/2025, 12:13:09 AM] GET /admin 
[12/30/2025, 12:13:12 AM] POST /login 
[12/30/2025, 12:13:12 AM] GET /admin 
[12/30/2025, 12:13:17 AM] POST /login 
[12/30/2025, 12:13:17 AM] GET /admin 
[12/30/2025, 12:17:02 AM] GET / 
[12/30/2025, 12:17:04 AM] GET /login 
[12/30/2025, 12:17:09 AM] POST /login 
[12/30/2025, 12:17:09 AM] GET /admin 
[12/30/2025, 12:17:23 AM] GET /admin/products 
[12/30/2025, 12:17:23 AM] GET /css/admin-style.css 
[12/30/2025, 12:27:11 AM] GET /admin 
[12/30/2025, 12:27:16 AM] GET /admin/products 
[12/30/2025, 12:27:16 AM] GET /css/admin-style.css 
[12/30/2025, 12:27:33 AM] GET /admin/edit-product/6952103878fe8886f673cc0f 
[12/30/2025, 12:27:33 AM] GET /css/admin-style.css 
[12/30/2025, 12:27:37 AM] POST /admin/edit-product/6952103878fe8886f673cc0f 
[12/30/2025, 12:27:37 AM] GET /admin/products?success=true 
[12/30/2025, 12:27:37 AM] GET /css/admin-style.css 
[12/30/2025, 12:27:45 AM] GET /admin/edit-product/6952103878fe8886f673cc2b 
[12/30/2025, 12:27:45 AM] GET /css/admin-style.css 
[12/30/2025, 12:27:56 AM] POST /admin/edit-product/6952103878fe8886f673cc2b 
[12/30/2025, 12:27:56 AM] GET /admin/products?success=true 
[12/30/2025, 12:27:56 AM] GET /css/admin-style.css 
[12/30/2025, 12:28:11 AM] GET /admin/edit-product/6952103878fe8886f673cc2f 
[12/30/2025, 12:28:12 AM] GET /css/admin-style.css 
[12/30/2025, 12:28:16 AM] POST /admin/edit-product/6952103878fe8886f673cc2f 
[12/30/2025, 12:28:16 AM] GET /admin/products?success=true 
[12/30/2025, 12:28:16 AM] GET /css/admin-style.css 
[12/30/2025, 12:28:18 AM] GET /admin 
[12/30/2025, 12:28:45 AM] GET /admin/users 
[12/30/2025, 12:28:52 AM] GET /admin/orders 
[12/30/2025, 12:28:56 AM] GET /admin/users 
[12/30/2025, 12:28:58 AM] GET /admin/products 
[12/30/2025, 12:28:58 AM] GET /css/admin-style.css 
[12/30/2025, 12:29:01 AM] GET /admin/add-product 
[12/30/2025, 12:29:01 AM] GET /css/admin-style.css 
[12/30/2025, 12:29:12 AM] GET /admin 
[12/30/2025, 12:31:37 AM] GET /admin 
[12/30/2025, 12:31:42 AM] GET / 
[12/30/2025, 12:31:45 AM] GET /login 
[12/30/2025, 12:31:50 AM] POST /login 
[12/30/2025, 12:31:51 AM] GET /admin 
[12/30/2025, 12:32:26 AM] GET /admin 
[12/30/2025, 12:32:29 AM] GET /admin 
[12/30/2025, 12:33:47 AM] GET /login 
[12/30/2025, 12:33:57 AM] POST /login 
[12/30/2025, 12:34:11 AM] POST /login 
[12/30/2025, 12:34:11 AM] GET /admin 
[12/30/2025, 12:34:17 AM] GET /admin/users 
[12/30/2025, 12:34:23 AM] GET /admin/products 
[12/30/2025, 12:34:23 AM] GET /css/admin-style.css 
[12/30/2025, 12:34:29 AM] GET /admin/add-product 
[12/30/2025, 12:34:30 AM] GET /css/admin-style.css 
[12/30/2025, 12:34:34 AM] GET /admin/edit-product/6952103878fe8886f673cc43 
[12/30/2025, 12:34:34 AM] GET /css/admin-style.css 
[12/30/2025, 12:34:40 AM] GET /admin/add-product 
[12/30/2025, 12:34:40 AM] GET /css/admin-style.css 
[12/30/2025, 12:34:43 AM] GET /admin/edit-product/6952103878fe8886f673cc43 
[12/30/2025, 12:34:44 AM] GET /css/admin-style.css 
[12/30/2025, 12:34:52 AM] GET /admin 
[12/30/2025, 12:38:04 AM] GET / 
[12/30/2025, 12:38:07 AM] GET /login 
[12/30/2025, 12:38:13 AM] POST /login 
[12/30/2025, 12:38:13 AM] GET / 
[12/30/2025, 12:38:15 AM] GET /order 
[12/30/2025, 12:39:04 AM] GET /cart 
[12/30/2025, 12:39:08 AM] GET /Vest 
[12/30/2025, 12:39:09 AM] GET /product/6952103878fe8886f673cc07 
[12/30/2025, 12:39:10 AM] POST /add-to-cart 
[12/30/2025, 12:39:17 AM] GET / 
[12/30/2025, 12:39:18 AM] GET /product/6952103878fe8886f673cc09 
[12/30/2025, 12:39:20 AM] POST /add-to-cart 
[12/30/2025, 12:39:23 AM] GET /cart 
[12/30/2025, 12:39:28 AM] POST /place-order 
[12/30/2025, 12:39:31 AM] GET /order 
[12/30/2025, 12:47:14 AM] GET /order 
[12/30/2025, 12:47:14 AM] GET /login 
[12/30/2025, 12:47:28 AM] POST /login 
[12/30/2025, 12:47:29 AM] GET /admin 
[12/30/2025, 12:47:34 AM] GET /admin/orders 
[12/30/2025, 12:47:42 AM] POST /admin/orders/update-status/69526847558c4afdbc0436e1 
[12/30/2025, 12:47:42 AM] GET /admin/orders 
[12/30/2025, 12:47:48 AM] POST /admin/orders/update-status/6952bcd0b5bbd16a69744c4f 
[12/30/2025, 12:47:48 AM] GET /admin/orders 
[12/30/2025, 12:48:34 AM] GET /Quan 
[12/30/2025, 12:48:37 AM] GET /logout 
[12/30/2025, 12:48:37 AM] GET / 
[12/30/2025, 12:48:38 AM] GET /login 
[12/30/2025, 12:48:43 AM] POST /login 
[12/30/2025, 12:48:43 AM] GET / 
[12/30/2025, 12:48:46 AM] GET /order 
[12/30/2025, 12:49:05 AM] POST /admin/orders/update-status/6952bcd0b5bbd16a69744c4f 
[12/30/2025, 12:49:05 AM] GET /admin/orders 
[12/30/2025, 12:49:08 AM] POST /admin/orders/update-status/69526847558c4afdbc0436e1 
[12/30/2025, 12:49:08 AM] GET /admin/orders 
[12/30/2025, 12:49:12 AM] GET /order 
[12/30/2025, 12:49:14 AM] GET /order 
[12/30/2025, 12:49:23 AM] POST /admin/orders/update-status/6952bcd0b5bbd16a69744c4f 
[12/30/2025, 12:49:23 AM] GET /admin/orders 
[12/30/2025, 12:49:26 AM] POST /admin/orders/update-status/6952bcd0b5bbd16a69744c4f 
[12/30/2025, 12:49:26 AM] GET /admin/orders 
[12/30/2025, 12:55:14 AM] GET /order 
[12/30/2025, 12:55:14 AM] GET /login 
[12/30/2025, 12:55:19 AM] POST /login 
[12/30/2025, 12:55:19 AM] GET / 
[12/30/2025, 12:55:21 AM] GET /order 
[12/30/2025, 12:55:35 AM] POST /admin/orders/update-status/6952bcd0b5bbd16a69744c4f 
[12/30/2025, 12:55:35 AM] GET /admin/orders 
[12/30/2025, 12:55:39 AM] GET /order 
[12/30/2025, 12:55:44 AM] GET /Quan 
[12/30/2025, 12:55:45 AM] GET /product/6952103878fe8886f673cc13 
[12/30/2025, 12:55:46 AM] POST /add-to-cart 
[12/30/2025, 12:55:50 AM] POST /add-to-cart 
[12/30/2025, 1:00:37 AM] GET /product/6952103878fe8886f673cc13 
[12/30/2025, 1:00:40 AM] GET /login 
[12/30/2025, 1:00:50 AM] POST /login 
[12/30/2025, 1:00:50 AM] GET / 
[12/30/2025, 1:00:55 AM] GET /product/6952103878fe8886f673cc07 
[12/30/2025, 1:00:57 AM] POST /add-to-cart 
[12/30/2025, 1:00:59 AM] GET /Quan 
[12/30/2025, 1:01:01 AM] GET /product/6952103878fe8886f673cc13 
[12/30/2025, 1:01:02 AM] POST /add-to-cart 
[12/30/2025, 1:01:08 AM] POST /add-to-cart 
[12/30/2025, 1:01:14 AM] POST /add-to-cart 
[12/30/2025, 1:01:15 AM] GET /cart 
[12/30/2025, 1:01:23 AM] GET /Phukien 
[12/30/2025, 1:01:24 AM] GET /product/6952103878fe8886f673cc4f 
[12/30/2025, 1:01:25 AM] POST /add-to-cart 
[12/30/2025, 1:01:28 AM] GET /Aosomi 
[12/30/2025, 1:01:29 AM] GET /product/6952103878fe8886f673cc27 
[12/30/2025, 1:01:31 AM] POST /add-to-cart 
[12/30/2025, 1:01:34 AM] POST /add-to-cart 
[12/30/2025, 1:01:36 AM] POST /add-to-cart 
[12/30/2025, 1:01:38 AM] GET /cart 
[12/30/2025, 1:01:46 AM] POST /update-cart 
[12/30/2025, 1:01:46 AM] GET /cart 
[12/30/2025, 1:01:57 AM] POST /place-order 
[12/30/2025, 1:02:00 AM] GET /order 
[12/30/2025, 1:02:04 AM] GET /cart 
[12/30/2025, 1:02:05 AM] GET /Vest 
[12/30/2025, 1:02:07 AM] GET /product/6952103878fe8886f673cc05 
[12/30/2025, 1:02:08 AM] POST /add-to-cart 
[12/30/2025, 1:02:10 AM] GET /cart 
[12/30/2025, 1:04:40 AM] GET /logout 
[12/30/2025, 1:04:40 AM] GET / 
[12/30/2025, 1:04:41 AM] GET /login 
[12/30/2025, 1:04:47 AM] POST /login 
[12/30/2025, 1:04:47 AM] GET / 
[12/30/2025, 1:04:49 AM] GET /order 
[12/30/2025, 1:04:50 AM] GET /cart 
[12/30/2025, 1:04:55 AM] POST /update-cart 
[12/30/2025, 1:04:55 AM] GET /cart 
[12/30/2025, 1:04:57 AM] POST /update-cart 
[12/30/2025, 1:04:57 AM] GET /cart 
[12/30/2025, 1:05:00 AM] POST /remove-from-cart 
[12/30/2025, 1:05:01 AM] GET /cart 
[12/30/2025, 1:05:07 AM] GET /logout 
[12/30/2025, 1:05:07 AM] GET / 
[12/30/2025, 1:05:08 AM] GET /register 
[12/30/2025, 1:08:45 AM] GET / 
[12/30/2025, 1:08:47 AM] GET /register 
[12/30/2025, 1:08:55 AM] POST /get-otp 
[12/30/2025, 1:13:47 AM] GET /register 
[12/30/2025, 1:13:50 AM] POST /get-otp 
[12/30/2025, 1:13:58 AM] POST /get-otp 
[12/30/2025, 1:14:29 AM] POST /register 
[12/30/2025, 1:14:29 AM] GET /login 
[12/30/2025, 1:17:52 AM] GET /register 
[12/30/2025, 1:17:56 AM] POST /get-otp 
[12/30/2025, 1:18:28 AM] POST /register 
[12/30/2025, 1:18:32 AM] GET /register 
[12/30/2025, 1:18:39 AM] POST /register 
[12/30/2025, 1:18:40 AM] GET /login 
[12/30/2025, 1:18:46 AM] POST /login 
[12/30/2025, 1:18:46 AM] GET / 
[12/30/2025, 1:18:48 AM] GET /logout 
[12/30/2025, 1:18:48 AM] GET / 
[12/30/2025, 1:20:55 AM] GET /register 
[12/30/2025, 1:20:58 AM] POST /get-otp 
[12/30/2025, 1:21:19 AM] POST /register 
[12/30/2025, 1:21:21 AM] GET /register 
[12/30/2025, 1:21:23 AM] POST /get-otp 
[12/30/2025, 1:21:48 AM] POST /register 
[12/30/2025, 1:21:59 AM] POST /login 
[12/30/2025, 1:21:59 AM] GET / 
[12/30/2025, 1:22:07 AM] GET /product/6952103878fe8886f673cc1f 
[12/30/2025, 1:22:09 AM] POST /add-to-cart 
[12/30/2025, 1:22:11 AM] GET /Aosomi 
[12/30/2025, 1:22:12 AM] GET /product/6952103878fe8886f673cc2b 
[12/30/2025, 1:22:13 AM] POST /add-to-cart 
[12/30/2025, 1:22:18 AM] POST /add-to-cart 
[12/30/2025, 1:22:21 AM] GET /Aodai 
[12/30/2025, 1:22:22 AM] GET /product/6952103878fe8886f673cc3f 
[12/30/2025, 1:22:25 AM] GET /Quan 
[12/30/2025, 1:22:26 AM] GET /product/6952103878fe8886f673cc17 
[12/30/2025, 1:22:54 AM] GET /admin 
[12/30/2025, 1:22:57 AM] GET /admin 
[12/30/2025, 1:23:06 AM] GET / 
[12/30/2025, 1:23:08 AM] GET /register 
[12/30/2025, 1:23:10 AM] GET /login 
[12/30/2025, 1:23:17 AM] POST /login 
[12/30/2025, 1:23:17 AM] GET / 
[12/30/2025, 1:23:20 AM] GET /product/6952103878fe8886f673cc0b 
[12/30/2025, 1:23:32 AM] POST /add-to-cart 
[12/30/2025, 1:23:33 AM] GET /cart 
[12/30/2025, 1:23:43 AM] POST /place-order 
[12/30/2025, 1:23:45 AM] GET /order 
[12/30/2025, 1:23:51 AM] GET / 
[12/30/2025, 1:23:55 AM] GET /admin 
[12/30/2025, 1:23:58 AM] GET /admin/products 
[12/30/2025, 1:23:58 AM] GET /css/admin-style.css 
[12/30/2025, 1:24:09 AM] GET /admin/users 
[12/30/2025, 1:24:14 AM] GET /admin 
[12/30/2025, 1:24:20 AM] GET /admin/orders 
[12/30/2025, 1:24:41 AM] POST /admin/orders/update-status/6952c72f11357dfb3b54bbc4 
[12/30/2025, 1:24:41 AM] GET /admin/orders 
[12/30/2025, 1:24:47 AM] POST /admin/orders/update-status/6952c216e5d965e37c073d8b 
[12/30/2025, 1:24:47 AM] GET /admin/orders 
[12/30/2025, 1:24:50 AM] GET /order 
[12/30/2025, 1:24:57 AM] GET /Vest 
[12/30/2025, 1:24:59 AM] GET / 
[12/30/2025, 1:25:02 AM] GET / 
[12/30/2025, 1:25:04 AM] GET /order 
[12/30/2025, 1:25:06 AM] GET / 
[12/30/2025, 1:25:07 AM] GET / 
[12/30/2025, 1:25:10 AM] GET /cart 
[12/30/2025, 1:25:12 AM] GET /cart 
[12/30/2025, 1:25:13 AM] GET /cart 
[12/30/2025, 1:30:36 AM] GET /admin/admin.html 
[12/30/2025, 1:30:40 AM] GET /admin/admin.html 
[12/30/2025, 1:30:43 AM] GET /admin/Qlysanpham.html 
[12/30/2025, 1:30:48 AM] GET /logout 
[12/30/2025, 1:30:48 AM] GET / 
[12/30/2025, 1:30:50 AM] GET /login 
[12/30/2025, 1:31:00 AM] POST /login 
[12/30/2025, 1:31:00 AM] GET /admin 
[12/30/2025, 1:31:18 AM] GET /admin/orders 
[12/30/2025, 1:33:18 AM] GET /admin/orders 
[12/30/2025, 1:33:33 AM] GET /admin/orders?status=pending 
[12/30/2025, 1:33:36 AM] GET /admin/orders?status=cancelled 
[12/30/2025, 1:33:39 AM] GET /admin/orders?status=delivered 
[12/30/2025, 1:33:43 AM] GET /admin/orders?status=deliveringNow 
[12/30/2025, 1:34:03 AM] POST /admin/orders/update-status/6952c216e5d965e37c073d8b 
[12/30/2025, 1:34:03 AM] GET /admin/orders/update-status/back 
[12/30/2025, 1:34:12 AM] GET /admin 
[12/30/2025, 1:34:21 AM] GET /admin/products 
[12/30/2025, 1:34:21 AM] GET /css/admin-style.css 
[12/30/2025, 1:34:29 AM] GET /admin/users 
[12/30/2025, 1:34:33 AM] GET /admin/orders 
[12/30/2025, 1:34:40 AM] POST /admin/orders/update-status/6952c72f11357dfb3b54bbc4 
[12/30/2025, 1:34:40 AM] GET /admin/orders/update-status/back 
[12/30/2025, 1:37:30 AM] GET /admin/orders 
[12/30/2025, 1:37:43 AM] GET /admin/orders?status=pending 
[12/30/2025, 1:39:28 AM] GET /admin/orders?status=pending 
[12/30/2025, 1:46:53 AM] POST /admin/orders/update-status/6952bcd0b5bbd16a69744c4f 
[12/30/2025, 1:46:53 AM] GET /admin/orders/update-status/back 
[12/30/2025, 1:46:58 AM] POST /admin/orders/update-status/6952c216e5d965e37c073d8b 
[12/30/2025, 1:46:58 AM] GET /admin/orders/update-status/back 
[12/30/2025, 1:49:52 AM] POST /admin/orders/update-status/6952c216e5d965e37c073d8b 
[12/30/2025, 1:49:52 AM] GET /admin/orders 
[12/30/2025, 1:50:00 AM] POST /admin/orders/update-status/6952bcd0b5bbd16a69744c4f 
[12/30/2025, 1:50:00 AM] GET /admin/orders 
[12/30/2025, 1:50:06 AM] POST /admin/orders/update-status/6952c216e5d965e37c073d8b 
[12/30/2025, 1:50:06 AM] GET /admin/orders 
[12/30/2025, 1:50:12 AM] POST /admin/orders/update-status/6952c72f11357dfb3b54bbc4 
[12/30/2025, 1:50:12 AM] GET /admin/orders 
[12/30/2025, 1:50:22 AM] POST /admin/orders/update-status/695267c02ae07ebbae772b05 
[12/30/2025, 1:50:22 AM] GET /admin/orders 
[12/30/2025, 1:50:26 AM] POST /admin/orders/update-status/695266eb38b6a3c6362c4b7f 
[12/30/2025, 1:50:26 AM] GET /admin/orders 
[12/30/2025, 1:50:53 AM] POST /admin/orders/update-status/69526190676bba36d180f33a 
[12/30/2025, 1:50:53 AM] GET /admin/orders 
[12/30/2025, 1:50:58 AM] POST /admin/orders/update-status/695211a6b759a41709668904 
[12/30/2025, 1:50:58 AM] GET /admin/orders 
[12/30/2025, 1:51:01 AM] POST /admin/orders/update-status/695210947ca81e01562d4e37 
[12/30/2025, 1:51:01 AM] GET /admin/orders 
[12/30/2025, 1:51:08 AM] GET /admin/orders?status=deliveringNow 
[12/30/2025, 1:51:11 AM] GET /admin/orders?status=pending 
[12/30/2025, 1:51:58 AM] GET /admin/users 
[12/30/2025, 1:52:01 AM] GET /admin/products 
[12/30/2025, 1:52:01 AM] GET /css/admin-style.css 
[12/30/2025, 1:52:03 AM] GET /admin 
[12/30/2025, 1:52:11 AM] GET /admin/orders 
[12/30/2025, 1:52:15 AM] GET /admin 
[12/30/2025, 1:58:55 AM] GET /admin 
[12/30/2025, 1:58:58 AM] GET /admin 
[12/30/2025, 2:00:14 AM] GET /admin/orders 
[12/30/2025, 2:00:17 AM] GET /admin 
[12/30/2025, 2:00:19 AM] GET /admin/products 
[12/30/2025, 2:00:19 AM] GET /css/admin-style.css 
[12/30/2025, 2:00:21 AM] GET /admin 
[12/30/2025, 2:01:35 AM] GET /admin 
[12/30/2025, 2:01:43 AM] GET /admin/products 
[12/30/2025, 2:01:43 AM] GET /css/admin-style.css 
[12/30/2025, 2:01:59 AM] GET /admin/add-product 
[12/30/2025, 2:01:59 AM] GET /css/admin-style.css 
[12/30/2025, 2:02:02 AM] GET /admin/edit-product/6952103878fe8886f673cc43 
[12/30/2025, 2:02:02 AM] GET /css/admin-style.css 
[12/30/2025, 2:02:07 AM] GET /admin/users 
[12/30/2025, 2:02:15 AM] GET /admin/orders 
[12/30/2025, 2:02:26 AM] POST /admin/orders/update-status/6952c72f11357dfb3b54bbc4 
[12/30/2025, 2:02:27 AM] GET /admin/orders 
[12/30/2025, 2:02:33 AM] POST /admin/orders/update-status/6952c216e5d965e37c073d8b 
[12/30/2025, 2:02:33 AM] GET /admin/orders 
[12/30/2025, 2:02:37 AM] POST /admin/orders/update-status/6952bcd0b5bbd16a69744c4f 
[12/30/2025, 2:02:37 AM] GET /admin/orders 
[12/30/2025, 2:02:43 AM] POST /admin/orders/update-status/6952bcd0b5bbd16a69744c4f 
[12/30/2025, 2:02:43 AM] GET /admin/orders 
[12/30/2025, 2:02:49 AM] GET /admin/config 
[12/30/2025, 2:02:51 AM] GET / 
[12/30/2025, 2:02:54 AM] GET /product/6952103878fe8886f673cc07 
[12/30/2025, 2:02:55 AM] POST /add-to-cart 
[12/30/2025, 2:02:59 AM] GET /login 
[12/30/2025, 2:03:07 AM] POST /login 
[12/30/2025, 2:03:07 AM] GET / 
[12/30/2025, 2:03:10 AM] GET /product/6952103878fe8886f673cc09 
[12/30/2025, 2:03:17 AM] GET /Phukien 
[12/30/2025, 2:03:19 AM] GET /product/6952103878fe8886f673cc4f 
[12/30/2025, 2:03:28 AM] POST /add-to-cart 
[12/30/2025, 2:03:30 AM] GET /Aosomi 
[12/30/2025, 2:03:31 AM] GET /product/6952103878fe8886f673cc2b 
[12/30/2025, 2:03:34 AM] GET /product/6952103878fe8886f673cc2f 
[12/30/2025, 2:03:52 AM] GET / 
[12/30/2025, 2:03:57 AM] GET /cart 
[12/30/2025, 2:04:09 AM] GET /Quan 
[12/30/2025, 2:04:12 AM] GET / 
[12/30/2025, 2:04:14 AM] GET /admin 
[12/30/2025, 2:04:16 AM] GET /admin/products 
[12/30/2025, 2:04:16 AM] GET /css/admin-style.css 
[12/30/2025, 2:04:26 AM] POST /place-order 
[12/30/2025, 2:04:28 AM] GET /order 
[12/30/2025, 2:04:39 AM] GET /admin/products 
[12/30/2025, 2:04:39 AM] GET /css/admin-style.css 
[12/30/2025, 2:04:45 AM] GET /admin/orders 
[12/30/2025, 2:04:51 AM] POST /admin/orders/update-status/6952d0bac290efffb0505a2b 
[12/30/2025, 2:04:52 AM] GET /admin/orders 
[12/30/2025, 2:04:59 AM] POST /admin/orders/update-status/6952d0bac290efffb0505a2b 
[12/30/2025, 2:04:59 AM] GET /admin/orders 
[12/30/2025, 2:05:03 AM] POST /admin/orders/update-status/6952d0bac290efffb0505a2b 
[12/30/2025, 2:05:03 AM] GET /admin/orders 
[12/30/2025, 2:05:07 AM] POST /admin/orders/update-status/6952d0bac290efffb0505a2b 
[12/30/2025, 2:05:07 AM] GET /admin/orders 
[12/30/2025, 2:05:11 AM] GET /order 
[12/30/2025, 2:05:19 AM] POST /admin/orders/update-status/6952d0bac290efffb0505a2b 
[12/30/2025, 2:05:19 AM] GET /admin/orders 
[12/30/2025, 2:05:24 AM] GET /order 
[12/30/2025, 2:05:34 AM] GET /admin/users 
[12/30/2025, 2:05:39 AM] POST /admin/users/toggle-lock/695140217edb9135dbfea5d1 
[12/30/2025, 2:05:39 AM] GET /admin/users 
[12/30/2025, 2:05:42 AM] GET /order 
[12/30/2025, 2:05:44 AM] GET /order 
[12/30/2025, 2:05:45 AM] GET / 
[12/30/2025, 2:05:47 AM] GET /logout 
[12/30/2025, 2:05:47 AM] GET / 
[12/30/2025, 2:05:48 AM] GET /login 
[12/30/2025, 2:05:54 AM] POST /login 
[12/30/2025, 2:07:23 AM] POST /login 
[12/30/2025, 2:07:26 AM] GET /register 
[12/30/2025, 2:07:27 AM] GET /login 
[12/30/2025, 2:07:34 AM] POST /login 
[12/30/2025, 2:07:39 AM] POST /admin/users/toggle-lock/695140217edb9135dbfea5d1 
[12/30/2025, 2:07:40 AM] GET /admin/users 
[12/30/2025, 2:07:48 AM] POST /login 
[12/30/2025, 2:07:48 AM] GET / 
[12/30/2025, 2:07:51 AM] GET /cart 
[12/30/2025, 2:07:51 AM] GET /order 
[12/30/2025, 2:08:31 AM] GET /admin/orders 
[12/30/2025, 2:08:37 AM] GET /admin/orders?status=delivered 
[12/30/2025, 2:08:41 AM] GET /admin/orders?status=pending 
[12/30/2025, 2:08:47 AM] GET /admin 
[12/30/2025, 2:08:59 AM] POST /admin/users/toggle-lock/6952c5ff8b9453d369283263 
[12/30/2025, 2:08:59 AM] GET /admin/users 
[12/30/2025, 2:09:01 AM] POST /admin/users/toggle-lock/6952c5ff8b9453d369283263 
[12/30/2025, 2:09:01 AM] GET /admin/users 
[12/30/2025, 2:09:07 AM] GET /admin/products 
[12/30/2025, 2:09:07 AM] GET /css/admin-style.css 
[12/30/2025, 2:09:09 AM] GET /admin/add-product 
[12/30/2025, 2:09:09 AM] GET /css/admin-style.css 
[12/30/2025, 2:09:12 AM] GET /admin/edit-product/6952103878fe8886f673cc43 
[12/30/2025, 2:09:12 AM] GET /css/admin-style.css 
[12/30/2025, 2:09:21 AM] GET /admin/orders 
[12/30/2025, 2:09:23 AM] GET /admin/users 
[12/30/2025, 2:09:25 AM] GET /admin/products 
[12/30/2025, 2:09:25 AM] GET /css/admin-style.css 
[12/30/2025, 2:09:26 AM] GET /admin 
[12/30/2025, 2:09:27 AM] GET /admin/products 
[12/30/2025, 2:09:28 AM] GET /css/admin-style.css 
[12/30/2025, 12:12:29 PM] GET / 
[12/30/2025, 12:12:31 PM] GET /favicon.ico 
[12/30/2025, 12:12:35 PM] GET /admin 
[12/30/2025, 12:13:19 PM] GET /admin 
[12/30/2025, 12:16:44 PM] GET /admin 
[12/30/2025, 12:16:56 PM] GET /admin/orders 
[12/30/2025, 12:17:02 PM] GET /admin 
[12/30/2025, 12:17:06 PM] GET /admin/orders 
[12/30/2025, 12:17:11 PM] POST /admin/orders/update-status/6952d0bac290efffb0505a2b 
[12/30/2025, 12:17:11 PM] GET /admin/orders 
[12/30/2025, 12:17:14 PM] GET /admin 
[12/30/2025, 12:23:06 PM] GET /admin 
[12/30/2025, 12:23:18 PM] GET /admin/orders 
[12/30/2025, 12:23:23 PM] POST /admin/orders/update-status/6952c216e5d965e37c073d8b 
[12/30/2025, 12:23:23 PM] GET /admin/orders 
[12/30/2025, 12:23:25 PM] GET /admin 
[12/30/2025, 12:23:34 PM] GET /Quan 
[12/30/2025, 12:23:36 PM] GET /login 
[12/30/2025, 12:23:41 PM] POST /login 
[12/30/2025, 12:23:47 PM] POST /login 
[12/30/2025, 12:23:47 PM] GET / 
[12/30/2025, 12:23:52 PM] GET /product/6952103878fe8886f673cc07 
[12/30/2025, 12:23:56 PM] GET /admin/api/stats 
[12/30/2025, 12:23:57 PM] POST /add-to-cart 
[12/30/2025, 12:23:58 PM] GET /cart 
[12/30/2025, 12:24:01 PM] POST /update-cart 
[12/30/2025, 12:24:01 PM] GET /cart 
[12/30/2025, 12:24:03 PM] POST /update-cart 
[12/30/2025, 12:24:03 PM] GET /cart 
[12/30/2025, 12:24:04 PM] POST /update-cart 
[12/30/2025, 12:24:05 PM] GET /cart 
[12/30/2025, 12:24:05 PM] POST /update-cart 
[12/30/2025, 12:24:06 PM] GET /cart 
[12/30/2025, 12:24:10 PM] POST /update-cart 
[12/30/2025, 12:24:10 PM] GET /cart 
[12/30/2025, 12:24:19 PM] POST /place-order 
[12/30/2025, 12:24:25 PM] POST /update-cart 
[12/30/2025, 12:24:25 PM] GET /cart 
[12/30/2025, 12:24:26 PM] GET /admin/api/stats 
[12/30/2025, 12:24:32 PM] POST /place-order 
[12/30/2025, 12:24:34 PM] GET /order 
[12/30/2025, 12:24:40 PM] GET /admin 
[12/30/2025, 12:24:48 PM] GET /admin/orders 
[12/30/2025, 12:24:53 PM] POST /admin/orders/update-status/69536211633ee3811e58d262 
[12/30/2025, 12:24:53 PM] GET /admin/orders 
[12/30/2025, 12:25:08 PM] GET /admin 
[12/30/2025, 12:25:34 PM] GET /admin 
[12/30/2025, 12:25:38 PM] GET /admin 
[12/30/2025, 12:26:09 PM] GET /admin/api/stats 
[12/30/2025, 12:27:01 PM] GET /admin 
[12/30/2025, 12:27:06 PM] GET /admin/orders 
[12/30/2025, 12:27:14 PM] POST /admin/orders/update-status/695267c02ae07ebbae772b05 
[12/30/2025, 12:27:14 PM] GET /admin/orders 
[12/30/2025, 12:27:18 PM] GET /admin 
[12/30/2025, 12:27:29 PM] GET /admin/orders 
[12/30/2025, 12:27:34 PM] GET /admin/config 
[12/30/2025, 12:27:36 PM] GET /admin/users 
[12/30/2025, 12:27:38 PM] GET /admin/products 
[12/30/2025, 12:27:38 PM] GET /css/admin-style.css 
[12/30/2025, 12:27:53 PM] POST /admin/toggle-product/6952103878fe8886f673cc43 
[12/30/2025, 12:27:53 PM] GET /admin/products 
[12/30/2025, 12:27:53 PM] GET /css/admin-style.css 
[12/30/2025, 12:27:57 PM] GET /Aodai 
[12/30/2025, 12:28:07 PM] GET /admin/edit-product/6952a0d353541cde43388467 
[12/30/2025, 12:28:07 PM] GET /css/admin-style.css 
[12/30/2025, 12:28:12 PM] POST /admin/edit-product/6952a0d353541cde43388467 
[12/30/2025, 12:28:13 PM] GET /admin/products?success=true 
[12/30/2025, 12:28:14 PM] GET /css/admin-style.css 
[12/30/2025, 12:28:18 PM] GET /admin/edit-product/6952a0d353541cde43388467 
[12/30/2025, 12:28:19 PM] GET /css/admin-style.css 
[12/30/2025, 12:28:23 PM] GET /Vest 
[12/30/2025, 12:28:24 PM] GET /product/6952a0d353541cde43388467 
[12/30/2025, 12:28:37 PM] POST /add-to-cart 
[12/30/2025, 12:28:43 PM] GET /admin/products?success=true 
[12/30/2025, 12:28:44 PM] GET /css/admin-style.css 
[12/30/2025, 12:29:01 PM] GET /admin/edit-product/6952103878fe8886f673cc07 
[12/30/2025, 12:29:01 PM] GET /css/admin-style.css 
[12/30/2025, 12:29:08 PM] POST /admin/edit-product/6952103878fe8886f673cc07 
[12/30/2025, 12:29:08 PM] GET /admin/products?success=true 
[12/30/2025, 12:29:09 PM] GET /css/admin-style.css 
[12/30/2025, 12:29:18 PM] GET /admin/edit-product/6952103878fe8886f673cc13 
[12/30/2025, 12:29:18 PM] GET /css/admin-style.css 
[12/30/2025, 12:29:28 PM] POST /admin/edit-product/6952103878fe8886f673cc13 
[12/30/2025, 12:29:28 PM] GET /admin/products?success=true 
[12/30/2025, 12:29:29 PM] GET /css/admin-style.css 
[12/30/2025, 12:29:41 PM] GET /admin/edit-product/6952103878fe8886f673cc4f 
[12/30/2025, 12:29:41 PM] GET /css/admin-style.css 
[12/30/2025, 12:29:45 PM] POST /admin/edit-product/6952103878fe8886f673cc4f 
[12/30/2025, 12:29:45 PM] GET /admin/products?success=true 
[12/30/2025, 12:29:45 PM] GET /css/admin-style.css 
[12/30/2025, 12:30:12 PM] GET /admin/edit-product/6952103878fe8886f673cc0b 
[12/30/2025, 12:30:12 PM] GET /css/admin-style.css 
[12/30/2025, 12:30:16 PM] POST /admin/edit-product/6952103878fe8886f673cc0b 
[12/30/2025, 12:30:17 PM] GET /admin/products?success=true 
[12/30/2025, 12:30:17 PM] GET /css/admin-style.css 
[12/30/2025, 12:33:39 PM] GET /admin/products?success=true 
[12/30/2025, 12:35:37 PM] GET /admin/products?success=true 
[12/30/2025, 12:35:43 PM] GET /admin 
[12/30/2025, 12:35:45 PM] GET /admin/products 
[12/30/2025, 12:36:40 PM] GET /admin/products 
[12/30/2025, 12:36:41 PM] GET /css/admin-style.css 
[12/30/2025, 12:36:44 PM] POST /admin/toggle-product/6952103878fe8886f673cc43 
[12/30/2025, 12:36:44 PM] GET /admin/products 
[12/30/2025, 12:36:45 PM] GET /css/admin-style.css 
[12/30/2025, 12:36:48 PM] GET /admin/edit-product/6952103878fe8886f673cc1b 
[12/30/2025, 12:36:48 PM] GET /css/admin-style.css 
[12/30/2025, 12:36:52 PM] POST /admin/edit-product/6952103878fe8886f673cc1b 
[12/30/2025, 12:36:52 PM] GET /admin/products?success=true 
[12/30/2025, 12:36:53 PM] GET /css/admin-style.css 
[12/30/2025, 12:42:59 PM] GET /admin/products?success=true 
[12/30/2025, 12:42:59 PM] GET /css/admin-style.css 
[12/30/2025, 12:43:12 PM] GET /admin/edit-product/6952103878fe8886f673cc23 
[12/30/2025, 12:43:12 PM] GET /css/admin-style.css 
[12/30/2025, 12:43:18 PM] POST /admin/edit-product/6952103878fe8886f673cc23 
[12/30/2025, 12:43:18 PM] GET /admin/products?success=true 
[12/30/2025, 12:43:18 PM] GET /css/admin-style.css 
[12/30/2025, 12:44:21 PM] GET /admin/products?success=true 
[12/30/2025, 12:44:21 PM] GET /css/admin-style.css 
[12/30/2025, 12:44:28 PM] GET /admin/edit-product/6952103878fe8886f673cc23 
[12/30/2025, 12:44:28 PM] GET /css/admin-style.css 
[12/30/2025, 12:44:36 PM] POST /admin/edit-product/6952103878fe8886f673cc23 
[12/30/2025, 12:44:36 PM] GET /admin/products?success=true 
[12/30/2025, 12:44:36 PM] GET /css/admin-style.css 
[12/30/2025, 12:44:43 PM] GET /admin/edit-product/6952103878fe8886f673cc23 
[12/30/2025, 12:44:43 PM] GET /css/admin-style.css 
[12/30/2025, 12:44:48 PM] POST /admin/edit-product/6952103878fe8886f673cc23 
[12/30/2025, 12:44:48 PM] GET /admin/products?success=true 
[12/30/2025, 12:44:48 PM] GET /css/admin-style.css 
[12/30/2025, 12:47:16 PM] GET /admin/products?success=true 
[12/30/2025, 12:47:16 PM] GET /css/admin-style.css 
[12/30/2025, 12:47:20 PM] GET /admin/edit-product/6952103878fe8886f673cc4b 
[12/30/2025, 12:47:20 PM] GET /css/admin-style.css 
[12/30/2025, 12:47:26 PM] POST /admin/edit-product/6952103878fe8886f673cc4b 
[12/30/2025, 12:47:26 PM] GET /admin/products?success=true 
[12/30/2025, 12:47:26 PM] GET /css/admin-style.css 
[12/30/2025, 12:47:39 PM] GET /admin/edit-product/6952103878fe8886f673cc4b 
[12/30/2025, 12:47:39 PM] GET /css/admin-style.css 
[12/30/2025, 12:47:42 PM] POST /admin/edit-product/6952103878fe8886f673cc4b 
[12/30/2025, 12:47:42 PM] GET /admin/products?success=true 
[12/30/2025, 12:47:43 PM] GET /css/admin-style.css 
[12/30/2025, 12:47:50 PM] GET /admin/edit-product/6952103878fe8886f673cc27 
[12/30/2025, 12:47:50 PM] GET /css/admin-style.css 
[12/30/2025, 12:47:59 PM] POST /admin/edit-product/6952103878fe8886f673cc27 
[12/30/2025, 12:47:59 PM] GET /admin/products?success=true 
[12/30/2025, 12:47:59 PM] GET /css/admin-style.css 
[12/30/2025, 12:48:07 PM] GET /admin/edit-product/6952103878fe8886f673cc27 
[12/30/2025, 12:48:07 PM] GET /css/admin-style.css 
[12/30/2025, 12:48:16 PM] POST /admin/edit-product/6952103878fe8886f673cc27 
[12/30/2025, 12:48:16 PM] GET /admin/products?success=true 
[12/30/2025, 12:48:16 PM] GET /css/admin-style.css 
[12/30/2025, 12:48:24 PM] GET /admin/edit-product/6952103878fe8886f673cc4b 
[12/30/2025, 12:48:25 PM] GET /css/admin-style.css 
[12/30/2025, 12:48:30 PM] POST /admin/edit-product/6952103878fe8886f673cc4b 
[12/30/2025, 12:48:30 PM] GET /admin/products?success=true 
[12/30/2025, 12:48:30 PM] GET /css/admin-style.css 
[12/30/2025, 12:48:37 PM] GET /admin/edit-product/6952103878fe8886f673cc4b 
[12/30/2025, 12:48:37 PM] GET /css/admin-style.css 
[12/30/2025, 12:48:41 PM] POST /admin/edit-product/6952103878fe8886f673cc4b 
[12/30/2025, 12:48:42 PM] GET /admin/products?success=true 
[12/30/2025, 12:48:42 PM] GET /css/admin-style.css 
[12/30/2025, 12:49:01 PM] GET /admin/edit-product/6952103878fe8886f673cc4f 
[12/30/2025, 12:49:01 PM] GET /css/admin-style.css 
[12/30/2025, 12:49:05 PM] POST /admin/edit-product/6952103878fe8886f673cc4f 
[12/30/2025, 12:49:05 PM] GET /admin/products?success=true 
[12/30/2025, 12:49:05 PM] GET /css/admin-style.css 
[12/30/2025, 12:49:26 PM] GET /admin/edit-product/6952103878fe8886f673cc27 
[12/30/2025, 12:49:26 PM] GET /css/admin-style.css 
[12/30/2025, 12:49:34 PM] POST /admin/edit-product/6952103878fe8886f673cc27 
[12/30/2025, 12:49:35 PM] GET /admin/products?success=true 
[12/30/2025, 12:49:35 PM] GET /css/admin-style.css 
[12/30/2025, 12:57:07 PM] GET /admin/products?success=true 
[12/30/2025, 12:57:08 PM] GET /css/admin-style.css 
[12/30/2025, 12:57:11 PM] GET /admin/edit-product/6952103878fe8886f673cc23 
[12/30/2025, 12:57:11 PM] GET /css/admin-style.css 
[12/30/2025, 12:57:17 PM] POST /admin/edit-product/6952103878fe8886f673cc23 
[12/30/2025, 12:57:17 PM] GET /admin/products?success=true 
[12/30/2025, 12:57:17 PM] GET /css/admin-style.css 
[12/30/2025, 12:57:20 PM] GET /admin/edit-product/6952103878fe8886f673cc23 
[12/30/2025, 12:57:20 PM] GET /css/admin-style.css 
[12/30/2025, 12:57:23 PM] POST /admin/edit-product/6952103878fe8886f673cc23 
[12/30/2025, 12:57:24 PM] GET /admin/products?success=true 
[12/30/2025, 12:57:24 PM] GET /css/admin-style.css 
[12/30/2025, 12:57:28 PM] GET /admin/edit-product/6952103878fe8886f673cc23 
[12/30/2025, 12:57:28 PM] GET /css/admin-style.css 
[12/30/2025, 12:57:32 PM] POST /admin/edit-product/6952103878fe8886f673cc23 
[12/30/2025, 12:57:32 PM] GET /admin/products?success=true 
[12/30/2025, 12:57:32 PM] GET /css/admin-style.css 
[12/30/2025, 12:57:42 PM] GET /admin/edit-product/6952103878fe8886f673cc1b 
[12/30/2025, 12:57:43 PM] GET /css/admin-style.css 
[12/30/2025, 12:57:48 PM] POST /admin/edit-product/6952103878fe8886f673cc1b 
[12/30/2025, 12:57:48 PM] GET /admin/products?success=true 
[12/30/2025, 12:57:48 PM] GET /css/admin-style.css 
[12/30/2025, 12:58:01 PM] GET /admin/edit-product/6952a0d353541cde43388467 
[12/30/2025, 12:58:01 PM] GET /css/admin-style.css 
[12/30/2025, 12:58:14 PM] POST /admin/edit-product/6952a0d353541cde43388467 
[12/30/2025, 12:58:14 PM] GET /admin/products?success=true 
[12/30/2025, 12:58:14 PM] GET /css/admin-style.css 
[12/30/2025, 12:58:19 PM] GET /admin/edit-product/6952103878fe8886f673cc23 
[12/30/2025, 12:58:19 PM] GET /css/admin-style.css 
[12/30/2025, 12:58:22 PM] POST /admin/edit-product/6952103878fe8886f673cc23 
[12/30/2025, 12:58:22 PM] GET /admin/products?success=true 
[12/30/2025, 12:58:22 PM] GET /css/admin-style.css 
[12/30/2025, 12:58:26 PM] GET /admin/edit-product/6952103878fe8886f673cc23 
[12/30/2025, 12:58:26 PM] GET /css/admin-style.css 
[12/30/2025, 12:58:31 PM] POST /admin/edit-product/6952103878fe8886f673cc23 
[12/30/2025, 12:58:31 PM] GET /admin/products?success=true 
[12/30/2025, 12:58:31 PM] GET /css/admin-style.css 
[12/30/2025, 12:58:38 PM] GET /admin/edit-product/6952103878fe8886f673cc4d 
[12/30/2025, 12:58:38 PM] GET /css/admin-style.css 
[12/30/2025, 12:58:41 PM] POST /admin/edit-product/6952103878fe8886f673cc4d 
[12/30/2025, 12:58:41 PM] GET /admin/products?success=true 
[12/30/2025, 12:58:41 PM] GET /css/admin-style.css 
[12/30/2025, 12:58:46 PM] GET /admin/edit-product/6952103878fe8886f673cc1b 
[12/30/2025, 12:58:46 PM] GET /css/admin-style.css 
[12/30/2025, 12:58:49 PM] POST /admin/edit-product/6952103878fe8886f673cc1b 
[12/30/2025, 12:58:50 PM] GET /admin/products?success=true 
[12/30/2025, 12:58:50 PM] GET /css/admin-style.css 
[12/30/2025, 12:58:57 PM] GET /admin/orders 
[12/30/2025, 12:59:04 PM] GET /admin/orders?status=delivered 
[12/30/2025, 12:59:15 PM] GET /admin/orders?status=deliveringNow 
[12/30/2025, 12:59:18 PM] GET /admin/orders?status=cancelled 
[12/30/2025, 12:59:23 PM] POST /admin/orders/update-status/6952c72f11357dfb3b54bbc4 
[12/30/2025, 12:59:23 PM] GET /admin/orders 
[12/30/2025, 12:59:26 PM] GET /admin 
[12/30/2025, 1:18:41 PM] GET /admin/api/stats 
[12/30/2025, 1:18:42 PM] GET /admin 
[12/30/2025, 1:18:46 PM] GET /admin/config 
[12/30/2025, 1:18:47 PM] GET /socket.io/socket.io.js 
[12/30/2025, 1:22:38 PM] GET /admin/config 
[12/30/2025, 1:22:38 PM] GET /socket.io/socket.io.js 
[12/30/2025, 1:39:46 PM] GET /login 
[12/30/2025, 1:39:52 PM] POST /login 
[12/30/2025, 1:39:53 PM] GET / 
[12/30/2025, 1:40:12 PM] GET /order 
[12/30/2025, 1:40:13 PM] GET /cart 
[12/30/2025, 1:40:41 PM] GET / 
[12/30/2025, 1:40:45 PM] GET /product/6952103878fe8886f673cc09 
[12/30/2025, 1:40:47 PM] POST /add-to-cart 
[12/30/2025, 1:40:49 PM] GET /cart 
[12/30/2025, 1:41:19 PM] GET /cart 
[12/30/2025, 1:41:19 PM] GET /login 
[12/30/2025, 1:41:23 PM] POST /login 
[12/30/2025, 1:41:23 PM] GET / 
[12/30/2025, 1:41:25 PM] GET /cart 
[12/30/2025, 1:44:50 PM] GET /admin/config 
[12/30/2025, 1:44:50 PM] GET /socket.io/socket.io.js 
[12/30/2025, 1:44:53 PM] GET /cart 
[12/30/2025, 1:44:53 PM] GET /login 
[12/30/2025, 1:44:58 PM] POST /login 
[12/30/2025, 1:44:58 PM] GET / 
[12/30/2025, 1:45:00 PM] GET /cart 
[12/30/2025, 1:48:06 PM] GET /cart 
[12/30/2025, 1:48:06 PM] GET /login 
[12/30/2025, 1:48:11 PM] POST /login 
[12/30/2025, 1:48:12 PM] GET / 
[12/30/2025, 1:48:14 PM] GET /cart 
[12/30/2025, 1:48:22 PM] POST /save-profile 
[12/30/2025, 1:48:42 PM] POST /place-order 
[12/30/2025, 1:48:46 PM] POST /update-cart 
[12/30/2025, 1:48:47 PM] GET /cart 
[12/30/2025, 1:49:03 PM] POST /api/calc-shipping 
[12/30/2025, 1:49:06 PM] POST /save-profile 
[12/30/2025, 1:49:10 PM] POST /api/calc-shipping 
[12/30/2025, 1:49:11 PM] POST /api/calc-shipping 
[12/30/2025, 2:06:03 PM] GET /cart 
[12/30/2025, 2:06:03 PM] GET /login 
[12/30/2025, 2:06:09 PM] POST /login 
[12/30/2025, 2:06:09 PM] GET / 
[12/30/2025, 2:06:11 PM] GET /cart 
[12/30/2025, 2:06:19 PM] POST /place-order 
[12/30/2025, 2:06:20 PM] GET /payment/simulate/momo/BIN1767078380085 
[12/30/2025, 2:08:47 PM] GET /payment/simulate/momo/BIN1767078380085 
[12/30/2025, 2:08:47 PM] GET /order?msg=Simulated_Success 
[12/30/2025, 2:08:47 PM] GET /login 
[12/30/2025, 2:08:53 PM] POST /login 
[12/30/2025, 2:08:54 PM] GET / 
[12/30/2025, 2:08:56 PM] GET /cart 
[12/30/2025, 2:08:57 PM] GET /order 
[12/30/2025, 2:09:03 PM] GET /Aosomi 
[12/30/2025, 2:09:04 PM] GET /product/6952103878fe8886f673cc2f 
[12/30/2025, 2:09:05 PM] POST /add-to-cart 
[12/30/2025, 2:09:07 PM] GET /cart 
[12/30/2025, 2:09:12 PM] POST /place-order 
[12/30/2025, 2:09:12 PM] GET /payment/simulate/momo/BIN1767078552617 
[12/30/2025, 2:09:13 PM] GET /order?msg=Simulated_Success 
[12/30/2025, 2:11:53 PM] GET /logout 
[12/30/2025, 2:11:54 PM] GET / 
[12/30/2025, 2:11:55 PM] GET /login 
[12/30/2025, 2:11:59 PM] POST /login 
[12/30/2025, 2:11:59 PM] GET / 
[12/30/2025, 2:12:01 PM] GET /cart 
[12/30/2025, 2:12:05 PM] GET / 
[12/30/2025, 2:12:06 PM] GET /product/6952103878fe8886f673cc07 
[12/30/2025, 2:12:11 PM] POST /add-to-cart 
[12/30/2025, 2:12:12 PM] GET /cart 
[12/30/2025, 2:12:19 PM] POST /place-order 
[12/30/2025, 2:12:19 PM] GET /payment/simulate/momo/BIN1767078739509 
[12/30/2025, 2:12:20 PM] GET /order?msg=Simulated_Success 
[12/30/2025, 2:12:27 PM] GET /admin/orders 
[12/30/2025, 2:12:32 PM] GET /admin/orders?status=deliveringNow 
[12/30/2025, 2:12:35 PM] GET /admin/orders?status=deliveringNow 
[12/30/2025, 2:12:40 PM] GET /admin/orders?status=deliveringNow 
[12/30/2025, 2:12:46 PM] GET /admin/orders?status=delivered 
[12/30/2025, 2:12:48 PM] GET /admin/orders?status=cancelled 
[12/30/2025, 2:12:55 PM] GET /admin/orders?status=pending 
[12/30/2025, 2:12:58 PM] GET /admin/orders?status=delivered 
[12/30/2025, 2:13:00 PM] GET /admin/orders?status=deliveringNow 
[12/30/2025, 2:15:50 PM] GET /admin/orders?status=deliveringNow 
[12/30/2025, 2:16:23 PM] GET /admin/orders?status=deliveringNow 
[12/30/2025, 2:16:27 PM] GET /admin/orders?status=delivering 
[12/30/2025, 2:16:30 PM] GET /admin/orders?status=delivered 
[12/30/2025, 2:16:33 PM] GET /admin/orders?status=deliveringNow 
[12/30/2025, 2:17:17 PM] GET /admin/orders?status=deliveringNow 
[12/30/2025, 2:17:20 PM] GET /admin/orders?status=delivering 
[12/30/2025, 2:17:24 PM] POST /admin/orders/update-status/69537b53f658abe4629b6dfe 
[12/30/2025, 2:17:24 PM] GET /admin/orders 
[12/30/2025, 2:17:28 PM] POST /admin/orders/update-status/69537a9861dca263ebb0581a 
[12/30/2025, 2:17:28 PM] GET /admin/orders 
[12/30/2025, 2:17:31 PM] POST /admin/orders/update-status/695379ec1d0a8fc0840e3b14 
[12/30/2025, 2:17:31 PM] GET /admin/orders 
[12/30/2025, 2:17:38 PM] GET /admin/orders?status=delivering 
[12/30/2025, 2:17:41 PM] GET /admin/users 
[12/30/2025, 2:17:42 PM] GET /admin/orders 
[12/30/2025, 2:17:46 PM] GET /admin/orders?status=delivering 
[12/30/2025, 2:17:49 PM] GET /admin/orders?status=delivered 
[12/30/2025, 2:17:54 PM] POST /admin/orders/update-status/69537a9861dca263ebb0581a 
[12/30/2025, 2:17:55 PM] GET /admin/orders 
[12/30/2025, 2:17:59 PM] POST /admin/orders/update-status/69537a9861dca263ebb0581a 
[12/30/2025, 2:17:59 PM] GET /admin/orders 
[12/30/2025, 2:18:02 PM] GET /order?msg=Simulated_Success 
[12/30/2025, 2:18:02 PM] GET /login 
[12/30/2025, 2:18:08 PM] POST /login 
[12/30/2025, 2:18:08 PM] GET / 
[12/30/2025, 2:18:11 PM] GET /order 
[12/30/2025, 2:21:58 PM] GET /order 
[12/30/2025, 2:21:58 PM] GET /login 
[12/30/2025, 2:22:08 PM] POST /login 
[12/30/2025, 2:22:08 PM] GET / 
[12/30/2025, 2:22:44 PM] GET /product/6952103878fe8886f673cc0b 
[12/30/2025, 2:22:50 PM] POST /add-to-cart 
[12/30/2025, 2:22:51 PM] GET /cart 
[12/30/2025, 2:22:53 PM] POST /update-cart 
[12/30/2025, 2:22:53 PM] GET /cart 
[12/30/2025, 2:23:07 PM] POST /save-profile 
[12/30/2025, 2:23:11 PM] POST /place-order 
[12/30/2025, 2:23:12 PM] GET /payment/simulate/momo/BIN1767079391832 
[12/30/2025, 2:23:12 PM] GET /order?msg=Simulated_Success 
[12/30/2025, 2:29:12 PM] GET /order?msg=Simulated_Success 
[12/30/2025, 2:29:12 PM] GET /login 
[12/30/2025, 2:29:17 PM] POST /login 
[12/30/2025, 2:29:18 PM] GET / 
[12/30/2025, 2:29:20 PM] GET /product/6952103878fe8886f673cc0b 
[12/30/2025, 2:29:25 PM] POST /add-to-cart 
[12/30/2025, 2:29:26 PM] GET /order 
[12/30/2025, 2:29:31 PM] GET /cart 
[12/30/2025, 2:29:33 PM] POST /update-cart 
[12/30/2025, 2:29:33 PM] GET /cart 
[12/30/2025, 2:29:35 PM] POST /update-cart 
[12/30/2025, 2:29:35 PM] GET /cart 
[12/30/2025, 2:29:43 PM] POST /save-profile 
[12/30/2025, 2:29:52 PM] POST /api/calc-shipping 
[12/30/2025, 2:30:12 PM] POST /place-order 
[12/30/2025, 2:30:19 PM] POST /place-order 
[12/30/2025, 2:30:27 PM] POST /update-cart 
[12/30/2025, 2:30:27 PM] GET /cart 
[12/30/2025, 2:30:29 PM] POST /update-cart 
[12/30/2025, 2:30:30 PM] GET /cart 
[12/30/2025, 2:30:41 PM] POST /api/calc-shipping 
[12/30/2025, 2:30:50 PM] POST /place-order 
[12/30/2025, 2:30:58 PM] POST /place-order 
[12/30/2025, 2:31:09 PM] POST /update-cart 
[12/30/2025, 2:31:10 PM] GET /cart 
[12/30/2025, 2:31:17 PM] POST /api/calc-shipping 
[12/30/2025, 2:31:21 PM] POST /place-order 
[12/30/2025, 2:42:08 PM] POST /place-order 
[12/30/2025, 2:42:11 PM] GET /logout 
[12/30/2025, 2:42:11 PM] GET / 
[12/30/2025, 2:42:12 PM] GET /logout 
[12/30/2025, 2:42:12 PM] GET / 
[12/30/2025, 2:42:16 PM] GET /login 
[12/30/2025, 2:42:21 PM] POST /login 
[12/30/2025, 2:42:21 PM] GET / 
[12/30/2025, 2:42:23 PM] GET /cart 
[12/30/2025, 2:42:27 PM] POST /update-cart 
[12/30/2025, 2:42:27 PM] GET /cart 
[12/30/2025, 2:42:28 PM] POST /update-cart 
[12/30/2025, 2:42:28 PM] GET /cart 
[12/30/2025, 2:42:36 PM] POST /place-order 
[12/30/2025, 2:42:40 PM] POST /update-cart 
[12/30/2025, 2:42:41 PM] GET /cart 
[12/30/2025, 2:42:48 PM] POST /place-order 
[12/30/2025, 2:44:11 PM] GET /cart 
[12/30/2025, 2:44:11 PM] GET /login 
[12/30/2025, 2:44:16 PM] POST /login 
[12/30/2025, 2:44:17 PM] GET / 
[12/30/2025, 2:44:19 PM] GET /cart 
[12/30/2025, 2:44:24 PM] POST /update-cart 
[12/30/2025, 2:44:24 PM] GET /cart 
[12/30/2025, 2:44:26 PM] POST /update-cart 
[12/30/2025, 2:44:26 PM] GET /cart 
[12/30/2025, 2:46:08 PM] GET /logout 
[12/30/2025, 2:46:08 PM] GET / 
[12/30/2025, 2:46:11 PM] GET /login 
[12/30/2025, 2:46:16 PM] POST /login 
[12/30/2025, 2:46:16 PM] GET / 
[12/30/2025, 2:46:18 PM] GET /cart 
[12/30/2025, 2:46:21 PM] POST /update-cart 
[12/30/2025, 2:46:21 PM] GET /cart 
[12/30/2025, 2:46:26 PM] POST /place-order 
[12/30/2025, 2:55:14 PM] GET /cart 
[12/30/2025, 2:55:14 PM] GET /login 
[12/30/2025, 2:55:16 PM] GET /register 
[12/30/2025, 2:55:16 PM] GET /login 
[12/30/2025, 2:55:18 PM] GET /register 
[12/30/2025, 2:55:19 PM] GET /login 
[12/30/2025, 2:55:24 PM] POST /login 
[12/30/2025, 2:55:24 PM] GET / 
[12/30/2025, 2:55:26 PM] GET /cart 
[12/30/2025, 2:55:28 PM] POST /update-cart 
[12/30/2025, 2:55:28 PM] GET /cart 
[12/30/2025, 2:55:29 PM] POST /update-cart 
[12/30/2025, 2:55:30 PM] GET /cart 
[12/30/2025, 2:55:30 PM] POST /update-cart 
[12/30/2025, 2:55:31 PM] GET /cart 
[12/30/2025, 2:55:31 PM] POST /update-cart 
[12/30/2025, 2:55:31 PM] GET /cart 
[12/30/2025, 2:55:33 PM] POST /update-cart 
[12/30/2025, 2:55:33 PM] GET /cart 
[12/30/2025, 2:55:34 PM] POST /update-cart 
[12/30/2025, 2:55:38 PM] POST /update-cart 
[12/30/2025, 2:55:44 PM] POST /place-order 
[12/30/2025, 2:55:44 PM] GET /payment/simulate/momo/BIN1767081344377 
[12/30/2025, 2:55:45 PM] GET /order?msg=Simulated_Success 
[12/30/2025, 2:55:51 PM] GET /cart 
[12/30/2025, 2:55:57 PM] GET / 
[12/30/2025, 2:55:59 PM] GET /Aodai 
[12/30/2025, 2:56:00 PM] GET /product/6952103878fe8886f673cc3f 
[12/30/2025, 2:56:06 PM] POST /add-to-cart 
[12/30/2025, 2:56:07 PM] GET /cart 
[12/30/2025, 2:56:11 PM] POST /update-cart 
[12/30/2025, 2:56:20 PM] POST /api/calc-shipping 
[12/30/2025, 2:56:23 PM] POST /api/calc-shipping 
[12/30/2025, 2:56:30 PM] POST /place-order 
[12/30/2025, 2:56:30 PM] GET /payment/simulate/momo/BIN1767081390307 
[12/30/2025, 2:56:30 PM] GET /order?msg=Simulated_Success 
[12/30/2025, 2:56:38 PM] GET /admin/orders 
[12/30/2025, 2:56:43 PM] POST /admin/orders/update-status/695385ae2953028fb579eff3 
[12/30/2025, 2:56:43 PM] GET /admin/orders 
[12/30/2025, 2:56:47 PM] POST /admin/orders/update-status/695385802953028fb579ef6f 
[12/30/2025, 2:56:48 PM] GET /admin/orders 
[12/30/2025, 2:56:52 PM] POST /admin/orders/update-status/695385802953028fb579ef6f 
[12/30/2025, 2:56:53 PM] GET /admin/orders 
[12/30/2025, 2:56:58 PM] POST /admin/orders/update-status/695385802953028fb579ef6f 
[12/30/2025, 2:56:58 PM] GET /admin/orders 
[12/30/2025, 2:57:01 PM] POST /admin/orders/update-status/69537ddf43b450b30fb8743d 
[12/30/2025, 2:57:01 PM] GET /admin/orders 
[12/30/2025, 2:57:05 PM] POST /admin/orders/update-status/69537ddf43b450b30fb8743d 
[12/30/2025, 2:57:05 PM] GET /admin/orders 
[12/30/2025, 2:57:08 PM] POST /admin/orders/update-status/69537ddf43b450b30fb8743d 
[12/30/2025, 2:57:09 PM] GET /admin/orders 
[12/30/2025, 2:57:12 PM] POST /admin/orders/update-status/69537ddf43b450b30fb8743d 
[12/30/2025, 2:57:12 PM] GET /admin/orders 
[12/30/2025, 2:57:16 PM] POST /admin/orders/update-status/69537ddf43b450b30fb8743d 
[12/30/2025, 2:57:16 PM] GET /admin/orders 
[12/30/2025, 2:57:20 PM] GET /order?msg=Simulated_Success 
[12/30/2025, 2:58:21 PM] GET /order?msg=Simulated_Success 
[12/30/2025, 2:58:21 PM] GET /login 
[12/30/2025, 2:58:28 PM] POST /login 
[12/30/2025, 2:58:28 PM] GET / 
[12/30/2025, 2:58:30 PM] GET /order 
[12/30/2025, 2:58:34 PM] POST /admin/orders/update-status/695385802953028fb579ef6f 
[12/30/2025, 2:58:34 PM] GET /admin/orders 
[12/30/2025, 2:58:38 PM] POST /admin/orders/update-status/69537ddf43b450b30fb8743d 
[12/30/2025, 2:58:38 PM] GET /admin/orders 
[12/30/2025, 2:58:42 PM] POST /admin/orders/update-status/695385802953028fb579ef6f 
[12/30/2025, 2:58:42 PM] GET /admin/orders 
[12/30/2025, 2:58:45 PM] POST /admin/orders/update-status/69537ddf43b450b30fb8743d 
[12/30/2025, 2:58:45 PM] GET /admin/orders 
[12/30/2025, 2:58:48 PM] GET /admin 
[12/30/2025, 2:59:19 PM] GET /admin/api/stats 
[12/30/2025, 3:02:30 PM] GET /admin 
[12/30/2025, 3:02:32 PM] GET /admin/orders 
[12/30/2025, 3:02:37 PM] GET /admin/orders?status=delivering 
[12/30/2025, 3:02:41 PM] GET /admin/orders?status=delivered 
[12/30/2025, 3:02:45 PM] GET /admin/orders?status=pending 
[12/30/2025, 3:02:48 PM] GET /admin/orders?status=cancelled 
[12/30/2025, 3:02:51 PM] GET /admin/orders?status=delivered 
[12/30/2025, 3:02:54 PM] POST /admin/orders/update-status/695385ae2953028fb579eff3 
[12/30/2025, 3:02:54 PM] GET /admin/orders 
[12/30/2025, 3:03:00 PM] GET /admin/orders?status=delivering 
[12/30/2025, 3:03:06 PM] GET /order 
[12/30/2025, 3:03:06 PM] GET /login 
[12/30/2025, 3:03:11 PM] POST /login 
[12/30/2025, 3:03:11 PM] GET / 
[12/30/2025, 3:03:13 PM] GET /order 
[12/30/2025, 3:03:27 PM] GET /admin/orders?status=pending 
[12/30/2025, 3:03:31 PM] POST /admin/orders/update-status/69537a9861dca263ebb0581a 
[12/30/2025, 3:03:31 PM] GET /admin/orders 
[12/30/2025, 3:03:36 PM] GET /order 
[12/30/2025, 3:03:43 PM] GET /admin/users 
[12/30/2025, 3:04:18 PM] GET /admin/products 
[12/30/2025, 3:04:18 PM] GET /css/admin-style.css 
[12/30/2025, 3:04:27 PM] GET /admin 
[12/30/2025, 3:04:33 PM] GET /admin/orders 
[12/30/2025, 3:04:36 PM] POST /admin/orders/update-status/695385802953028fb579ef6f 
[12/30/2025, 3:04:36 PM] GET /admin/orders 
[12/30/2025, 3:04:40 PM] POST /admin/orders/update-status/69537ddf43b450b30fb8743d 
[12/30/2025, 3:04:40 PM] GET /admin/orders 
[12/30/2025, 3:04:44 PM] GET /admin 
[12/30/2025, 3:05:14 PM] GET /admin/api/stats 
[12/30/2025, 3:05:18 PM] GET /admin/orders 
[12/30/2025, 3:05:22 PM] GET /admin/users 
[12/30/2025, 3:05:26 PM] GET /admin/products 
[12/30/2025, 3:05:26 PM] GET /css/admin-style.css 
[12/30/2025, 3:05:32 PM] GET /admin/edit-product/6952103878fe8886f673cc43 
[12/30/2025, 3:05:32 PM] GET /css/admin-style.css 
[12/30/2025, 3:05:37 PM] GET /admin 
[12/30/2025, 3:06:08 PM] GET /admin/api/stats 
[12/30/2025, 3:06:16 PM] GET /admin/config 
[12/30/2025, 3:06:16 PM] GET /socket.io/socket.io.js 
[12/30/2025, 3:06:22 PM] POST /admin/config/save 
[12/30/2025, 3:06:22 PM] GET /admin/config?success=true 
[12/30/2025, 3:06:22 PM] GET /socket.io/socket.io.js 
[12/30/2025, 3:08:42 PM] POST /admin/logs/clear 
[12/30/2025, 3:08:49 PM] POST /admin/config/save 
[12/30/2025, 3:08:50 PM] GET /admin/config?success=true 
[12/30/2025, 3:08:50 PM] GET /socket.io/socket.io.js 
[12/30/2025, 3:08:53 PM] GET /admin/config?success=true 
[12/30/2025, 3:08:53 PM] GET /socket.io/socket.io.js 
[12/30/2025, 3:10:54 PM] GET /admin/config?success=true 
[12/30/2025, 3:10:54 PM] GET /socket.io/socket.io.js 
[12/30/2025, 3:10:56 PM] GET /admin/config?success=true 
[12/30/2025, 3:10:56 PM] GET /socket.io/socket.io.js 
[12/30/2025, 3:10:57 PM] POST /admin/config/save 
[12/30/2025, 3:10:58 PM] GET /admin/config?success=true 
[12/30/2025, 3:10:58 PM] GET /socket.io/socket.io.js 
[12/30/2025, 3:11:01 PM] POST /admin/config/save 
[12/30/2025, 3:11:02 PM] GET /admin/config?success=true 
[12/30/2025, 3:11:02 PM] GET /socket.io/socket.io.js 
[12/30/2025, 3:11:07 PM] POST /logs/clear 
[12/30/2025, 3:16:43 PM] GET /admin/config?success=true 
[12/30/2025, 3:16:43 PM] GET /socket.io/socket.io.js 
[12/30/2025, 3:16:45 PM] POST /admin/config/save 
[12/30/2025, 3:16:46 PM] GET /admin/config?success=true 
[12/30/2025, 3:16:46 PM] GET /socket.io/socket.io.js 
[12/30/2025, 3:16:48 PM] POST /admin/config/save 
[12/30/2025, 3:16:48 PM] GET /admin/config?success=true 
[12/30/2025, 3:16:49 PM] GET /socket.io/socket.io.js 
[12/30/2025, 3:16:51 PM] POST /admin/config/save 
[12/30/2025, 3:16:51 PM] GET /admin/config?success=true 
[12/30/2025, 3:16:51 PM] GET /socket.io/socket.io.js 
[12/30/2025, 3:16:55 PM] POST /admin/logs/clear 
[12/30/2025, 3:17:30 PM] GET /admin/config?success=true 
[12/30/2025, 3:17:30 PM] GET /socket.io/socket.io.js 
[12/30/2025, 3:17:33 PM] GET /admin/config?success=true 
[12/30/2025, 3:17:33 PM] GET /socket.io/socket.io.js 
[12/30/2025, 3:17:36 PM] POST /admin/config/save 
[12/30/2025, 3:17:36 PM] GET /admin/config?success=true 
[12/30/2025, 3:17:36 PM] GET /socket.io/socket.io.js 
[12/30/2025, 3:17:38 PM] POST /admin/config/save 
[12/30/2025, 3:17:38 PM] GET /admin/config?success=true 
[12/30/2025, 3:17:38 PM] GET /socket.io/socket.io.js 
[12/30/2025, 3:17:39 PM] POST /admin/config/save 
[12/30/2025, 3:17:40 PM] GET /admin/config?success=true 
[12/30/2025, 3:17:40 PM] GET /socket.io/socket.io.js 
[12/30/2025, 3:17:41 PM] POST /admin/config/save 
[12/30/2025, 3:17:41 PM] GET /admin/config?success=true 
[12/30/2025, 3:17:41 PM] GET /socket.io/socket.io.js 
[12/30/2025, 3:17:46 PM] POST /admin/config/save 
[12/30/2025, 3:17:46 PM] GET /admin/config?success=true 
[12/30/2025, 3:17:46 PM] GET /socket.io/socket.io.js 
[12/30/2025, 3:17:48 PM] POST /admin/config/save 
[12/30/2025, 3:17:48 PM] GET /admin/config?success=true 
[12/30/2025, 3:17:48 PM] GET /socket.io/socket.io.js 
[12/30/2025, 3:17:50 PM] POST /admin/config/save 
[12/30/2025, 3:17:50 PM] GET /admin/config?success=true 
[12/30/2025, 3:17:50 PM] GET /socket.io/socket.io.js 
[12/30/2025, 3:17:51 PM] POST /admin/config/save 
[12/30/2025, 3:17:51 PM] GET /admin/config?success=true 
[12/30/2025, 3:17:52 PM] GET /socket.io/socket.io.js 
[12/30/2025, 3:17:53 PM] POST /admin/config/save 
[12/30/2025, 3:17:53 PM] GET /admin/config?success=true 
[12/30/2025, 3:17:53 PM] GET /socket.io/socket.io.js 
[12/30/2025, 3:17:55 PM] POST /admin/config/save 
[12/30/2025, 3:17:55 PM] GET /admin/config?success=true 
[12/30/2025, 3:17:55 PM] GET /socket.io/socket.io.js 
[12/30/2025, 3:17:56 PM] POST /admin/config/save 
[12/30/2025, 3:17:56 PM] GET /admin/config?success=true 
[12/30/2025, 3:17:57 PM] GET /socket.io/socket.io.js 
[12/30/2025, 3:17:58 PM] POST /admin/config/save 
[12/30/2025, 3:17:58 PM] GET /admin/config?success=true 
[12/30/2025, 3:17:58 PM] GET /socket.io/socket.io.js 
[12/30/2025, 3:18:00 PM] POST /admin/config/save 
[12/30/2025, 3:18:00 PM] GET /admin/config?success=true 
[12/30/2025, 3:18:00 PM] GET /socket.io/socket.io.js 
[12/30/2025, 3:18:01 PM] POST /admin/config/save 
[12/30/2025, 3:18:01 PM] GET /admin/config?success=true 
[12/30/2025, 3:18:01 PM] GET /socket.io/socket.io.js 
[12/30/2025, 3:18:03 PM] POST /admin/config/save 
[12/30/2025, 3:18:03 PM] GET /admin/config?success=true 
[12/30/2025, 3:18:03 PM] GET /socket.io/socket.io.js 
[12/30/2025, 3:18:08 PM] POST /admin/logs/clear 
[12/30/2025, 3:18:12 PM] GET /admin/config?success=true 
[12/30/2025, 3:18:12 PM] GET /socket.io/socket.io.js 
[12/30/2025, 3:20:37 PM] GET /admin/config?success=true 
[12/30/2025, 3:20:38 PM] GET /socket.io/socket.io.js 
[12/30/2025, 3:20:40 PM] POST /admin/config/save 
[12/30/2025, 3:20:40 PM] GET /admin/config?success=true 
[12/30/2025, 3:20:41 PM] GET /socket.io/socket.io.js 
[12/30/2025, 3:20:42 PM] POST /admin/config/save 
[12/30/2025, 3:20:42 PM] GET /admin/config?success=true 
[12/30/2025, 3:20:42 PM] GET /socket.io/socket.io.js 
[12/30/2025, 3:20:46 PM] POST /admin/logs/clear 
[12/30/2025, 3:20:51 PM] POST /admin/logs/clear 
[12/30/2025, 3:20:54 PM] POST /admin/logs/clear 
[12/30/2025, 3:21:41 PM] GET /admin/config?success=true 
[12/30/2025, 3:21:41 PM] GET /socket.io/socket.io.js 
[12/30/2025, 3:21:42 PM] POST /admin/config/save 
[12/30/2025, 3:21:43 PM] GET /admin/config?success=true 
[12/30/2025, 3:21:43 PM] GET /socket.io/socket.io.js 
[12/30/2025, 3:21:44 PM] POST /admin/config/save 
[12/30/2025, 3:21:44 PM] GET /admin/config?success=true 
[12/30/2025, 3:21:44 PM] GET /socket.io/socket.io.js 
[12/30/2025, 3:21:47 PM] POST /admin/logs/clear 
[12/30/2025, 3:21:47 PM] GET /admin/config 
[12/30/2025, 3:21:48 PM] GET /socket.io/socket.io.js 
[12/30/2025, 3:22:10 PM] POST /admin/config/save 
[12/30/2025, 3:22:10 PM] GET /admin/config?success=true 
[12/30/2025, 3:22:10 PM] GET /socket.io/socket.io.js 
[12/30/2025, 3:22:55 PM] GET /logout 
[12/30/2025, 3:22:55 PM] GET / 
[12/30/2025, 3:23:00 PM] GET /product/6952103878fe8886f673cc09 
[12/30/2025, 3:23:03 PM] POST /add-to-cart 
[12/30/2025, 3:23:06 PM] GET /login 
[12/30/2025, 3:23:14 PM] POST /login 
[12/30/2025, 3:23:15 PM] GET / 
[12/30/2025, 3:23:17 PM] GET /product/6952103878fe8886f673cc07 
[12/30/2025, 3:23:18 PM] POST /add-to-cart 
[12/30/2025, 3:23:21 PM] GET /Aosomi 
[12/30/2025, 3:23:22 PM] GET /product/6952103878fe8886f673cc27 
[12/30/2025, 3:23:25 PM] POST /add-to-cart 
[12/30/2025, 3:23:28 PM] GET /cart 
[12/30/2025, 3:23:38 PM] POST /api/calc-shipping 
[12/30/2025, 3:23:41 PM] POST /place-order 
[12/30/2025, 3:23:42 PM] GET /payment/simulate/momo/BIN1767083021845 
[12/30/2025, 3:23:42 PM] GET /order?msg=Simulated_Success 
[12/30/2025, 3:23:49 PM] GET /Aosomi 
[12/30/2025, 3:23:50 PM] GET /product/6952103878fe8886f673cc27 
[12/30/2025, 3:23:53 PM] POST /add-to-cart 
[12/30/2025, 3:23:54 PM] GET /cart 
[12/30/2025, 3:23:59 PM] POST /place-order 
[12/30/2025, 3:24:00 PM] GET /payment/simulate/momo/BIN1767083039940 
[12/30/2025, 3:24:00 PM] GET /order?msg=Simulated_Success 
[12/30/2025, 3:24:02 PM] GET /Aosomi 
[12/30/2025, 3:24:04 PM] GET /product/6952103878fe8886f673cc27 
[12/30/2025, 3:24:07 PM] GET /order 
[12/30/2025, 3:24:14 PM] GET /admin 
[12/30/2025, 3:24:17 PM] GET /admin/orders 
[12/30/2025, 3:24:24 PM] POST /admin/orders/update-status/69538c1f5236d2e5d2d4660e 
[12/30/2025, 3:24:24 PM] GET /admin/orders 
[12/30/2025, 3:24:29 PM] POST /admin/orders/update-status/69538c0d5236d2e5d2d465ca 
[12/30/2025, 3:24:29 PM] GET /admin/orders 
[12/30/2025, 3:24:36 PM] GET /order 
[12/30/2025, 3:24:42 PM] GET /Aosomi 
[12/30/2025, 3:24:44 PM] GET /product/6952103878fe8886f673cc27 
[12/30/2025, 3:24:48 PM] GET /order 
[12/30/2025, 3:34:49 PM] GET /order 
[12/30/2025, 3:34:49 PM] GET /login 
[12/30/2025, 3:34:57 PM] POST /login 
[12/30/2025, 3:34:57 PM] GET / 
[12/30/2025, 3:35:16 PM] GET /Quan 
[12/30/2025, 3:35:17 PM] GET /product/6952103878fe8886f673cc13 
[12/30/2025, 3:35:20 PM] POST /add-to-cart 
[12/30/2025, 3:35:22 PM] GET /cart 
[12/30/2025, 3:35:29 PM] GET /admin 
[12/30/2025, 3:35:30 PM] POST /place-order 
[12/30/2025, 3:35:30 PM] GET /payment/simulate/momo/BIN1767083730364 
[12/30/2025, 3:35:30 PM] GET /order?msg=Simulated_Success 
[12/30/2025, 3:35:36 PM] GET /Quan 
[12/30/2025, 3:35:37 PM] GET /product/6952103878fe8886f673cc13 
[12/30/2025, 3:36:01 PM] GET /admin/api/stats 
[12/30/2025, 3:37:20 PM] GET /order 
[12/30/2025, 3:37:20 PM] GET /login 
[12/30/2025, 3:37:24 PM] POST /login 
[12/30/2025, 3:37:24 PM] GET / 
[12/30/2025, 3:37:27 PM] GET /order 
[12/30/2025, 3:37:31 PM] GET /admin/api/stats 
[12/30/2025, 3:37:33 PM] GET /admin/orders 
[12/30/2025, 3:37:37 PM] POST /admin/orders/update-status/69538ed28993dbdf886e4e46 
[12/30/2025, 3:37:38 PM] GET /admin/orders 
[12/30/2025, 3:37:42 PM] POST /admin/orders/update-status/69538ed28993dbdf886e4e46 
[12/30/2025, 3:37:46 PM] GET /admin/orders 
[12/30/2025, 3:37:52 PM] GET /order 
[12/30/2025, 3:37:56 PM] GET /Quan 
[12/30/2025, 3:37:57 PM] GET /product/6952103878fe8886f673cc13 
[12/30/2025, 3:38:01 PM] POST /add-to-cart 
[12/30/2025, 3:38:01 PM] GET /admin/api/stats 
[12/30/2025, 3:38:03 PM] GET /cart 
[12/30/2025, 3:38:09 PM] POST /place-order 
[12/30/2025, 3:38:09 PM] GET /payment/simulate/momo/BIN1767083889432 
[12/30/2025, 3:38:10 PM] GET /order?msg=Simulated_Success 
[12/30/2025, 3:38:12 PM] GET /Quan 
[12/30/2025, 3:38:14 PM] GET /product/6952103878fe8886f673cc13 
[12/30/2025, 3:38:18 PM] GET /admin/orders 
[12/30/2025, 3:38:23 PM] POST /admin/orders/update-status/69538f71f6fdf0ec6c3045f2 
[12/30/2025, 3:38:23 PM] GET /admin/orders 
[12/30/2025, 3:38:27 PM] POST /admin/orders/update-status/69538f71f6fdf0ec6c3045f2 
[12/30/2025, 3:38:31 PM] GET /admin/api/stats 
[12/30/2025, 3:38:35 PM] GET /admin/orders 
[12/30/2025, 3:38:39 PM] GET /product/6952103878fe8886f673cc13 
[12/30/2025, 3:38:47 PM] GET /order 
[12/30/2025, 3:39:01 PM] GET /admin/api/stats 
[12/30/2025, 3:49:11 PM] GET /admin/api/stats 
[12/30/2025, 3:49:13 PM] GET /admin/orders 
[12/30/2025, 3:49:17 PM] POST /admin/orders/update-status/69538f71f6fdf0ec6c3045f2 
[12/30/2025, 3:49:21 PM] POST /admin/orders/update-status/69538c0d5236d2e5d2d465ca 
[12/30/2025, 3:49:24 PM] GET /admin/orders 
[12/30/2025, 3:49:31 PM] POST /admin/orders/update-status/695385802953028fb579ef6f 
[12/30/2025, 3:49:31 PM] GET /admin/orders 
[12/30/2025, 3:49:42 PM] GET /order 
[12/30/2025, 3:49:42 PM] GET /login 
[12/30/2025, 3:49:48 PM] POST /login 
[12/30/2025, 3:49:48 PM] GET / 
[12/30/2025, 3:49:50 PM] GET /order 
[12/30/2025, 3:49:51 PM] GET /cart 
[12/30/2025, 3:49:56 PM] GET /order 
[12/30/2025, 3:50:01 PM] GET /Quan 
[12/30/2025, 3:50:02 PM] GET /product/6952103878fe8886f673cc0b 
[12/30/2025, 3:50:07 PM] GET /order 
[12/30/2025, 3:50:12 PM] GET /admin/api/stats 
[12/30/2025, 3:50:14 PM] GET /Quan 
[12/30/2025, 3:50:15 PM] GET /product/6952103878fe8886f673cc0b 
[12/30/2025, 3:50:27 PM] POST /admin/orders/update-status/69537ddf43b450b30fb8743d 
[12/30/2025, 3:50:27 PM] GET /admin/orders 
[12/30/2025, 3:50:35 PM] GET /product/6952103878fe8886f673cc0b 
[12/30/2025, 3:54:53 PM] GET / 
[12/30/2025, 3:54:56 PM] GET /admin/orders 
[12/30/2025, 3:55:06 PM] GET /admin/orders 
[12/30/2025, 3:55:34 PM] GET /admin/orders 
[12/30/2025, 3:55:37 PM] POST /admin/orders/update-status/69538f71f6fdf0ec6c3045f2 
[12/30/2025, 3:55:41 PM] POST /admin/orders/update-status/695385ae2953028fb579eff3 
[12/30/2025, 3:55:41 PM] GET /admin/orders 
[12/30/2025, 3:55:46 PM] POST /admin/orders/update-status/695385ae2953028fb579eff3 
[12/30/2025, 3:55:54 PM] POST /admin/orders/update-status/69537a9861dca263ebb0581a 
[12/30/2025, 3:55:54 PM] GET /admin/orders 
[12/30/2025, 3:56:12 PM] GET /admin/api/stats 
[12/30/2025, 4:01:14 PM] GET /admin/api/stats 
[12/30/2025, 4:01:23 PM] GET /login 
[12/30/2025, 4:01:31 PM] POST /login 
[12/30/2025, 4:01:31 PM] GET / 
[12/30/2025, 4:01:34 PM] GET /product/6952103878fe8886f673cc09 
[12/30/2025, 4:01:39 PM] POST /add-to-cart 
[12/30/2025, 4:01:40 PM] GET /cart 
[12/30/2025, 4:01:43 PM] POST /update-cart 
[12/30/2025, 4:01:50 PM] POST /place-order 
[12/30/2025, 4:01:51 PM] GET /payment/simulate/momo/BIN1767085311040 
[12/30/2025, 4:01:51 PM] GET /order?msg=Simulated_Success 
[12/30/2025, 4:01:58 PM] GET /admin/orders?status=delivering 
[12/30/2025, 4:02:01 PM] GET /admin/orders?status=pending 
[12/30/2025, 4:02:07 PM] POST /admin/orders/update-status/695394ff0b996367c1f78d83 
[12/30/2025, 4:02:07 PM] GET /admin/orders 
[12/30/2025, 4:02:12 PM] GET /admin/api/stats 
[12/30/2025, 4:02:12 PM] GET /order?msg=Simulated_Success 
[12/30/2025, 4:06:38 PM] GET /admin/orders 
[12/30/2025, 4:06:41 PM] GET /Aosomi 
[12/30/2025, 4:06:42 PM] GET /login 
[12/30/2025, 4:06:48 PM] POST /login 
[12/30/2025, 4:06:48 PM] GET / 
[12/30/2025, 4:06:50 PM] GET /product/6952103878fe8886f673cc05 
[12/30/2025, 4:06:52 PM] POST /add-to-cart 
[12/30/2025, 4:06:54 PM] GET /cart 
[12/30/2025, 4:07:00 PM] POST /remove-from-cart 
[12/30/2025, 4:07:00 PM] GET /cart 
[12/30/2025, 4:07:04 PM] GET / 
[12/30/2025, 4:07:05 PM] GET /product/6952103878fe8886f673cc09 
[12/30/2025, 4:07:08 PM] POST /add-to-cart 
[12/30/2025, 4:07:09 PM] GET /cart 
[12/30/2025, 4:07:12 PM] GET /admin/api/stats 
[12/30/2025, 4:07:14 PM] POST /place-order 
[12/30/2025, 4:07:15 PM] GET /payment/simulate/momo/BIN1767085634891 
[12/30/2025, 4:07:15 PM] GET /order?msg=Simulated_Success 
[12/30/2025, 4:07:25 PM] GET /admin/orders 
[12/30/2025, 4:07:38 PM] POST /admin/orders/update-status/69539642cdd76e0e9e2de539 
[12/30/2025, 4:07:38 PM] GET /admin/orders 
[12/30/2025, 4:07:42 PM] GET /order?msg=Simulated_Success 
[12/30/2025, 4:07:47 PM] GET /Vest 
[12/30/2025, 4:07:49 PM] GET /product/6952103878fe8886f673cc09 
[12/30/2025, 4:08:12 PM] GET /admin/api/stats 
[12/30/2025, 4:08:31 PM] GET /?zarsrc=30&utm_source=zalo&utm_medium=zalo&utm_campaign=zalo 
[12/30/2025, 4:08:31 PM] GET /?zarsrc=30&utm_source=zalo&utm_medium=zalo&utm_campaign=zalo 
[12/30/2025, 4:08:31 PM] GET /favicon.ico 
[12/30/2025, 4:08:34 PM] GET /?zarsrc=30&utm_source=zalo&utm_medium=zalo&utm_campaign=zalo 
[12/30/2025, 4:08:34 PM] GET /favicon.ico 
[12/30/2025, 4:08:46 PM] GET /login 
[12/30/2025, 4:08:57 PM] POST /login 
[12/30/2025, 4:08:57 PM] GET / 
[12/30/2025, 4:09:04 PM] GET /order 
[12/30/2025, 4:09:12 PM] GET /admin/api/stats 
[12/30/2025, 4:09:15 PM] GET /Aosomi 
[12/30/2025, 4:09:16 PM] GET /product/6952103878fe8886f673cc1f 
[12/30/2025, 4:09:28 PM] POST /add-to-cart 
[12/30/2025, 4:09:31 PM] GET /order 
[12/30/2025, 4:09:34 PM] GET /cart 
[12/30/2025, 4:09:45 PM] POST /place-order 
[12/30/2025, 4:09:46 PM] GET /payment/simulate/momo/BIN1767085785783 
[12/30/2025, 4:09:46 PM] GET /order?msg=Simulated_Success 
[12/30/2025, 4:09:55 PM] GET /admin/orders 
[12/30/2025, 4:09:59 PM] POST /admin/orders/update-status/695396d9cdd76e0e9e2de6d8 
[12/30/2025, 4:10:00 PM] GET /admin/orders 
[12/30/2025, 4:10:01 PM] GET /order?msg=Simulated_Success 
[12/30/2025, 4:10:04 PM] POST /admin/orders/update-status/695396d9cdd76e0e9e2de6d8 
[12/30/2025, 4:10:04 PM] GET /admin/orders 
[12/30/2025, 4:10:05 PM] GET /order?msg=Simulated_Success 
[12/30/2025, 4:10:09 PM] GET / 
[12/30/2025, 4:10:12 PM] GET /admin/api/stats 
[12/30/2025, 4:10:26 PM] GET /Quan 
[12/30/2025, 4:10:27 PM] GET /Aosomi 
[12/30/2025, 4:10:28 PM] GET /Aodai 
[12/30/2025, 4:10:29 PM] GET /Phukien 
[12/30/2025, 4:10:30 PM] GET /product/6952103878fe8886f673cc49 
[12/30/2025, 4:10:35 PM] POST /add-to-cart 
[12/30/2025, 4:10:40 PM] GET /cart 
[12/30/2025, 4:10:42 PM] POST /update-cart 
[12/30/2025, 4:10:43 PM] POST /update-cart 
[12/30/2025, 4:10:43 PM] GET /cart 
[12/30/2025, 4:10:43 PM] POST /update-cart 
[12/30/2025, 4:10:43 PM] GET /cart 
[12/30/2025, 4:10:46 PM] POST /update-cart 
[12/30/2025, 4:10:46 PM] POST /update-cart 
[12/30/2025, 4:10:46 PM] GET /cart 
[12/30/2025, 4:10:47 PM] GET /cart 
[12/30/2025, 4:10:48 PM] POST /update-cart 
[12/30/2025, 4:10:48 PM] POST /update-cart 
[12/30/2025, 4:10:48 PM] POST /update-cart 
[12/30/2025, 4:10:49 PM] GET /cart 
[12/30/2025, 4:10:49 PM] GET /cart 
[12/30/2025, 4:10:50 PM] POST /update-cart 
[12/30/2025, 4:10:50 PM] GET /cart 
[12/30/2025, 4:10:50 PM] POST /update-cart 
[12/30/2025, 4:10:51 PM] POST /update-cart 
[12/30/2025, 4:10:52 PM] POST /update-cart 
[12/30/2025, 4:10:52 PM] POST /update-cart 
[12/30/2025, 4:10:52 PM] GET /cart 
[12/30/2025, 4:10:52 PM] POST /update-cart 
[12/30/2025, 4:10:55 PM] POST /update-cart 
[12/30/2025, 4:11:04 PM] POST /place-order 
[12/30/2025, 4:11:05 PM] GET /payment/simulate/momo/BIN1767085865044 
[12/30/2025, 4:11:05 PM] GET /order?msg=Simulated_Success 
[12/30/2025, 4:11:11 PM] POST /admin/orders/update-status/695396d9cdd76e0e9e2de6d8 
[12/30/2025, 4:11:12 PM] GET /admin/api/stats 
[12/30/2025, 4:11:16 PM] GET /admin/orders 
[12/30/2025, 4:11:21 PM] POST /admin/orders/update-status/69539729cdd76e0e9e2de895 
[12/30/2025, 4:11:21 PM] GET /admin/orders 
[12/30/2025, 4:11:30 PM] POST /admin/orders/update-status/695396d9cdd76e0e9e2de6d8 
[12/30/2025, 4:11:33 PM] GET /order?msg=Simulated_Success 
[12/30/2025, 4:11:38 PM] GET /admin/users 
[12/30/2025, 4:11:43 PM] POST /admin/users/toggle-lock/695140217edb9135dbfea5d1 
[12/30/2025, 4:11:43 PM] GET /admin/users 
[12/30/2025, 4:11:44 PM] GET /order?msg=Simulated_Success 
[12/30/2025, 4:11:46 PM] GET /order?msg=Simulated_Success 
[12/30/2025, 4:11:47 PM] GET /logout 
[12/30/2025, 4:11:47 PM] GET / 
[12/30/2025, 4:11:48 PM] GET /login 
[12/30/2025, 4:11:57 PM] POST /login 
[12/30/2025, 4:12:01 PM] POST /admin/users/toggle-lock/695140217edb9135dbfea5d1 
[12/30/2025, 4:12:01 PM] GET /admin/users 
[12/30/2025, 4:12:12 PM] POST /login 
[12/30/2025, 4:12:12 PM] GET /admin/api/stats 
[12/30/2025, 4:12:13 PM] GET / 
[12/30/2025, 4:12:18 PM] GET /product/6952103878fe8886f673cc2b 
[12/30/2025, 4:12:31 PM] GET /product/6952103878fe8886f673cc09 
[12/30/2025, 4:12:32 PM] GET / 
[12/30/2025, 4:12:53 PM] GET /Vest 
[12/30/2025, 4:12:58 PM] GET /Quan 
[12/30/2025, 4:12:59 PM] GET /Aosomi 
[12/30/2025, 4:13:00 PM] GET /Aodai 
[12/30/2025, 4:13:01 PM] GET /Phukien 
[12/30/2025, 4:13:05 PM] GET /admin/orders 
[12/30/2025, 4:13:10 PM] GET /admin/orders?status=cancelled 
[12/30/2025, 4:13:12 PM] GET /admin/api/stats 
[12/30/2025, 4:13:14 PM] GET /admin 
[12/30/2025, 4:13:27 PM] GET /admin/orders 
[12/30/2025, 4:13:31 PM] GET /admin/users 
[12/30/2025, 4:13:34 PM] GET /admin/config 
[12/30/2025, 4:13:34 PM] GET /socket.io/socket.io.js 
[12/30/2025, 4:13:39 PM] POST /admin/logs/clear 
[12/30/2025, 4:13:39 PM] GET /admin/config 
[12/30/2025, 4:13:39 PM] GET /socket.io/socket.io.js 
[12/30/2025, 4:13:43 PM] POST /admin/config/save 
[12/30/2025, 4:13:44 PM] GET /admin/config?success=true 
[12/30/2025, 4:13:44 PM] GET /socket.io/socket.io.js 
[12/30/2025, 4:18:29 PM] GET /Phukien 
[12/30/2025, 4:18:45 PM] GET / 
[12/30/2025, 4:18:53 PM] GET /Vest 
[12/30/2025, 4:18:54 PM] GET /Quan 
[12/30/2025, 4:18:55 PM] GET /Aosomi 
[12/30/2025, 4:18:57 PM] GET /Aodai 
[12/30/2025, 4:18:58 PM] GET /Phukien 
[12/30/2025, 4:19:12 PM] GET /admin/api/stats 
[12/30/2025, 4:19:58 PM] GET / 
[12/30/2025, 4:20:12 PM] GET /admin/api/stats 
[12/30/2025, 4:20:18 PM] GET / 
[12/30/2025, 4:20:26 PM] GET / 
[12/30/2025, 4:20:27 PM] GET /favicon.ico 
[12/30/2025, 4:20:39 PM] GET /cart 
[12/30/2025, 4:20:39 PM] GET /login 
[12/30/2025, 4:20:40 PM] GET /order 
[12/30/2025, 4:20:40 PM] GET /login 
[12/30/2025, 4:20:41 PM] GET /register 
[12/30/2025, 4:20:42 PM] GET /login 
[12/30/2025, 4:20:43 PM] GET /register 
[12/30/2025, 4:20:43 PM] GET / 
[12/30/2025, 4:20:44 PM] GET /login 
[12/30/2025, 4:21:12 PM] GET /admin/api/stats 
[12/30/2025, 4:21:18 PM] GET / 
[12/30/2025, 4:21:46 PM] GET / 
[12/30/2025, 4:21:56 PM] GET /product/6952a0d353541cde43388467 
[12/30/2025, 4:21:59 PM] GET /product/6952103878fe8886f673cc4f 
[12/30/2025, 4:22:12 PM] GET /admin/api/stats 
[12/30/2025, 4:23:12 PM] GET /admin/api/stats 
[12/30/2025, 4:23:37 PM] GET / 
[12/30/2025, 4:23:40 PM] GET / 
[12/30/2025, 4:24:00 PM] GET /login 
[12/30/2025, 4:24:09 PM] POST /login 
[12/30/2025, 4:24:09 PM] GET / 
[12/30/2025, 4:24:12 PM] GET /admin/api/stats 
[12/30/2025, 4:24:16 PM] GET /Quan 
[12/30/2025, 4:24:18 PM] GET /Aosomi 
[12/30/2025, 4:24:19 PM] GET /Phukien 
[12/30/2025, 4:24:22 PM] GET /product/6952103878fe8886f673cc4f 
[12/30/2025, 4:24:27 PM] POST /add-to-cart 
[12/30/2025, 4:24:28 PM] GET /cart 
[12/30/2025, 4:24:35 PM] POST /place-order 
[12/30/2025, 4:24:36 PM] GET /payment/simulate/momo/BIN1767086675552 
[12/30/2025, 4:24:36 PM] GET /order?msg=Simulated_Success 
[12/30/2025, 4:24:45 PM] GET /admin/orders 
[12/30/2025, 4:24:49 PM] POST /admin/orders/update-status/69539a53a1030c1ccf361a30 
[12/30/2025, 4:24:49 PM] GET /admin/orders 
[12/30/2025, 4:24:55 PM] GET /cart 
[12/30/2025, 4:24:59 PM] GET /order?msg=Simulated_Success 
[12/30/2025, 4:25:00 PM] GET / 
[12/30/2025, 4:25:02 PM] GET /product/6952103878fe8886f673cc09 
[12/30/2025, 4:25:03 PM] POST /add-to-cart 
[12/30/2025, 4:25:04 PM] GET /cart 
[12/30/2025, 4:25:12 PM] GET /admin/api/stats 
[12/30/2025, 4:25:13 PM] POST /api/calc-shipping 
[12/30/2025, 4:25:16 PM] POST /place-order 
[12/30/2025, 4:25:17 PM] GET /payment/simulate/momo/BIN1767086716887 
[12/30/2025, 4:25:17 PM] GET /order?msg=Simulated_Success 
[12/30/2025, 4:25:23 PM] GET /admin/users 
[12/30/2025, 4:25:28 PM] GET /admin/orders 
[12/30/2025, 4:25:32 PM] POST /admin/orders/update-status/69539a7ca1030c1ccf361af7 
[12/30/2025, 4:25:32 PM] GET /admin/orders 
[12/30/2025, 4:25:36 PM] GET /admin/orders 
[12/30/2025, 4:25:38 PM] GET /admin/users 
[12/30/2025, 4:25:40 PM] GET /admin 
[12/30/2025, 4:25:44 PM] GET /admin/orders 
[12/30/2025, 4:26:12 PM] GET /admin/api/stats 
[12/30/2025, 4:27:12 PM] GET /admin/api/stats 
[12/30/2025, 4:28:11 PM] GET /admin 
[12/30/2025, 4:28:12 PM] GET /admin/api/stats 
[12/30/2025, 4:28:13 PM] GET /admin 
[12/30/2025, 4:28:21 PM] GET /login 
[12/30/2025, 4:28:37 PM] POST /login 
[12/30/2025, 4:28:37 PM] GET /admin 
[12/30/2025, 4:28:39 PM] GET /admin/orders 
[12/30/2025, 4:28:53 PM] GET /admin/orders?status=delivered 
[12/30/2025, 4:28:56 PM] GET /admin/orders?status=cancelled 
[12/30/2025, 4:29:12 PM] GET /admin/api/stats 
[12/30/2025, 4:29:36 PM] GET /admin/orders?status=cancelled 
[12/30/2025, 4:29:45 PM] GET /order?msg=Simulated_Success 
[12/30/2025, 4:29:47 PM] GET / 
[12/30/2025, 4:29:50 PM] GET /order 
[12/30/2025, 4:29:51 PM] GET /cart 
[12/30/2025, 4:29:55 PM] GET / 
[12/30/2025, 4:29:57 PM] GET /product/6952103878fe8886f673cc03 
[12/30/2025, 4:30:02 PM] POST /add-to-cart 
[12/30/2025, 4:30:08 PM] GET /cart 
[12/30/2025, 4:30:12 PM] GET /admin/api/stats 
[12/30/2025, 4:30:16 PM] POST /api/calc-shipping 
[12/30/2025, 4:30:18 PM] POST /api/calc-shipping 
[12/30/2025, 4:30:20 PM] POST /api/calc-shipping 
[12/30/2025, 4:30:22 PM] POST /api/calc-shipping 
[12/30/2025, 4:30:24 PM] POST /api/calc-shipping 
[12/30/2025, 4:30:26 PM] POST /api/calc-shipping 
[12/30/2025, 4:30:30 PM] POST /place-order 
[12/30/2025, 4:30:31 PM] GET /payment/simulate/momo/BIN1767087030917 
[12/30/2025, 4:30:31 PM] GET /order?msg=Simulated_Success 
[12/30/2025, 4:30:36 PM] GET /admin/orders?status=cancelled 
[12/30/2025, 4:30:40 PM] GET /admin/orders?status=pending 
[12/30/2025, 4:30:43 PM] POST /admin/orders/update-status/69539bb6a1030c1ccf361dd4 
[12/30/2025, 4:30:43 PM] GET /admin/orders 
[12/30/2025, 4:47:45 PM] GET /admin/orders 
[12/30/2025, 4:47:49 PM] GET /admin/products 
[12/30/2025, 4:47:50 PM] GET /css/admin-style.css 
[12/30/2025, 4:47:50 PM] GET /admin/users 
[12/30/2025, 4:47:51 PM] GET /admin/orders 
[12/30/2025, 9:11:07 PM] GET /admin 
[12/30/2025, 9:11:09 PM] GET /favicon.ico 
[12/30/2025, 9:11:12 PM] GET /admin/orders 
[12/30/2025, 9:11:44 PM] GET /admin/api/stats 
[12/30/2025, 9:12:14 PM] GET /admin/api/stats 
[12/30/2025, 9:12:44 PM] GET /admin/api/stats 
[12/30/2025, 9:13:03 PM] GET /admin 
[12/30/2025, 9:13:05 PM] GET /admin 
[12/30/2025, 9:13:06 PM] GET /admin/products 
[12/30/2025, 9:13:08 PM] GET /css/admin-style.css 
[12/30/2025, 9:13:10 PM] GET /admin 
[12/30/2025, 9:13:12 PM] GET /admin 
[12/30/2025, 9:13:17 PM] GET /admin/orders 
[12/30/2025, 9:13:44 PM] GET /admin 
[12/30/2025, 9:14:14 PM] GET /admin/api/stats 
[12/30/2025, 9:14:45 PM] GET /admin/api/stats 
[12/30/2025, 9:15:15 PM] GET /admin/api/stats 
[12/30/2025, 9:15:44 PM] GET /admin/api/stats 
[12/30/2025, 9:16:15 PM] GET /admin/api/stats 
[12/30/2025, 9:16:45 PM] GET /admin/api/stats 
[12/30/2025, 9:16:50 PM] GET /admin/orders 
[12/30/2025, 9:19:37 PM] GET /admin 
[12/30/2025, 9:20:09 PM] GET /admin/api/stats 
[12/30/2025, 9:20:39 PM] GET /admin/api/stats 
[12/30/2025, 9:20:43 PM] GET /admin 
[12/30/2025, 9:20:50 PM] GET /admin/api/revenue-data?start=2025-11-30&end=2025-12-30 
[12/30/2025, 9:21:02 PM] GET /admin/api/revenue-data?start=2025-12-17&end=2025-12-31 
[12/30/2025, 9:21:14 PM] GET /admin/api/stats 
[12/30/2025, 9:21:44 PM] GET /admin/api/stats 
[12/30/2025, 9:22:09 PM] GET /admin/orders 
[12/30/2025, 9:23:58 PM] GET /admin 
[12/30/2025, 9:24:10 PM] GET /admin/api/revenue-data?start=2025-12-29&end=2025-12-30 
[12/30/2025, 9:24:13 PM] GET /admin/api/revenue-data?start=2025-11-30&end=2025-12-30 
[12/30/2025, 9:24:32 PM] GET /admin/api/stats 
[12/30/2025, 9:25:02 PM] GET /admin/api/stats 
[12/30/2025, 9:25:32 PM] GET /admin/api/stats 
[12/30/2025, 9:26:02 PM] GET /admin/api/stats 
[12/30/2025, 9:26:41 PM] GET /admin 
[12/30/2025, 9:26:44 PM] GET /admin/api/revenue-data?start=2025-11-30&end=2025-12-30 
[12/30/2025, 9:27:12 PM] GET /admin/api/stats 
[12/30/2025, 9:27:42 PM] GET /admin/api/stats 
[12/30/2025, 9:29:11 PM] GET /admin/orders 
[12/30/2025, 9:29:12 PM] GET /admin/orders 
[12/30/2025, 9:29:18 PM] POST /admin/orders/update-status/69539bb6a1030c1ccf361dd4 
[12/30/2025, 9:29:20 PM] GET /admin/orders 
[12/30/2025, 9:29:23 PM] GET /admin 
[12/30/2025, 9:29:26 PM] GET /admin/api/revenue-data?start=2025-12-30&end=2025-12-30 
[12/30/2025, 9:29:27 PM] GET /admin/api/revenue-data?start=2025-12-30&end=2025-12-30 
[12/30/2025, 9:29:28 PM] GET /admin/api/revenue-data?start=2025-11-30&end=2025-12-30 
[12/30/2025, 9:29:29 PM] GET /admin/api/revenue-data?start=2025-12-30&end=2025-12-30 
[12/30/2025, 9:29:31 PM] GET /admin 
[12/30/2025, 9:29:33 PM] GET /admin/api/revenue-data?start=2025-12-30&end=2025-12-30 
[12/30/2025, 9:29:36 PM] GET /admin 
[12/30/2025, 9:30:07 PM] GET /admin/api/stats 
[12/30/2025, 9:30:37 PM] GET /admin/api/stats 
[12/30/2025, 9:30:41 PM] GET /admin/api/revenue-data?start=2025-11-30&end=2025-12-30 
[12/30/2025, 9:30:42 PM] GET /admin/api/revenue-data?start=2025-12-30&end=2025-12-30 
[12/30/2025, 9:30:43 PM] GET /admin/api/revenue-data?start=2025-11-30&end=2025-12-30 
[12/30/2025, 9:30:44 PM] GET /admin/api/revenue-data?start=2025-12-30&end=2025-12-30 
[12/30/2025, 9:30:54 PM] GET /admin/api/revenue-data?start=2025-12-15&end=2025-12-30 
[12/30/2025, 9:30:56 PM] GET /admin/api/revenue-data?start=2025-12-15&end=2025-12-30 
[12/30/2025, 9:30:56 PM] GET /admin/api/revenue-data?start=2025-12-15&end=2025-12-30 
[12/30/2025, 9:30:57 PM] GET /admin/api/revenue-data?start=2025-12-15&end=2025-12-30 
[12/30/2025, 9:30:57 PM] GET /admin/api/revenue-data?start=2025-12-15&end=2025-12-30 
[12/30/2025, 9:30:57 PM] GET /admin/api/revenue-data?start=2025-12-15&end=2025-12-30 
[12/30/2025, 9:30:57 PM] GET /admin/api/revenue-data?start=2025-12-15&end=2025-12-30 
[12/30/2025, 9:30:57 PM] GET /admin/api/revenue-data?start=2025-12-15&end=2025-12-30 
[12/30/2025, 9:30:57 PM] GET /admin/api/revenue-data?start=2025-12-15&end=2025-12-30 
[12/30/2025, 9:30:58 PM] GET /admin/api/revenue-data?start=2025-12-15&end=2025-12-30 
[12/30/2025, 9:30:58 PM] GET /admin/api/revenue-data?start=2025-12-15&end=2025-12-30 
[12/30/2025, 9:30:59 PM] GET /admin/api/revenue-data?start=2025-12-15&end=2025-12-30 
[12/30/2025, 9:30:59 PM] GET /admin/api/revenue-data?start=2025-12-15&end=2025-12-30 
[12/30/2025, 9:30:59 PM] GET /admin/api/revenue-data?start=2025-12-15&end=2025-12-30 
[12/30/2025, 9:31:07 PM] GET /admin/api/stats 
[12/30/2025, 9:31:37 PM] GET /admin/api/stats 
[12/30/2025, 9:43:12 PM] GET /admin/api/stats 
[12/30/2025, 9:43:13 PM] GET /admin 
[12/30/2025, 9:43:45 PM] GET /admin/api/stats 
[12/30/2025, 9:43:58 PM] GET /admin 
[12/30/2025, 9:44:02 PM] GET /admin/api/revenue-data?start=2025-11-30&end=2025-12-30 
[12/30/2025, 9:44:04 PM] GET /admin/api/revenue-data?start=2025-12-30&end=2025-12-30 
[12/30/2025, 9:44:06 PM] GET /admin/api/revenue-data?start=2025-11-30&end=2025-12-30 
[12/30/2025, 9:44:17 PM] GET /admin/api/revenue-data?start=2025-12-22&end=2025-12-30 
[12/30/2025, 9:44:29 PM] GET /admin/api/revenue-data?start=2025-07-10&end=2025-12-30 
[12/30/2025, 9:44:29 PM] GET /admin/api/stats 
[12/30/2025, 9:44:42 PM] GET /admin/api/revenue-data?start=2025-10-30&end=2025-12-30 
[12/30/2025, 9:44:54 PM] GET /admin/api/revenue-data?start=2025-09-30&end=2025-12-30 
[12/30/2025, 9:44:58 PM] GET /admin/api/revenue-data?start=2025-11-30&end=2025-12-30 
[12/30/2025, 9:44:59 PM] GET /admin/api/stats 
[12/30/2025, 9:45:00 PM] GET /admin/api/revenue-data?start=2025-12-30&end=2025-12-30 
[12/30/2025, 9:45:02 PM] GET /admin/api/revenue-data?start=2025-11-30&end=2025-12-30 
[12/30/2025, 9:45:05 PM] GET /admin/api/revenue-data?start=2025-12-30&end=2025-12-30 
[12/30/2025, 9:45:07 PM] GET /admin/api/revenue-data?start=2025-11-30&end=2025-12-30 
[12/30/2025, 9:45:13 PM] GET /admin/api/revenue-data?start=2025-12-30&end=2025-12-30 
[12/30/2025, 9:45:14 PM] GET /admin/api/revenue-data?start=2025-11-30&end=2025-12-30 
[12/30/2025, 9:45:29 PM] GET /admin/api/stats 
[12/30/2025, 9:45:59 PM] GET /admin/api/stats 
[12/30/2025, 9:46:29 PM] GET /admin/api/stats 
[12/30/2025, 9:46:59 PM] GET /admin/api/stats 
[12/30/2025, 9:47:29 PM] GET /admin/api/stats 
[12/30/2025, 9:48:06 PM] GET /admin/api/stats 
[12/30/2025, 9:48:07 PM] GET /admin/api/revenue-data?start=2025-11-30&end=2025-12-30 
[12/30/2025, 9:48:09 PM] GET /admin/api/revenue-data?start=2025-12-30&end=2025-12-30 
[12/30/2025, 9:48:10 PM] GET /admin/api/revenue-data?start=2025-11-30&end=2025-12-30 
[12/30/2025, 9:48:12 PM] GET /admin/orders 
[12/30/2025, 9:48:16 PM] GET /admin 
[12/30/2025, 9:48:19 PM] GET /admin/api/revenue-data?start=2025-11-30&end=2025-12-30 
[12/30/2025, 9:48:20 PM] GET /admin/api/revenue-data?start=2025-12-30&end=2025-12-30 
[12/30/2025, 9:48:21 PM] GET /admin/api/revenue-data?start=2025-11-30&end=2025-12-30 
[12/30/2025, 9:48:22 PM] GET /admin/api/revenue-data?start=2025-12-30&end=2025-12-30 
[12/30/2025, 9:48:23 PM] GET /admin/api/revenue-data?start=2025-11-30&end=2025-12-30 
[12/30/2025, 9:48:32 PM] GET /admin/api/revenue-data?start=2025-12-30&end=2025-12-30 
[12/30/2025, 9:48:33 PM] GET /admin/api/revenue-data?start=2025-11-30&end=2025-12-30 
[12/30/2025, 9:48:38 PM] GET /admin/api/revenue-data?start=2025-11-30&end=2025-12-30 
[12/30/2025, 9:48:39 PM] GET /admin/api/revenue-data?start=2025-12-30&end=2025-12-30 
[12/30/2025, 9:48:40 PM] GET /admin/api/revenue-data?start=2025-11-30&end=2025-12-30 
[12/30/2025, 9:48:47 PM] GET /admin/api/stats 
[12/30/2025, 9:48:50 PM] GET /Quan 
[12/30/2025, 9:48:52 PM] GET /login 
[12/30/2025, 9:48:56 PM] POST /login 
[12/30/2025, 9:48:56 PM] GET / 
[12/30/2025, 9:49:00 PM] GET /product/6952103878fe8886f673cc33 
[12/30/2025, 9:49:02 PM] POST /add-to-cart 
[12/30/2025, 9:49:04 PM] GET /cart 
[12/30/2025, 9:49:06 PM] POST /update-cart 
[12/30/2025, 9:49:06 PM] POST /update-cart 
[12/30/2025, 9:49:06 PM] POST /update-cart 
[12/30/2025, 9:49:06 PM] GET /cart 
[12/30/2025, 9:49:06 PM] GET /cart 
[12/30/2025, 9:49:06 PM] GET /cart 
[12/30/2025, 9:49:06 PM] POST /update-cart 
[12/30/2025, 9:49:07 PM] POST /update-cart 
[12/30/2025, 9:49:07 PM] POST /update-cart 
[12/30/2025, 9:49:15 PM] POST /update-cart 
[12/30/2025, 9:49:17 PM] GET /admin/api/stats 
[12/30/2025, 9:49:20 PM] GET /cart 
[12/30/2025, 9:49:23 PM] POST /update-cart 
[12/30/2025, 9:49:30 PM] POST /place-order 
[12/30/2025, 9:49:31 PM] GET /payment/simulate/momo/BIN1767106171004 
[12/30/2025, 9:49:32 PM] GET /order?msg=Simulated_Success 
[12/30/2025, 9:49:39 PM] GET /admin/orders 
[12/30/2025, 9:49:45 PM] POST /admin/orders/update-status/6953e67b1e2be3f4030a5ff4 
[12/30/2025, 9:49:46 PM] GET /admin/orders 
[12/30/2025, 9:49:48 PM] GET /order?msg=Simulated_Success 
[12/30/2025, 9:49:54 PM] POST /admin/orders/update-status/6953e67b1e2be3f4030a5ff4 
[12/30/2025, 9:49:55 PM] GET /admin/orders 
[12/30/2025, 9:50:01 PM] GET /order?msg=Simulated_Success 
[12/30/2025, 9:50:06 PM] GET /admin 
[12/30/2025, 9:50:10 PM] GET /admin/api/revenue-data?start=2025-11-30&end=2025-12-30 
[12/30/2025, 9:50:30 PM] GET /admin/api/revenue-data?start=2025-10-27&end=2025-12-30 
[12/30/2025, 9:50:38 PM] GET /admin/api/stats 
[12/30/2025, 9:51:08 PM] GET /admin/api/stats 
[12/30/2025, 9:51:39 PM] GET /admin/api/stats 
[12/30/2025, 9:52:08 PM] GET /admin/api/stats 
[12/30/2025, 9:52:27 PM] GET /admin 
[12/30/2025, 9:52:31 PM] GET / 
[12/30/2025, 9:52:33 PM] GET /favicon.ico 
[12/30/2025, 9:52:34 PM] GET /admin/api/revenue-data?start=2025-11-30&end=2025-12-30 
[12/30/2025, 9:52:37 PM] GET /Quan 
[12/30/2025, 9:52:39 PM] GET /Aosomi 
[12/30/2025, 9:52:41 PM] GET /Aodai 
[12/30/2025, 9:52:42 PM] GET /Phukien 
[12/30/2025, 9:52:43 PM] GET /Vest 
[12/30/2025, 9:52:44 PM] GET /Quan 
[12/30/2025, 9:52:46 PM] GET /Aosomi 
[12/30/2025, 9:52:50 PM] GET /Phukien 
[12/30/2025, 9:52:52 PM] GET / 
[12/30/2025, 9:52:57 PM] GET / 
[12/30/2025, 9:52:58 PM] GET /favicon.ico 
[12/30/2025, 9:52:58 PM] GET /admin/api/stats 
[12/30/2025, 9:53:07 PM] GET /Quan 
[12/30/2025, 9:53:09 PM] GET /Aosomi 
[12/30/2025, 9:53:10 PM] GET /product/6952103878fe8886f673cc05 
[12/30/2025, 9:53:10 PM] GET /Aodai 
[12/30/2025, 9:53:11 PM] GET /Phukien 
[12/30/2025, 9:53:12 PM] GET /login 
[12/30/2025, 9:53:13 PM] POST /add-to-cart 
[12/30/2025, 9:53:14 PM] GET /register 
[12/30/2025, 9:53:15 PM] GET /login 
[12/30/2025, 9:53:16 PM] GET /register 
[12/30/2025, 9:53:17 PM] GET /Vest 
[12/30/2025, 9:53:17 PM] GET /order 
[12/30/2025, 9:53:18 PM] GET /login 
[12/30/2025, 9:53:19 PM] GET /product/6952a0d353541cde43388467 
[12/30/2025, 9:53:20 PM] GET /login 
[12/30/2025, 9:53:22 PM] GET /cart 
[12/30/2025, 9:53:22 PM] GET /login 
[12/30/2025, 9:53:27 PM] GET /register 
[12/30/2025, 9:53:28 PM] GET /admin/api/stats 
[12/30/2025, 9:53:35 PM] GET /register 
[12/30/2025, 9:53:47 PM] POST /get-otp 
[12/30/2025, 9:53:57 PM] GET /admin 
[12/30/2025, 9:53:58 PM] GET /admin/api/stats 
[12/30/2025, 9:54:08 PM] POST /register 
[12/30/2025, 9:54:15 PM] POST /login 
[12/30/2025, 9:54:15 PM] GET / 
[12/30/2025, 9:54:19 PM] GET /product/6952103878fe8886f673cc09 
[12/30/2025, 9:54:29 PM] GET /admin/api/stats 
[12/30/2025, 9:54:30 PM] POST /add-to-cart 
[12/30/2025, 9:54:33 PM] GET /order 
[12/30/2025, 9:54:35 PM] GET /cart 
[12/30/2025, 9:54:36 PM] GET /login 
[12/30/2025, 9:54:39 PM] POST /update-cart 
[12/30/2025, 9:54:39 PM] POST /update-cart 
[12/30/2025, 9:54:39 PM] POST /update-cart 
[12/30/2025, 9:54:39 PM] GET /cart 
[12/30/2025, 9:54:40 PM] GET /register 
[12/30/2025, 9:54:41 PM] GET / 
[12/30/2025, 9:54:44 PM] GET / 
[12/30/2025, 9:54:45 PM] POST /update-cart 
[12/30/2025, 9:54:45 PM] GET /register 
[12/30/2025, 9:54:46 PM] GET /cart 
[12/30/2025, 9:54:59 PM] GET /admin/api/stats 
[12/30/2025, 9:55:12 PM] POST /save-profile 
[12/30/2025, 9:55:13 PM] GET /Quan 
[12/30/2025, 9:55:18 PM] POST /place-order 
[12/30/2025, 9:55:18 PM] GET /product/6952103878fe8886f673cc13 
[12/30/2025, 9:55:19 PM] GET /payment/simulate/momo/BIN1767106518583 
[12/30/2025, 9:55:19 PM] GET /order?msg=Simulated_Success 
[12/30/2025, 9:55:23 PM] GET /Aodai 
[12/30/2025, 9:55:25 PM] GET /Phukien 
[12/30/2025, 9:55:26 PM] GET /Aosomi 
[12/30/2025, 9:55:27 PM] GET /Quan 
[12/30/2025, 9:55:29 PM] GET /Aosomi 
[12/30/2025, 9:55:29 PM] GET /Vest 
[12/30/2025, 9:55:29 PM] GET /admin/api/stats 
[12/30/2025, 9:55:31 PM] GET /product/6952103878fe8886f673cc27 
[12/30/2025, 9:55:38 PM] GET /Aodai 
[12/30/2025, 9:55:41 PM] GET /product/6952103878fe8886f673cc3f 
[12/30/2025, 9:55:42 PM] GET / 
[12/30/2025, 9:55:50 PM] POST /add-to-cart 
[12/30/2025, 9:55:52 PM] GET /order 
[12/30/2025, 9:55:55 PM] GET /cart 
[12/30/2025, 9:55:59 PM] GET /admin/api/stats 
[12/30/2025, 9:56:00 PM] GET /order 
[12/30/2025, 9:56:13 PM] GET / 
[12/30/2025, 9:56:17 PM] GET /order 
[12/30/2025, 9:56:20 PM] GET /Aosomi 
[12/30/2025, 9:56:22 PM] GET /product/6952103878fe8886f673cc2b 
[12/30/2025, 9:56:23 PM] POST /add-to-cart 
[12/30/2025, 9:56:27 PM] GET /admin/orders 
[12/30/2025, 9:56:31 PM] GET /Aosomi 
[12/30/2025, 9:56:32 PM] POST /admin/orders/update-status/6953e7d61e2be3f4030a6342 
[12/30/2025, 9:56:32 PM] GET /admin/orders 
[12/30/2025, 9:56:32 PM] GET /product/6952103878fe8886f673cc2b 
[12/30/2025, 9:57:04 PM] GET / 
[12/30/2025, 9:57:14 PM] GET /order 
[12/30/2025, 9:57:15 PM] GET /admin/users 
[12/30/2025, 9:57:19 PM] POST /admin/users/toggle-lock/6953e7901e2be3f4030a6248 
[12/30/2025, 9:57:19 PM] GET /admin/users 
[12/30/2025, 9:57:26 PM] GET /Aosomi 
[12/30/2025, 9:57:29 PM] GET /Aodai 
[12/30/2025, 9:57:31 PM] GET /Phukien 
[12/30/2025, 9:57:36 PM] GET / 
[12/30/2025, 9:57:48 PM] GET /admin/orders 
[12/30/2025, 9:58:01 PM] GET /logout 
[12/30/2025, 9:58:02 PM] GET / 
[12/30/2025, 9:58:30 PM] GET /admin 
[12/30/2025, 9:58:43 PM] GET /admin/api/revenue-data?start=2025-11-30&end=2025-12-30 
[12/30/2025, 9:58:45 PM] GET /admin/orders 
[12/30/2025, 9:59:26 PM] POST /admin/orders/update-status/6953e7d61e2be3f4030a6342 
[12/30/2025, 9:59:36 PM] POST /admin/orders/update-status/6953e67b1e2be3f4030a5ff4 
[12/30/2025, 9:59:40 PM] POST /admin/orders/update-status/6953e7d61e2be3f4030a6342 
[12/30/2025, 9:59:47 PM] POST /admin/orders/update-status/69539bb6a1030c1ccf361dd4 
[12/30/2025, 9:59:56 PM] GET /admin/orders?status=delivering 
[12/30/2025, 10:00:00 PM] GET /admin/orders?status=delivered 
[12/30/2025, 10:00:02 PM] GET /admin/products 
[12/30/2025, 10:00:02 PM] GET /css/admin-style.css 
[12/30/2025, 10:00:04 PM] GET /admin/add-product 
[12/30/2025, 10:00:04 PM] GET /css/admin-style.css 
[12/30/2025, 10:00:50 PM] POST /admin/add-product 
[12/30/2025, 10:00:55 PM] GET /%20admin%20/%20products 
[12/30/2025, 10:05:43 PM] GET /Aodai 
[12/30/2025, 10:05:46 PM] GET /product/6953e9271e2be3f4030a6642 
[12/30/2025, 10:05:55 PM] POST /add-to-cart 
[12/30/2025, 10:08:20 PM] GET /admin/add-product 
[12/30/2025, 10:08:40 PM] GET /admin 
[12/30/2025, 10:08:56 PM] GET /admin 
[12/30/2025, 10:09:03 PM] GET /admin/api/revenue-data?start=2025-11-30&end=2025-12-30 
[12/30/2025, 10:09:06 PM] GET /admin/orders 
[12/30/2025, 10:09:08 PM] GET /admin/users 
[12/30/2025, 10:09:11 PM] POST /admin/users/toggle-lock/6953e7901e2be3f4030a6248 
[12/30/2025, 10:09:11 PM] GET /admin/users 
[12/30/2025, 10:09:14 PM] GET /admin/products 
[12/30/2025, 10:09:15 PM] GET /css/admin-style.css 
[12/30/2025, 10:10:07 PM] GET /admin/add-product 
[12/30/2025, 10:10:07 PM] GET /css/admin-style.css 
[12/30/2025, 10:11:00 PM] POST /admin/add-product 
[12/30/2025, 10:11:03 PM] GET /admin/products 
[12/30/2025, 10:11:04 PM] GET /css/admin-style.css 
[12/30/2025, 10:11:22 PM] GET /Vest 
[12/30/2025, 10:11:32 PM] GET /admin/edit-product/6953eb87f43ead5fda718500 
[12/30/2025, 10:11:32 PM] GET /css/admin-style.css 
[12/30/2025, 10:11:42 PM] POST /admin/edit-product/6953eb87f43ead5fda718500 
[12/30/2025, 10:11:42 PM] GET /admin/products?success=true 
[12/30/2025, 10:11:42 PM] GET /css/admin-style.css 
[12/30/2025, 10:11:50 PM] GET /Vest 
[12/30/2025, 10:25:50 PM] GET /admin/config 
[12/30/2025, 10:25:51 PM] GET /socket.io/socket.io.js 
[12/30/2025, 10:25:53 PM] POST /admin/config/save 
[12/30/2025, 10:25:54 PM] GET /admin/config?success=true 
[12/30/2025, 10:25:54 PM] GET /socket.io/socket.io.js 
[12/30/2025, 10:25:56 PM] POST /admin/config/save 
[12/30/2025, 10:25:56 PM] GET /admin/config?success=true 
[12/30/2025, 10:25:56 PM] GET /socket.io/socket.io.js 
[12/30/2025, 10:26:01 PM] POST /admin/logs/clear 
[12/30/2025, 10:26:01 PM] GET /admin/config 
[12/30/2025, 10:26:02 PM] GET /socket.io/socket.io.js 
[12/30/2025, 10:26:06 PM] GET /admin/users 
[12/30/2025, 10:26:08 PM] GET /admin/users 
[12/30/2025, 10:26:11 PM] GET /admin 
[12/30/2025, 10:26:16 PM] GET /admin/products 
[12/30/2025, 10:26:17 PM] GET /css/admin-style.css 
[12/30/2025, 10:26:19 PM] GET /admin 
[12/30/2025, 10:26:29 PM] GET /admin/api/revenue-data?start=2025-11-30&end=2025-12-30 
[12/30/2025, 10:26:51 PM] GET /admin/api/stats 
[12/30/2025, 10:49:20 PM] GET /Quan 
[12/30/2025, 10:49:21 PM] GET /favicon.ico 
[12/30/2025, 10:49:24 PM] GET / 
[12/30/2025, 10:49:28 PM] GET /login 
[12/30/2025, 10:49:32 PM] POST /login 
[12/30/2025, 10:49:32 PM] GET / 
[12/30/2025, 10:49:35 PM] GET /product/6952103878fe8886f673cc1b 
[12/30/2025, 10:49:40 PM] POST /add-to-cart 
[12/30/2025, 10:49:46 PM] GET /Quan 
[12/30/2025, 10:49:47 PM] GET /product/6952103878fe8886f673cc13 
[12/30/2025, 10:49:49 PM] POST /add-to-cart 
[12/30/2025, 10:49:50 PM] GET /Aodai 
[12/30/2025, 10:49:51 PM] GET /product/6952103878fe8886f673cc43 
[12/30/2025, 10:49:52 PM] POST /add-to-cart 
[12/30/2025, 10:49:54 PM] GET /Aosomi 
[12/30/2025, 10:49:56 PM] GET /product/6952103878fe8886f673cc27 
[12/30/2025, 10:49:57 PM] POST /add-to-cart 
[12/30/2025, 10:49:59 PM] GET /Phukien 
[12/30/2025, 10:50:00 PM] GET /product/6952103878fe8886f673cc4f 
[12/30/2025, 10:50:14 PM] GET /product/6952103878fe8886f673cc4d 
[12/30/2025, 10:50:19 PM] POST /add-to-cart 
[12/30/2025, 10:50:20 PM] GET /cart 
[12/30/2025, 10:50:22 PM] GET /order 
[12/30/2025, 10:50:23 PM] GET /cart 
[12/30/2025, 10:50:29 PM] POST /place-order 
[12/30/2025, 10:50:30 PM] GET /payment/simulate/momo/BIN1767109829968 
[12/30/2025, 10:50:30 PM] GET /order?msg=Simulated_Success 
[12/30/2025, 10:50:40 PM] GET /add-to-cart 
[12/30/2025, 10:50:45 PM] GET /admin 
[12/30/2025, 10:50:49 PM] GET /admin/orders 
[12/30/2025, 10:50:53 PM] POST /admin/orders/update-status/6953f4c5d106593ef984ebdc 
[12/30/2025, 10:50:53 PM] GET /admin/orders 
[12/30/2025, 10:50:55 PM] GET /order?msg=Simulated_Success 
[12/30/2025, 10:51:00 PM] POST /admin/orders/update-status/6953f4c5d106593ef984ebdc 
[12/30/2025, 10:51:05 PM] GET /admin 
[12/30/2025, 10:51:08 PM] GET /admin/api/revenue-data?start=2025-11-30&end=2025-12-30 
[12/30/2025, 10:51:19 PM] GET /admin/api/revenue-data?start=2025-12-16&end=2025-12-30 
[12/30/2025, 10:51:36 PM] GET /admin/api/stats 
[12/30/2025, 10:57:55 PM] GET /admin/api/stats 
[12/30/2025, 10:57:58 PM] GET /admin 
[12/30/2025, 10:58:02 PM] GET /admin/users 
[12/30/2025, 10:58:07 PM] GET /admin/products 
[12/30/2025, 10:58:11 PM] GET / 
[12/30/2025, 10:58:13 PM] GET /product/6952103878fe8886f673cc09 
[12/30/2025, 10:58:59 PM] GET /admin/products 
[12/30/2025, 10:59:41 PM] GET /admin 
[12/30/2025, 10:59:42 PM] GET /admin 
[12/30/2025, 10:59:48 PM] GET /admin 
[12/30/2025, 10:59:49 PM] GET /admin 
[12/30/2025, 11:03:41 PM] GET /admin 
[12/30/2025, 11:03:42 PM] GET /admin 
[12/30/2025, 11:03:45 PM] GET / 
[12/30/2025, 11:03:47 PM] GET /login 
[12/30/2025, 11:03:55 PM] POST /login 
[12/30/2025, 11:03:55 PM] GET /admin 
[12/30/2025, 11:05:37 PM] GET /login 
[12/30/2025, 11:05:44 PM] POST /login 
[12/30/2025, 11:05:44 PM] GET /admin 
[12/30/2025, 11:07:57 PM] GET /admin 
[12/30/2025, 11:08:01 PM] GET /admin/api/revenue-data?start=2025-11-30&end=2025-12-30 
[12/30/2025, 11:08:04 PM] GET /admin/products 
[12/30/2025, 11:08:07 PM] GET /admin/users 
[12/30/2025, 11:08:09 PM] GET /admin/products 
[12/30/2025, 11:08:45 PM] GET /admin 
[12/30/2025, 11:08:48 PM] GET /admin/products 
[12/30/2025, 11:08:51 PM] GET /admin/users 
[12/30/2025, 11:08:53 PM] GET /admin/config 
[12/30/2025, 11:11:10 PM] GET /admin/config 
[12/30/2025, 11:11:10 PM] GET /socket.io/socket.io.js 
[12/30/2025, 11:11:12 PM] GET /admin 
[12/30/2025, 11:11:15 PM] GET /admin/products 
[12/30/2025, 11:11:15 PM] GET /css/admin-style.css 
[12/30/2025, 11:11:21 PM] GET /admin/add-product 
[12/30/2025, 11:11:21 PM] GET /css/admin-style.css 
[12/30/2025, 11:11:23 PM] GET /admin/edit-product/6953e9271e2be3f4030a6642 
[12/30/2025, 11:11:23 PM] GET /css/admin-style.css 
[12/30/2025, 11:11:25 PM] POST /admin/toggle-product/6953e9271e2be3f4030a6642 
[12/30/2025, 11:11:25 PM] GET /admin/products 
[12/30/2025, 11:11:25 PM] GET /css/admin-style.css 
[12/30/2025, 11:11:26 PM] POST /admin/toggle-product/6953e9271e2be3f4030a6642 
[12/30/2025, 11:11:26 PM] GET /admin/products 
[12/30/2025, 11:11:27 PM] GET /css/admin-style.css 
[12/30/2025, 11:11:28 PM] GET /admin/orders 
[12/30/2025, 11:11:32 PM] POST /admin/orders/update-status/6953f4c5d106593ef984ebdc 
[12/30/2025, 11:11:34 PM] GET /admin/orders 
[12/30/2025, 11:11:36 PM] GET /admin/users 
[12/30/2025, 11:11:37 PM] GET /admin/products 
[12/30/2025, 11:11:38 PM] GET /css/admin-style.css 
[12/30/2025, 11:11:41 PM] GET /admin/config 
[12/30/2025, 11:11:41 PM] GET /socket.io/socket.io.js 
[12/30/2025, 11:11:43 PM] GET /admin 
[12/30/2025, 11:11:46 PM] GET /admin 
[12/30/2025, 11:15:38 PM] GET /admin/products 
[12/30/2025, 11:15:39 PM] GET /css/admin-style.css 
[12/30/2025, 11:15:40 PM] GET /admin/add-product 
[12/30/2025, 11:15:40 PM] GET /css/admin-style.css 
[12/30/2025, 11:16:04 PM] POST /admin/add-product 
[12/30/2025, 11:16:08 PM] GET /admin/products 
[12/30/2025, 11:16:08 PM] GET /css/admin-style.css 
[12/30/2025, 11:21:24 PM] GET /admin/products 
[12/30/2025, 11:21:24 PM] GET /css/admin-style.css 
[12/30/2025, 11:21:28 PM] GET /admin/add-product 
[12/30/2025, 11:21:28 PM] GET /css/admin-style.css 
[12/30/2025, 11:21:57 PM] POST /admin/add-product 
[12/30/2025, 11:22:00 PM] GET /admin/products 
[12/30/2025, 11:22:00 PM] GET /css/admin-style.css 
[12/30/2025, 11:22:04 PM] GET /admin/products 
[12/30/2025, 11:22:04 PM] GET /css/admin-style.css 
[12/30/2025, 11:22:41 PM] GET /Quan 
[12/30/2025, 11:22:43 PM] GET /login 
[12/30/2025, 11:22:48 PM] POST /login 
[12/30/2025, 11:22:48 PM] GET / 
[12/30/2025, 11:22:52 PM] GET /product/6952103878fe8886f673cc09 
[12/30/2025, 11:22:53 PM] POST /add-to-cart 
[12/30/2025, 11:22:57 PM] GET /cart 
[12/30/2025, 11:23:01 PM] POST /update-cart 
[12/30/2025, 11:23:01 PM] GET /cart 
[12/30/2025, 11:23:06 PM] POST /add-to-cart 
[12/30/2025, 11:23:08 PM] GET /cart 
[12/30/2025, 11:23:11 PM] POST /remove-from-cart 
[12/30/2025, 11:23:11 PM] GET /cart 
[12/30/2025, 11:23:13 PM] POST /add-to-cart 
[12/30/2025, 11:23:14 PM] GET /cart 
[12/30/2025, 11:23:19 PM] POST /update-cart 
[12/30/2025, 11:23:25 PM] POST /place-order 
[12/30/2025, 11:23:26 PM] GET /payment/simulate/momo/BIN1767111806173 
[12/30/2025, 11:23:26 PM] GET /order?msg=Simulated_Success 
[12/30/2025, 11:23:31 PM] GET /admin 
[12/30/2025, 11:23:35 PM] GET /admin/api/revenue-data?start=2025-11-30&end=2025-12-30 
[12/30/2025, 11:23:37 PM] GET /admin/products 
[12/30/2025, 11:23:37 PM] GET /css/admin-style.css 
[12/30/2025, 11:23:39 PM] GET /admin/users 
[12/30/2025, 11:23:40 PM] GET /admin/orders 
[12/30/2025, 11:23:46 PM] POST /admin/orders/update-status/6953fc7e6077faa2b433d0e1 
[12/30/2025, 11:23:46 PM] GET /admin/orders 
[12/30/2025, 11:23:48 PM] GET /order?msg=Simulated_Success 
[12/30/2025, 11:23:53 PM] POST /admin/orders/update-status/6953fc7e6077faa2b433d0e1 
[12/30/2025, 11:23:53 PM] GET /admin/orders 
[12/30/2025, 11:23:55 PM] GET /order?msg=Simulated_Success 
[12/30/2025, 11:27:02 PM] GET /order?msg=Simulated_Success 
[12/30/2025, 11:27:02 PM] GET /login 
[12/30/2025, 11:27:07 PM] POST /login 
[12/30/2025, 11:27:07 PM] GET / 
[12/30/2025, 11:27:10 PM] GET /product/6952103878fe8886f673cc07 
[12/30/2025, 11:27:12 PM] POST /add-to-cart 
[12/30/2025, 11:27:14 PM] GET /cart 
[12/30/2025, 11:27:20 PM] POST /place-order 
[12/30/2025, 11:27:20 PM] GET /payment/simulate/momo/BIN1767112040269 
[12/30/2025, 11:27:20 PM] GET /order?msg=Simulated_Success 
[12/30/2025, 11:27:23 PM] GET /admin/products 
[12/30/2025, 11:27:23 PM] GET /css/admin-style.css 
[12/30/2025, 11:27:25 PM] GET /admin/orders 
[12/30/2025, 11:27:29 PM] POST /admin/orders/update-status/6953fd681114456226ab111d 
[12/30/2025, 11:27:30 PM] GET /admin/orders 
[12/30/2025, 11:27:35 PM] GET /order?msg=Simulated_Success 
[12/30/2025, 11:29:26 PM] GET /admin/orders 
[12/30/2025, 11:29:28 PM] GET /admin/users 
[12/30/2025, 11:29:30 PM] GET /admin/products 
[12/30/2025, 11:29:30 PM] GET /css/admin-style.css 
[12/30/2025, 11:29:32 PM] GET /admin/add-product 
[12/30/2025, 11:29:32 PM] GET /css/admin-style.css 
[12/30/2025, 11:29:57 PM] POST /admin/add-product 
[12/30/2025, 11:30:00 PM] GET /admin/products 
[12/30/2025, 11:30:00 PM] GET /css/admin-style.css 
[12/30/2025, 11:33:11 PM] GET /admin/config 
[12/30/2025, 11:34:19 PM] GET /admin/orders 
[12/30/2025, 11:34:21 PM] GET /admin/config 
[12/30/2025, 11:36:50 PM] GET /admin/config 
[12/30/2025, 11:36:51 PM] GET /admin/config 
[12/30/2025, 11:36:52 PM] GET /admin/config 
[12/30/2025, 11:36:52 PM] GET /admin/config 
[12/30/2025, 11:36:53 PM] GET /admin/config 
[12/30/2025, 11:38:06 PM] GET /admin/config 
[12/30/2025, 11:38:07 PM] GET /admin/config 
[12/30/2025, 11:38:08 PM] GET /admin/config 
[12/30/2025, 11:39:04 PM] GET / 
[12/30/2025, 11:39:06 PM] GET /login 
[12/30/2025, 11:39:11 PM] POST /login 
[12/30/2025, 11:39:11 PM] GET / 
[12/30/2025, 11:39:13 PM] GET /logout 
[12/30/2025, 11:39:13 PM] GET / 
[12/30/2025, 11:39:16 PM] GET /login 
[12/30/2025, 11:39:20 PM] POST /login 
[12/30/2025, 11:39:21 PM] GET /admin 
[12/30/2025, 11:39:23 PM] GET /admin/config 
[12/30/2025, 11:41:12 PM] GET /admin/config 
[12/30/2025, 11:41:12 PM] GET /socket.io/socket.io.js 
[12/30/2025, 11:41:13 PM] GET /admin/orders 
[12/30/2025, 11:41:15 PM] GET /admin/config 
[12/30/2025, 11:41:15 PM] GET /socket.io/socket.io.js 
[12/30/2025, 11:41:18 PM] POST /admin/config/save 
[12/30/2025, 11:41:18 PM] GET /admin/config?success=true 
[12/30/2025, 11:41:19 PM] GET /socket.io/socket.io.js 
[12/30/2025, 11:41:22 PM] POST /admin/logs/clear 
[12/30/2025, 11:41:47 PM] GET /admin/config 
[12/30/2025, 11:41:47 PM] GET /socket.io/socket.io.js 
[12/30/2025, 11:41:48 PM] GET /admin/config 
[12/30/2025, 11:41:48 PM] GET /socket.io/socket.io.js 
[12/30/2025, 11:42:16 PM] GET /admin/config 
[12/30/2025, 11:42:16 PM] GET /socket.io/socket.io.js 
[12/30/2025, 11:42:20 PM] POST /admin/logs/clear 
[12/30/2025, 11:43:21 PM] GET /admin/config 
[12/30/2025, 11:43:22 PM] GET /socket.io/socket.io.js 
[12/30/2025, 11:43:23 PM] GET /admin/orders 
[12/30/2025, 11:43:25 PM] GET /admin/config 
[12/30/2025, 11:43:26 PM] GET /socket.io/socket.io.js 
[12/30/2025, 11:43:29 PM] POST /admin/logs/clear 
[12/30/2025, 11:43:29 PM] GET /admin/config 
[12/30/2025, 11:43:30 PM] GET /socket.io/socket.io.js 
[12/30/2025, 11:43:32 PM] POST /admin/config/save 
[12/30/2025, 11:44:22 PM] POST /admin/logs/clear 
[12/30/2025, 11:44:22 PM] GET /admin/config 
[12/30/2025, 11:44:22 PM] GET /socket.io/socket.io.js 
[12/30/2025, 11:44:25 PM] POST /admin/config/save 
[12/30/2025, 11:44:25 PM] GET /admin/config?success=true 
[12/30/2025, 11:44:25 PM] GET /socket.io/socket.io.js 
[12/30/2025, 11:44:26 PM] POST /admin/config/save 
[12/30/2025, 11:44:26 PM] GET /admin/config?success=true 
[12/30/2025, 11:44:26 PM] GET /socket.io/socket.io.js 
[12/30/2025, 11:44:27 PM] POST /admin/config/save 
[12/30/2025, 11:44:27 PM] GET /admin/config?success=true 
[12/30/2025, 11:44:28 PM] GET /socket.io/socket.io.js 
[12/30/2025, 11:44:32 PM] POST /admin/logs/clear 
[12/30/2025, 11:44:32 PM] GET /admin/config 
[12/30/2025, 11:44:32 PM] GET /socket.io/socket.io.js 
[12/30/2025, 11:57:12 PM] GET /admin/products 
[12/30/2025, 11:57:17 PM] GET /admin/users 
[12/30/2025, 11:57:18 PM] GET /admin/orders 
[12/30/2025, 11:57:20 PM] GET /admin/config 
[12/30/2025, 11:57:20 PM] GET /socket.io/socket.io.js 
[12/30/2025, 11:57:21 PM] GET /admin 
[12/30/2025, 11:57:24 PM] GET /admin/orders 
[12/30/2025, 11:57:28 PM] GET /admin/products 
[12/30/2025, 11:59:30 PM] GET /admin/products 
[12/30/2025, 11:59:31 PM] GET /admin/products 
[12/30/2025, 11:59:31 PM] GET /admin/products 
[12/30/2025, 11:59:32 PM] GET /admin/products 
[12/31/2025, 12:00:05 AM] GET /admin/products 
[12/31/2025, 12:00:06 AM] GET /admin/products 
[12/31/2025, 12:00:08 AM] GET /admin/users 
[12/31/2025, 12:00:08 AM] GET /admin/orders 
[12/31/2025, 12:00:11 AM] GET /admin/products 
[12/31/2025, 12:00:56 AM] GET /admin/products 
[12/31/2025, 12:00:57 AM] GET /css/admin-style.css 
[12/31/2025, 12:01:00 AM] GET /admin/add-product 
[12/31/2025, 12:01:00 AM] GET /css/admin-style.css 
[12/31/2025, 12:01:21 AM] POST /admin/add-product 
[12/31/2025, 12:01:24 AM] GET /admin/products 
[12/31/2025, 12:01:24 AM] GET /css/admin-style.css 
[12/31/2025, 12:01:30 AM] GET /admin/edit-product/6953e9271e2be3f4030a6642 
[12/31/2025, 12:01:31 AM] GET /css/admin-style.css 
[12/31/2025, 12:01:37 AM] POST /admin/edit-product/6953e9271e2be3f4030a6642 
[12/31/2025, 12:01:37 AM] GET /admin/products?success=true 
[12/31/2025, 12:01:37 AM] GET /css/admin-style.css 
[12/31/2025, 12:02:17 AM] GET /admin/products?success=true 
[12/31/2025, 12:02:17 AM] GET /css/admin-style.css 
[12/31/2025, 12:02:19 AM] GET /admin/add-product 
[12/31/2025, 12:02:19 AM] GET /css/admin-style.css 
[12/31/2025, 12:02:40 AM] POST /admin/add-product 
[12/31/2025, 12:02:42 AM] GET /admin/products 
[12/31/2025, 12:02:42 AM] GET /css/admin-style.css 
[12/31/2025, 12:21:22 AM] GET / 
[12/31/2025, 12:21:24 AM] GET /login 
[12/31/2025, 12:21:30 AM] POST /login 
[12/31/2025, 12:21:30 AM] GET / 
[12/31/2025, 12:21:35 AM] GET /product/6952103878fe8886f673cc07 
[12/31/2025, 12:21:37 AM] POST /add-to-cart 
[12/31/2025, 12:21:42 AM] GET /Aosomi 
[12/31/2025, 12:21:43 AM] GET /product/6952103878fe8886f673cc2b 
[12/31/2025, 12:21:45 AM] POST /add-to-cart 
[12/31/2025, 12:21:48 AM] GET /cart 
[12/31/2025, 12:21:53 AM] POST /place-order 
[12/31/2025, 12:21:53 AM] GET /payment/simulate/momo/BIN1767115313540 
[12/31/2025, 12:21:54 AM] GET /order?msg=Simulated_Success 
[12/31/2025, 12:21:58 AM] GET /Aosomi 
[12/31/2025, 12:22:00 AM] GET /product/6952103878fe8886f673cc2b 
[12/31/2025, 12:22:03 AM] GET /order 
[12/31/2025, 12:22:07 AM] GET /admin/products 
[12/31/2025, 12:22:07 AM] GET /css/admin-style.css 
[12/31/2025, 12:22:08 AM] GET /admin/orders 
[12/31/2025, 12:22:10 AM] GET /admin 
[12/31/2025, 12:22:14 AM] GET /admin/products 
[12/31/2025, 12:22:14 AM] GET /css/admin-style.css 
[12/31/2025, 12:22:17 AM] GET /admin/orders 
[12/31/2025, 12:22:21 AM] POST /admin/orders/update-status/69540a318af651f18944de0f 
[12/31/2025, 12:22:21 AM] GET /admin/orders 
[12/31/2025, 12:22:33 AM] GET /order 
[12/31/2025, 12:22:36 AM] GET / 
[12/31/2025, 12:22:53 AM] GET /admin/users 
[12/31/2025, 12:22:56 AM] GET /admin/products 
[12/31/2025, 12:22:57 AM] GET /css/admin-style.css 
[12/31/2025, 12:22:59 AM] GET /admin/config 
[12/31/2025, 12:22:59 AM] GET /socket.io/socket.io.js 
[12/31/2025, 12:23:00 AM] GET / 
[12/31/2025, 12:23:05 AM] GET /admin/users 
[12/31/2025, 12:24:59 AM] GET /admin/users 
[12/31/2025, 12:25:02 AM] GET /admin 
[12/31/2025, 12:25:03 AM] GET /admin/products 
[12/31/2025, 12:25:04 AM] GET /css/admin-style.css 
[12/31/2025, 12:25:05 AM] GET /admin/users 
[12/31/2025, 12:25:09 AM] POST /admin/users/toggle-lock/6953e7901e2be3f4030a6248 
[12/31/2025, 12:25:13 AM] POST /admin/users/toggle-lock/6952c6bc11357dfb3b54ba0c 
[12/31/2025, 12:25:31 AM] POST /admin/users/toggle-lock/6952c6bc11357dfb3b54ba0c 
[12/31/2025, 12:26:09 AM] POST /admin/users/toggle-lock/6952644f0002f664f6bbb774 
[12/31/2025, 12:26:09 AM] GET /admin/users 
[12/31/2025, 12:26:12 AM] POST /admin/users/toggle-lock/6952644f0002f664f6bbb774 
[12/31/2025, 12:26:12 AM] GET /admin/users 
[12/31/2025, 12:26:15 AM] GET /admin/orders 
[12/31/2025, 12:26:18 AM] GET /admin/config 
[12/31/2025, 12:26:18 AM] GET /socket.io/socket.io.js 
[12/31/2025, 12:26:20 AM] POST /admin/config/save 
[12/31/2025, 12:26:20 AM] GET /admin/config?success=true 
[12/31/2025, 12:26:20 AM] GET /socket.io/socket.io.js 
[12/31/2025, 12:26:23 AM] POST /admin/logs/clear 
[12/31/2025, 12:26:23 AM] GET /admin/config 
[12/31/2025, 12:26:23 AM] GET /socket.io/socket.io.js 
[12/31/2025, 12:28:55 AM] GET / 
[12/31/2025, 12:28:57 AM] GET /favicon.ico 
[12/31/2025, 12:29:08 AM] GET /Vest 
[12/31/2025, 12:29:09 AM] GET / 
[12/31/2025, 12:29:13 AM] GET /order 
[12/31/2025, 12:29:13 AM] GET /login 
[12/31/2025, 12:29:27 AM] POST /login 
[12/31/2025, 12:29:48 AM] POST /login 
[12/31/2025, 12:30:58 AM] POST /login 
[12/31/2025, 12:30:59 AM] GET /admin 
[12/31/2025, 12:31:11 AM] GET /admin/api/revenue-data?start=2025-11-30&end=2025-12-30 
[12/31/2025, 12:31:13 AM] GET /admin/products 
[12/31/2025, 12:31:13 AM] GET /css/admin-style.css 
[12/31/2025, 12:31:18 AM] GET /admin 
[12/31/2025, 12:31:20 AM] GET /admin 
[12/31/2025, 12:31:23 AM] GET /admin 
[12/31/2025, 12:31:31 AM] GET /admin/api/revenue-data?start=2025-11-30&end=2025-12-30 
[12/31/2025, 12:31:36 AM] GET /admin/config 
[12/31/2025, 12:31:36 AM] GET /socket.io/socket.io.js 
[12/31/2025, 12:31:39 AM] POST /admin/logs/clear 
[12/31/2025, 12:31:40 AM] GET /admin/config 
[12/31/2025, 12:31:40 AM] GET /socket.io/socket.io.js 
[12/31/2025, 12:31:41 AM] POST /admin/config/save 
[12/31/2025, 12:31:41 AM] GET /admin/config?success=true 
[12/31/2025, 12:31:41 AM] GET /socket.io/socket.io.js 
[12/31/2025, 12:31:42 AM] POST /admin/config/save 
[12/31/2025, 12:31:43 AM] GET /admin/config?success=true 
[12/31/2025, 12:31:43 AM] GET /socket.io/socket.io.js 
[12/31/2025, 12:31:44 AM] POST /admin/logs/clear 
[12/31/2025, 12:31:45 AM] GET /admin/config 
[12/31/2025, 12:31:45 AM] GET /socket.io/socket.io.js 
[12/31/2025, 12:31:46 AM] GET /admin/config 
[12/31/2025, 12:31:46 AM] GET /socket.io/socket.io.js 
[12/31/2025, 12:31:47 AM] GET /admin/orders 
[12/31/2025, 12:31:52 AM] POST /admin/orders/update-status/6953fc7e6077faa2b433d0e1 
[12/31/2025, 12:31:56 AM] GET /admin/orders 
[12/31/2025, 12:31:59 AM] POST /admin/orders/update-status/6953fd681114456226ab111d 
[12/31/2025, 12:32:01 AM] GET /admin/orders 
[12/31/2025, 12:32:07 AM] POST /admin/orders/update-status/6953f4c5d106593ef984ebdc 
[12/31/2025, 12:32:08 AM] GET /admin/orders 
[12/31/2025, 12:32:17 AM] GET /product/6952103878fe8886f673cc07 
[12/31/2025, 12:32:19 AM] GET /login 
[12/31/2025, 12:32:25 AM] POST /login 
[12/31/2025, 12:32:25 AM] GET / 
[12/31/2025, 12:32:27 AM] GET /product/6952103878fe8886f673cc09 
[12/31/2025, 12:32:32 AM] GET /product/6952103878fe8886f673cc0b 
[12/31/2025, 12:32:35 AM] POST /add-to-cart 
[12/31/2025, 12:32:37 AM] GET /cart 
[12/31/2025, 12:32:44 AM] POST /place-order 
[12/31/2025, 12:32:45 AM] GET /payment/simulate/momo/BIN1767115964976 
[12/31/2025, 12:32:45 AM] GET /order?msg=Simulated_Success 
[12/31/2025, 12:32:48 AM] GET /admin/orders 
[12/31/2025, 12:32:55 AM] POST /admin/orders/update-status/69540cbc21cf424309ac9b25 
[12/31/2025, 12:32:55 AM] GET /admin/orders 
[12/31/2025, 12:33:00 AM] GET /order?msg=Simulated_Success 
[12/31/2025, 12:33:06 AM] POST /admin/orders/update-status/69540cbc21cf424309ac9b25 
[12/31/2025, 12:33:06 AM] GET /admin/orders 
[12/31/2025, 12:33:09 AM] POST /admin/orders/update-status/69540cbc21cf424309ac9b25 
[12/31/2025, 12:33:38 AM] GET /admin/orders 
[12/31/2025, 12:33:41 AM] GET /admin/orders 
[12/31/2025, 12:33:43 AM] GET /admin/users 
[12/31/2025, 12:33:44 AM] GET /admin/users 
[12/31/2025, 12:33:45 AM] GET /admin/users 
[12/31/2025, 12:33:45 AM] GET /admin/users 
[12/31/2025, 12:33:47 AM] POST /admin/users/toggle-lock/695140217edb9135dbfea5d1 
[12/31/2025, 12:33:47 AM] GET /admin/users 
[12/31/2025, 12:33:52 AM] GET /logout 
[12/31/2025, 12:33:52 AM] GET / 
[12/31/2025, 12:33:53 AM] GET /login 
[12/31/2025, 12:34:00 AM] POST /login 
[12/31/2025, 12:34:03 AM] POST /admin/users/toggle-lock/695140217edb9135dbfea5d1 
[12/31/2025, 12:34:04 AM] GET /admin/users 
[12/31/2025, 12:34:11 AM] POST /login 
[12/31/2025, 12:34:11 AM] GET / 
[12/31/2025, 12:34:17 AM] GET /admin/BinStudio.html 
[12/31/2025, 12:34:23 AM] GET / 
[12/31/2025, 12:34:26 AM] GET /admin/BinStudio.html 
[12/31/2025, 12:34:27 AM] GET /admin/BinStudio.html 
[12/31/2025, 12:34:33 AM] GET /logout 
[12/31/2025, 12:34:33 AM] GET / 
[12/31/2025, 12:34:36 AM] GET /login 
[12/31/2025, 12:34:42 AM] POST /login 
[12/31/2025, 12:34:42 AM] GET /admin 
[12/31/2025, 12:34:44 AM] GET / 
[12/31/2025, 12:35:21 AM] GET /admin/users 
[12/31/2025, 12:35:22 AM] GET /admin/orders 
[12/31/2025, 12:35:24 AM] GET / 
[12/31/2025, 12:35:28 AM] GET /admin/users 
[12/31/2025, 12:35:30 AM] GET /admin/products 
[12/31/2025, 12:35:30 AM] GET /css/admin-style.css 
[12/31/2025, 12:35:31 AM] GET / 
[12/31/2025, 12:35:34 AM] GET /admin/config 
[12/31/2025, 12:35:34 AM] GET /socket.io/socket.io.js 
[12/31/2025, 12:35:35 AM] GET / 
[12/31/2025, 12:36:03 AM] GET /admin/config 
[12/31/2025, 12:36:04 AM] GET /socket.io/socket.io.js 
[12/31/2025, 12:36:06 AM] GET /admin/users 
[12/31/2025, 12:36:07 AM] GET / 
[12/31/2025, 12:36:11 AM] GET /login 
[12/31/2025, 12:36:15 AM] GET /login 
[12/31/2025, 12:36:17 AM] GET /login 
[12/31/2025, 1:04:26 PM] GET /admin 
[12/31/2025, 1:04:26 PM] GET /admin/login?error=unauthorized 
[12/31/2025, 1:04:26 PM] GET /admin/login?error=unauthorized 
[12/31/2025, 1:04:26 PM] GET /admin/login?error=unauthorized 
[12/31/2025, 1:04:26 PM] GET /admin/login?error=unauthorized 
[12/31/2025, 1:04:26 PM] GET /admin/login?error=unauthorized 
[12/31/2025, 1:04:26 PM] GET /admin/login?error=unauthorized 
[12/31/2025, 1:04:26 PM] GET /admin/login?error=unauthorized 
[12/31/2025, 1:04:26 PM] GET /admin/login?error=unauthorized 
[12/31/2025, 1:04:26 PM] GET /admin/login?error=unauthorized 
[12/31/2025, 1:04:26 PM] GET /admin/login?error=unauthorized 
[12/31/2025, 1:04:26 PM] GET /admin/login?error=unauthorized 
[12/31/2025, 1:04:26 PM] GET /admin/login?error=unauthorized 
[12/31/2025, 1:04:26 PM] GET /admin/login?error=unauthorized 
[12/31/2025, 1:04:26 PM] GET /admin/login?error=unauthorized 
[12/31/2025, 1:04:26 PM] GET /admin/login?error=unauthorized 
[12/31/2025, 1:04:26 PM] GET /admin/login?error=unauthorized 
[12/31/2025, 1:04:26 PM] GET /admin/login?error=unauthorized 
[12/31/2025, 1:04:26 PM] GET /admin/login?error=unauthorized 
[12/31/2025, 1:04:26 PM] GET /admin/login?error=unauthorized 
[12/31/2025, 1:04:26 PM] GET /admin 
[12/31/2025, 1:04:26 PM] GET /admin/login?error=unauthorized 
[12/31/2025, 1:04:26 PM] GET /admin/login?error=unauthorized 
[12/31/2025, 1:04:26 PM] GET /admin/login?error=unauthorized 
[12/31/2025, 1:04:26 PM] GET /admin/login?error=unauthorized 
[12/31/2025, 1:04:26 PM] GET /admin/login?error=unauthorized 
[12/31/2025, 1:04:26 PM] GET /admin/login?error=unauthorized 
[12/31/2025, 1:04:26 PM] GET /admin/login?error=unauthorized 
[12/31/2025, 1:04:26 PM] GET /admin/login?error=unauthorized 
[12/31/2025, 1:04:26 PM] GET /admin/login?error=unauthorized 
[12/31/2025, 1:04:26 PM] GET /admin/login?error=unauthorized 
[12/31/2025, 1:04:26 PM] GET /admin/login?error=unauthorized 
[12/31/2025, 1:04:26 PM] GET /admin/login?error=unauthorized 
[12/31/2025, 1:04:26 PM] GET /admin/login?error=unauthorized 
[12/31/2025, 1:04:26 PM] GET /admin/login?error=unauthorized 
[12/31/2025, 1:04:26 PM] GET /admin/login?error=unauthorized 
[12/31/2025, 1:04:26 PM] GET /admin/login?error=unauthorized 
[12/31/2025, 1:04:26 PM] GET /admin/login?error=unauthorized 
[12/31/2025, 1:04:26 PM] GET /admin/login?error=unauthorized 
[12/31/2025, 1:04:26 PM] GET /admin/login?error=unauthorized 
[12/31/2025, 1:04:27 PM] GET /admin/login?error=unauthorized 
[12/31/2025, 1:04:27 PM] GET /admin/login?error=unauthorized 
[12/31/2025, 1:04:27 PM] GET /admin/login?error=unauthorized 
[12/31/2025, 1:04:27 PM] GET /admin/login?error=unauthorized 
[12/31/2025, 1:04:27 PM] GET /admin/login?error=unauthorized 
[12/31/2025, 1:04:27 PM] GET /admin/login?error=unauthorized 
[12/31/2025, 1:04:27 PM] GET /admin/login?error=unauthorized 
[12/31/2025, 1:04:27 PM] GET /admin/login?error=unauthorized 
[12/31/2025, 1:04:27 PM] GET /admin/login?error=unauthorized 
[12/31/2025, 1:04:27 PM] GET /admin/login?error=unauthorized 
[12/31/2025, 1:04:27 PM] GET /admin/login?error=unauthorized 
[12/31/2025, 1:04:27 PM] GET /admin/login?error=unauthorized 
[12/31/2025, 1:04:27 PM] GET /admin/login?error=unauthorized 
[12/31/2025, 1:04:27 PM] GET /admin/login?error=unauthorized 
[12/31/2025, 1:04:27 PM] GET /admin/login?error=unauthorized 
[12/31/2025, 1:04:27 PM] GET /admin/login?error=unauthorized 
[12/31/2025, 1:04:27 PM] GET /admin/login?error=unauthorized 
[12/31/2025, 1:04:27 PM] GET /admin/login?error=unauthorized 
[12/31/2025, 1:04:27 PM] GET /admin/login?error=unauthorized 
[12/31/2025, 1:04:27 PM] GET /admin/login?error=unauthorized 
[12/31/2025, 1:04:29 PM] GET /admin/login?error=unauthorized 
[12/31/2025, 1:04:29 PM] GET /admin/login?error=unauthorized 
[12/31/2025, 1:04:29 PM] GET /admin/login?error=unauthorized 
[12/31/2025, 1:04:29 PM] GET /admin/login?error=unauthorized 
[12/31/2025, 1:04:29 PM] GET /admin/login?error=unauthorized 
[12/31/2025, 1:04:29 PM] GET /admin/login?error=unauthorized 
[12/31/2025, 1:04:29 PM] GET /admin/login?error=unauthorized 
[12/31/2025, 1:04:29 PM] GET /admin/login?error=unauthorized 
[12/31/2025, 1:04:29 PM] GET /admin/login?error=unauthorized 
[12/31/2025, 1:04:29 PM] GET /admin/login?error=unauthorized 
[12/31/2025, 1:04:29 PM] GET /admin/login?error=unauthorized 
[12/31/2025, 1:04:29 PM] GET /admin/login?error=unauthorized 
[12/31/2025, 1:04:29 PM] GET /admin/login?error=unauthorized 
[12/31/2025, 1:04:29 PM] GET /admin/login?error=unauthorized 
[12/31/2025, 1:04:29 PM] GET /admin/login?error=unauthorized 
[12/31/2025, 1:04:29 PM] GET /admin/login?error=unauthorized 
[12/31/2025, 1:04:29 PM] GET /admin/login?error=unauthorized 
[12/31/2025, 1:04:29 PM] GET /admin/login?error=unauthorized 
[12/31/2025, 1:04:29 PM] GET /admin/login?error=unauthorized 
[12/31/2025, 1:04:29 PM] GET /admin/login?error=unauthorized 
[12/31/2025, 1:04:30 PM] GET /admin/login?error=unauthorized 
[12/31/2025, 1:04:30 PM] GET /admin/login?error=unauthorized 
[12/31/2025, 1:04:30 PM] GET /admin/login?error=unauthorized 
[12/31/2025, 1:04:30 PM] GET /admin/login?error=unauthorized 
[12/31/2025, 1:04:30 PM] GET /admin/login?error=unauthorized 
[12/31/2025, 1:04:30 PM] GET /admin/login?error=unauthorized 
[12/31/2025, 1:04:30 PM] GET /admin/login?error=unauthorized 
[12/31/2025, 1:04:30 PM] GET /admin/login?error=unauthorized 
[12/31/2025, 1:04:30 PM] GET /admin/login?error=unauthorized 
[12/31/2025, 1:04:30 PM] GET /admin/login?error=unauthorized 
[12/31/2025, 1:04:30 PM] GET /admin/login?error=unauthorized 
[12/31/2025, 1:04:30 PM] GET /admin/login?error=unauthorized 
[12/31/2025, 1:04:30 PM] GET /admin/login?error=unauthorized 
[12/31/2025, 1:04:30 PM] GET /admin/login?error=unauthorized 
[12/31/2025, 1:04:30 PM] GET /admin/login?error=unauthorized 
[12/31/2025, 1:04:30 PM] GET /admin/login?error=unauthorized 
[12/31/2025, 1:04:30 PM] GET /admin/login?error=unauthorized 
[12/31/2025, 1:04:30 PM] GET /admin/login?error=unauthorized 
[12/31/2025, 1:04:30 PM] GET /admin/login?error=unauthorized 
[12/31/2025, 1:04:30 PM] GET /admin/login?error=unauthorized 
[12/31/2025, 1:04:33 PM] GET /admin/login?error=unauthorized 
[12/31/2025, 1:04:33 PM] GET /admin/login?error=unauthorized 
[12/31/2025, 1:04:33 PM] GET /admin/login?error=unauthorized 
[12/31/2025, 1:04:33 PM] GET /admin/login?error=unauthorized 
[12/31/2025, 1:04:33 PM] GET /admin/login?error=unauthorized 
[12/31/2025, 1:04:33 PM] GET /admin/login?error=unauthorized 
[12/31/2025, 1:04:33 PM] GET /admin/login?error=unauthorized 
[12/31/2025, 1:04:33 PM] GET /admin/login?error=unauthorized 
[12/31/2025, 1:04:33 PM] GET /admin/login?error=unauthorized 
[12/31/2025, 1:04:33 PM] GET /admin/login?error=unauthorized 
[12/31/2025, 1:04:33 PM] GET /admin/login?error=unauthorized 
[12/31/2025, 1:04:33 PM] GET /admin/login?error=unauthorized 
[12/31/2025, 1:04:34 PM] GET /admin/login?error=unauthorized 
[12/31/2025, 1:04:34 PM] GET /admin/login?error=unauthorized 
[12/31/2025, 1:04:34 PM] GET /admin/login?error=unauthorized 
[12/31/2025, 1:04:34 PM] GET /admin/login?error=unauthorized 
[12/31/2025, 1:04:34 PM] GET /admin/login?error=unauthorized 
[12/31/2025, 1:04:34 PM] GET /admin/login?error=unauthorized 
[12/31/2025, 1:04:34 PM] GET /admin/login?error=unauthorized 
[12/31/2025, 1:04:34 PM] GET /admin/login?error=unauthorized 
[12/31/2025, 1:04:34 PM] GET /admin/login?error=unauthorized 
[12/31/2025, 1:04:34 PM] GET /admin/login?error=unauthorized 
[12/31/2025, 1:04:34 PM] GET /admin/login?error=unauthorized 
[12/31/2025, 1:04:34 PM] GET /admin/login?error=unauthorized 
[12/31/2025, 1:04:34 PM] GET /admin/login?error=unauthorized 
[12/31/2025, 1:04:34 PM] GET /admin/login?error=unauthorized 
[12/31/2025, 1:04:34 PM] GET /admin/login?error=unauthorized 
[12/31/2025, 1:04:34 PM] GET /admin/login?error=unauthorized 
[12/31/2025, 1:04:34 PM] GET /admin/login?error=unauthorized 
[12/31/2025, 1:04:34 PM] GET /admin/login?error=unauthorized 
[12/31/2025, 1:04:34 PM] GET /admin/login?error=unauthorized 
[12/31/2025, 1:04:34 PM] GET /admin/login?error=unauthorized 
[12/31/2025, 1:04:34 PM] GET /admin/login?error=unauthorized 
[12/31/2025, 1:04:34 PM] GET /admin/login?error=unauthorized 
[12/31/2025, 1:04:34 PM] GET /admin/login?error=unauthorized 
[12/31/2025, 1:04:34 PM] GET /admin/login?error=unauthorized 
[12/31/2025, 1:04:34 PM] GET /admin/login?error=unauthorized 
[12/31/2025, 1:04:34 PM] GET /admin/login?error=unauthorized 
[12/31/2025, 1:04:34 PM] GET /admin/login?error=unauthorized 
[12/31/2025, 1:04:34 PM] GET /admin/login?error=unauthorized 
[12/31/2025, 1:04:35 PM] GET /admin/login?error=unauthorized 
[12/31/2025, 1:04:35 PM] GET /admin/login?error=unauthorized 
[12/31/2025, 1:04:35 PM] GET /admin/login?error=unauthorized 
[12/31/2025, 1:04:35 PM] GET /admin/login?error=unauthorized 
[12/31/2025, 1:04:35 PM] GET /admin/login?error=unauthorized 
[12/31/2025, 1:04:35 PM] GET /admin/login?error=unauthorized 
[12/31/2025, 1:04:35 PM] GET /admin/login?error=unauthorized 
[12/31/2025, 1:04:35 PM] GET /admin/login?error=unauthorized 
[12/31/2025, 1:04:35 PM] GET /admin/login?error=unauthorized 
[12/31/2025, 1:04:35 PM] GET /admin/login?error=unauthorized 
[12/31/2025, 1:04:35 PM] GET /admin/login?error=unauthorized 
[12/31/2025, 1:04:35 PM] GET /admin/login?error=unauthorized 
[12/31/2025, 1:04:35 PM] GET /admin/login?error=unauthorized 
[12/31/2025, 1:04:35 PM] GET /admin/login?error=unauthorized 
[12/31/2025, 1:04:35 PM] GET /admin/login?error=unauthorized 
[12/31/2025, 1:04:35 PM] GET /admin/login?error=unauthorized 
[12/31/2025, 1:04:35 PM] GET /admin/login?error=unauthorized 
[12/31/2025, 1:04:35 PM] GET /admin/login?error=unauthorized 
[12/31/2025, 1:04:35 PM] GET /admin/login?error=unauthorized 
[12/31/2025, 1:04:35 PM] GET /admin/login?error=unauthorized 
[12/31/2025, 1:04:41 PM] GET /Quan 
[12/31/2025, 1:04:42 PM] GET /favicon.ico 
[12/31/2025, 1:04:42 PM] GET /admin/login?error=unauthorized 
[12/31/2025, 1:04:42 PM] GET /admin/login?error=unauthorized 
[12/31/2025, 1:04:43 PM] GET /admin/login?error=unauthorized 
[12/31/2025, 1:04:43 PM] GET /admin/login?error=unauthorized 
[12/31/2025, 1:04:43 PM] GET /admin/login?error=unauthorized 
[12/31/2025, 1:04:43 PM] GET /admin/login?error=unauthorized 
[12/31/2025, 1:04:43 PM] GET /admin/login?error=unauthorized 
[12/31/2025, 1:04:43 PM] GET /admin/login?error=unauthorized 
[12/31/2025, 1:04:43 PM] GET /admin/login?error=unauthorized 
[12/31/2025, 1:04:43 PM] GET /admin/login?error=unauthorized 
[12/31/2025, 1:04:43 PM] GET /admin/login?error=unauthorized 
[12/31/2025, 1:04:43 PM] GET /admin/login?error=unauthorized 
[12/31/2025, 1:04:43 PM] GET /admin/login?error=unauthorized 
[12/31/2025, 1:04:43 PM] GET /admin/login?error=unauthorized 
[12/31/2025, 1:04:43 PM] GET /admin/login?error=unauthorized 
[12/31/2025, 1:04:43 PM] GET /admin/login?error=unauthorized 
[12/31/2025, 1:04:43 PM] GET /admin/login?error=unauthorized 
[12/31/2025, 1:04:43 PM] GET /admin/login?error=unauthorized 
[12/31/2025, 1:04:43 PM] GET /admin/login?error=unauthorized 
[12/31/2025, 1:04:43 PM] GET /admin/login?error=unauthorized 
[12/31/2025, 1:04:44 PM] GET / 
[12/31/2025, 1:04:45 PM] GET /favicon.ico 
[12/31/2025, 1:04:45 PM] GET /admin/login?error=unauthorized 
[12/31/2025, 1:04:45 PM] GET /admin/login?error=unauthorized 
[12/31/2025, 1:04:45 PM] GET /admin/login?error=unauthorized 
[12/31/2025, 1:04:45 PM] GET /admin/login?error=unauthorized 
[12/31/2025, 1:04:45 PM] GET /admin/login?error=unauthorized 
[12/31/2025, 1:04:45 PM] GET /admin/login?error=unauthorized 
[12/31/2025, 1:04:45 PM] GET /admin/login?error=unauthorized 
[12/31/2025, 1:04:45 PM] GET /admin/login?error=unauthorized 
[12/31/2025, 1:04:45 PM] GET /admin/login?error=unauthorized 
[12/31/2025, 1:04:45 PM] GET /admin/login?error=unauthorized 
[12/31/2025, 1:04:45 PM] GET /admin/login?error=unauthorized 
[12/31/2025, 1:04:45 PM] GET /admin/login?error=unauthorized 
[12/31/2025, 1:04:45 PM] GET /admin/login?error=unauthorized 
[12/31/2025, 1:04:45 PM] GET /admin/login?error=unauthorized 
[12/31/2025, 1:04:45 PM] GET /admin/login?error=unauthorized 
[12/31/2025, 1:04:45 PM] GET /admin/login?error=unauthorized 
[12/31/2025, 1:04:45 PM] GET /admin/login?error=unauthorized 
[12/31/2025, 1:04:45 PM] GET /admin/login?error=unauthorized 
[12/31/2025, 1:04:45 PM] GET /admin/login?error=unauthorized 
[12/31/2025, 1:04:45 PM] GET /admin/login?error=unauthorized 
[12/31/2025, 1:04:46 PM] GET /login 
[12/31/2025, 1:04:46 PM] GET /favicon.ico 
[12/31/2025, 1:04:46 PM] GET /admin/login?error=unauthorized 
[12/31/2025, 1:04:46 PM] GET /admin/login?error=unauthorized 
[12/31/2025, 1:04:46 PM] GET /admin/login?error=unauthorized 
[12/31/2025, 1:04:46 PM] GET /admin/login?error=unauthorized 
[12/31/2025, 1:04:46 PM] GET /admin/login?error=unauthorized 
[12/31/2025, 1:04:46 PM] GET /admin/login?error=unauthorized 
[12/31/2025, 1:04:46 PM] GET /admin/login?error=unauthorized 
[12/31/2025, 1:04:46 PM] GET /admin/login?error=unauthorized 
[12/31/2025, 1:04:46 PM] GET /admin/login?error=unauthorized 
[12/31/2025, 1:04:46 PM] GET /admin/login?error=unauthorized 
[12/31/2025, 1:04:46 PM] GET /admin/login?error=unauthorized 
[12/31/2025, 1:04:46 PM] GET /admin/login?error=unauthorized 
[12/31/2025, 1:04:46 PM] GET /admin/login?error=unauthorized 
[12/31/2025, 1:04:46 PM] GET /admin/login?error=unauthorized 
[12/31/2025, 1:04:46 PM] GET /admin/login?error=unauthorized 
[12/31/2025, 1:04:46 PM] GET /admin/login?error=unauthorized 
[12/31/2025, 1:04:46 PM] GET /admin/login?error=unauthorized 
[12/31/2025, 1:04:46 PM] GET /admin/login?error=unauthorized 
[12/31/2025, 1:04:46 PM] GET /admin/login?error=unauthorized 
[12/31/2025, 1:04:46 PM] GET /admin/login?error=unauthorized 
[12/31/2025, 1:04:52 PM] POST /login 
[12/31/2025, 1:04:52 PM] GET / 
[12/31/2025, 1:04:53 PM] GET /favicon.ico 
[12/31/2025, 1:04:53 PM] GET /admin/login?error=unauthorized 
[12/31/2025, 1:04:53 PM] GET /admin/login?error=unauthorized 
[12/31/2025, 1:04:53 PM] GET /admin/login?error=unauthorized 
[12/31/2025, 1:04:53 PM] GET /admin/login?error=unauthorized 
[12/31/2025, 1:04:53 PM] GET /admin/login?error=unauthorized 
[12/31/2025, 1:04:53 PM] GET /admin/login?error=unauthorized 
[12/31/2025, 1:04:53 PM] GET /admin/login?error=unauthorized 
[12/31/2025, 1:04:53 PM] GET /admin/login?error=unauthorized 
[12/31/2025, 1:04:53 PM] GET /admin/login?error=unauthorized 
[12/31/2025, 1:04:53 PM] GET /admin/login?error=unauthorized 
[12/31/2025, 1:04:54 PM] GET /admin/login?error=unauthorized 
[12/31/2025, 1:04:54 PM] GET /admin/login?error=unauthorized 
[12/31/2025, 1:04:54 PM] GET /admin/login?error=unauthorized 
[12/31/2025, 1:04:54 PM] GET /admin/login?error=unauthorized 
[12/31/2025, 1:04:54 PM] GET /admin/login?error=unauthorized 
[12/31/2025, 1:04:54 PM] GET /admin/login?error=unauthorized 
[12/31/2025, 1:04:54 PM] GET /admin/login?error=unauthorized 
[12/31/2025, 1:04:54 PM] GET /admin/login?error=unauthorized 
[12/31/2025, 1:04:54 PM] GET /admin/login?error=unauthorized 
[12/31/2025, 1:04:54 PM] GET /admin/login?error=unauthorized 
[12/31/2025, 1:04:56 PM] GET /cart 
[12/31/2025, 1:04:57 PM] GET /favicon.ico 
[12/31/2025, 1:04:57 PM] GET /admin/login?error=unauthorized 
[12/31/2025, 1:04:57 PM] GET /admin/login?error=unauthorized 
[12/31/2025, 1:04:57 PM] GET /admin/login?error=unauthorized 
[12/31/2025, 1:04:57 PM] GET /admin/login?error=unauthorized 
[12/31/2025, 1:04:58 PM] GET /admin/login?error=unauthorized 
[12/31/2025, 1:04:58 PM] GET /admin/login?error=unauthorized 
[12/31/2025, 1:04:58 PM] GET /admin/login?error=unauthorized 
[12/31/2025, 1:04:58 PM] GET /admin/login?error=unauthorized 
[12/31/2025, 1:04:58 PM] GET /admin/login?error=unauthorized 
[12/31/2025, 1:04:58 PM] GET /admin/login?error=unauthorized 
[12/31/2025, 1:04:58 PM] GET /admin/login?error=unauthorized 
[12/31/2025, 1:04:58 PM] GET /admin/login?error=unauthorized 
[12/31/2025, 1:04:58 PM] GET /admin/login?error=unauthorized 
[12/31/2025, 1:04:58 PM] GET /admin/login?error=unauthorized 
[12/31/2025, 1:04:59 PM] GET /admin/login?error=unauthorized 
[12/31/2025, 1:04:59 PM] GET /admin/login?error=unauthorized 
[12/31/2025, 1:04:59 PM] GET /admin/login?error=unauthorized 
[12/31/2025, 1:04:59 PM] GET /admin/login?error=unauthorized 
[12/31/2025, 1:04:59 PM] GET /admin/login?error=unauthorized 
[12/31/2025, 1:04:59 PM] GET /admin/login?error=unauthorized 
[12/31/2025, 1:05:00 PM] POST /save-profile 
[12/31/2025, 1:05:04 PM] GET / 
[12/31/2025, 1:05:05 PM] GET /favicon.ico 
[12/31/2025, 1:05:05 PM] GET /admin/login?error=unauthorized 
[12/31/2025, 1:05:05 PM] GET /admin/login?error=unauthorized 
[12/31/2025, 1:05:05 PM] GET /admin/login?error=unauthorized 
[12/31/2025, 1:05:05 PM] GET /admin/login?error=unauthorized 
[12/31/2025, 1:05:05 PM] GET /admin/login?error=unauthorized 
[12/31/2025, 1:05:05 PM] GET /admin/login?error=unauthorized 
[12/31/2025, 1:05:06 PM] GET /admin/login?error=unauthorized 
[12/31/2025, 1:05:06 PM] GET /admin/login?error=unauthorized 
[12/31/2025, 1:05:06 PM] GET /admin/login?error=unauthorized 
[12/31/2025, 1:05:06 PM] GET /admin/login?error=unauthorized 
[12/31/2025, 1:05:06 PM] GET /admin/login?error=unauthorized 
[12/31/2025, 1:05:06 PM] GET /admin/login?error=unauthorized 
[12/31/2025, 1:05:06 PM] GET /admin/login?error=unauthorized 
[12/31/2025, 1:05:06 PM] GET /admin/login?error=unauthorized 
[12/31/2025, 1:05:06 PM] GET /admin/login?error=unauthorized 
[12/31/2025, 1:05:06 PM] GET /admin/login?error=unauthorized 
[12/31/2025, 1:05:06 PM] GET /admin/login?error=unauthorized 
[12/31/2025, 1:05:07 PM] GET /admin/login?error=unauthorized 
[12/31/2025, 1:05:07 PM] GET /admin/login?error=unauthorized 
[12/31/2025, 1:05:07 PM] GET /admin/login?error=unauthorized 
[12/31/2025, 1:05:07 PM] GET /product/6952103878fe8886f673cc1b 
[12/31/2025, 1:05:08 PM] GET /favicon.ico 
[12/31/2025, 1:05:08 PM] GET /admin/login?error=unauthorized 
[12/31/2025, 1:05:08 PM] GET /admin/login?error=unauthorized 
[12/31/2025, 1:05:08 PM] GET /admin/login?error=unauthorized 
[12/31/2025, 1:05:08 PM] GET /admin/login?error=unauthorized 
[12/31/2025, 1:05:08 PM] GET /admin/login?error=unauthorized 
[12/31/2025, 1:05:08 PM] GET /admin/login?error=unauthorized 
[12/31/2025, 1:05:08 PM] GET /admin/login?error=unauthorized 
[12/31/2025, 1:05:08 PM] GET /admin/login?error=unauthorized 
[12/31/2025, 1:05:08 PM] GET /admin/login?error=unauthorized 
[12/31/2025, 1:05:08 PM] GET /admin/login?error=unauthorized 
[12/31/2025, 1:05:08 PM] GET /admin/login?error=unauthorized 
[12/31/2025, 1:05:09 PM] GET /admin/login?error=unauthorized 
[12/31/2025, 1:05:09 PM] GET /admin/login?error=unauthorized 
[12/31/2025, 1:05:09 PM] GET /admin/login?error=unauthorized 
[12/31/2025, 1:05:09 PM] GET /admin/login?error=unauthorized 
[12/31/2025, 1:05:09 PM] GET /admin/login?error=unauthorized 
[12/31/2025, 1:05:09 PM] GET /admin/login?error=unauthorized 
[12/31/2025, 1:05:09 PM] GET /admin/login?error=unauthorized 
[12/31/2025, 1:05:09 PM] GET /admin/login?error=unauthorized 
[12/31/2025, 1:05:09 PM] GET /admin/login?error=unauthorized 
[12/31/2025, 1:05:12 PM] POST /add-to-cart 
[12/31/2025, 1:05:18 PM] POST /add-to-cart 
[12/31/2025, 1:05:19 PM] GET /cart 
[12/31/2025, 1:05:19 PM] GET /favicon.ico 
[12/31/2025, 1:05:20 PM] GET /admin/login?error=unauthorized 
[12/31/2025, 1:05:20 PM] GET /admin/login?error=unauthorized 
[12/31/2025, 1:05:20 PM] GET /admin/login?error=unauthorized 
[12/31/2025, 1:05:20 PM] GET /admin/login?error=unauthorized 
[12/31/2025, 1:05:20 PM] GET /admin/login?error=unauthorized 
[12/31/2025, 1:05:20 PM] POST /update-cart 
[12/31/2025, 1:05:20 PM] GET /admin/login?error=unauthorized 
[12/31/2025, 1:05:20 PM] GET /admin/login?error=unauthorized 
[12/31/2025, 1:05:20 PM] GET /admin/login?error=unauthorized 
[12/31/2025, 1:05:21 PM] GET /admin/login?error=unauthorized 
[12/31/2025, 1:05:21 PM] GET /admin/login?error=unauthorized 
[12/31/2025, 1:05:22 PM] GET /admin/login?error=unauthorized 
[12/31/2025, 1:05:22 PM] GET /admin/login?error=unauthorized 
[12/31/2025, 1:05:22 PM] GET /admin/login?error=unauthorized 
[12/31/2025, 1:05:22 PM] GET /admin/login?error=unauthorized 
[12/31/2025, 1:05:22 PM] GET /admin/login?error=unauthorized 
[12/31/2025, 1:05:22 PM] GET /admin/login?error=unauthorized 
[12/31/2025, 1:05:22 PM] GET /admin/login?error=unauthorized 
[12/31/2025, 1:05:22 PM] GET /admin/login?error=unauthorized 
[12/31/2025, 1:05:22 PM] GET /admin/login?error=unauthorized 
[12/31/2025, 1:05:22 PM] GET /admin/login?error=unauthorized 
[12/31/2025, 1:05:24 PM] POST /remove-from-cart 
[12/31/2025, 1:05:24 PM] GET /cart 
[12/31/2025, 1:05:25 PM] GET /favicon.ico 
[12/31/2025, 1:05:25 PM] GET /admin/login?error=unauthorized 
[12/31/2025, 1:05:25 PM] GET /admin/login?error=unauthorized 
[12/31/2025, 1:05:25 PM] GET /admin/login?error=unauthorized 
[12/31/2025, 1:05:25 PM] GET /admin/login?error=unauthorized 
[12/31/2025, 1:05:25 PM] GET /admin/login?error=unauthorized 
[12/31/2025, 1:05:25 PM] GET /admin/login?error=unauthorized 
[12/31/2025, 1:05:25 PM] GET /admin/login?error=unauthorized 
[12/31/2025, 1:05:25 PM] GET /admin/login?error=unauthorized 
[12/31/2025, 1:05:26 PM] GET /admin/login?error=unauthorized 
[12/31/2025, 1:05:26 PM] GET /admin/login?error=unauthorized 
[12/31/2025, 1:05:26 PM] GET /admin/login?error=unauthorized 
[12/31/2025, 1:05:26 PM] GET /admin/login?error=unauthorized 
[12/31/2025, 1:05:26 PM] GET /admin/login?error=unauthorized 
[12/31/2025, 1:05:26 PM] GET /admin/login?error=unauthorized 
[12/31/2025, 1:05:26 PM] GET /admin/login?error=unauthorized 
[12/31/2025, 1:05:26 PM] GET /admin/login?error=unauthorized 
[12/31/2025, 1:05:26 PM] GET /admin/login?error=unauthorized 
[12/31/2025, 1:05:26 PM] GET /admin/login?error=unauthorized 
[12/31/2025, 1:05:26 PM] GET /admin/login?error=unauthorized 
[12/31/2025, 1:05:27 PM] GET /admin/login?error=unauthorized 
[12/31/2025, 1:05:32 PM] POST /api/calc-shipping 
[12/31/2025, 1:05:41 PM] POST /place-order 
[12/31/2025, 1:05:42 PM] GET /payment/simulate/momo/BIN1767161141407 
[12/31/2025, 1:05:42 PM] GET /order?msg=Simulated_Success 
[12/31/2025, 1:05:42 PM] GET /favicon.ico 
[12/31/2025, 1:05:42 PM] GET /admin/login?error=unauthorized 
[12/31/2025, 1:05:42 PM] GET /admin/login?error=unauthorized 
[12/31/2025, 1:05:42 PM] GET /admin/login?error=unauthorized 
[12/31/2025, 1:05:43 PM] GET /admin/login?error=unauthorized 
[12/31/2025, 1:05:43 PM] GET /admin/login?error=unauthorized 
[12/31/2025, 1:05:43 PM] GET /admin/login?error=unauthorized 
[12/31/2025, 1:05:43 PM] GET /admin/login?error=unauthorized 
[12/31/2025, 1:05:43 PM] GET /admin/login?error=unauthorized 
[12/31/2025, 1:05:43 PM] GET /admin/login?error=unauthorized 
[12/31/2025, 1:05:43 PM] GET /admin/login?error=unauthorized 
[12/31/2025, 1:05:43 PM] GET /admin/login?error=unauthorized 
[12/31/2025, 1:05:43 PM] GET /admin/login?error=unauthorized 
[12/31/2025, 1:05:43 PM] GET /admin/login?error=unauthorized 
[12/31/2025, 1:05:43 PM] GET /admin/login?error=unauthorized 
[12/31/2025, 1:05:43 PM] GET /admin/login?error=unauthorized 
[12/31/2025, 1:05:44 PM] GET /admin/login?error=unauthorized 
[12/31/2025, 1:05:44 PM] GET /admin/login?error=unauthorized 
[12/31/2025, 1:05:44 PM] GET /admin/login?error=unauthorized 
[12/31/2025, 1:05:44 PM] GET /admin/login?error=unauthorized 
[12/31/2025, 1:05:44 PM] GET /admin/login?error=unauthorized 
[12/31/2025, 1:05:46 PM] GET /Quan 
[12/31/2025, 1:05:47 PM] GET /favicon.ico 
[12/31/2025, 1:05:47 PM] GET /admin/login?error=unauthorized 
[12/31/2025, 1:05:47 PM] GET /admin/login?error=unauthorized 
[12/31/2025, 1:05:47 PM] GET /admin/login?error=unauthorized 
[12/31/2025, 1:05:47 PM] GET /admin/login?error=unauthorized 
[12/31/2025, 1:05:47 PM] GET /admin/login?error=unauthorized 
[12/31/2025, 1:05:47 PM] GET /admin/login?error=unauthorized 
[12/31/2025, 1:05:48 PM] GET /admin/login?error=unauthorized 
[12/31/2025, 1:05:48 PM] GET /admin/login?error=unauthorized 
[12/31/2025, 1:05:48 PM] GET /admin/login?error=unauthorized 
[12/31/2025, 1:05:48 PM] GET /admin/login?error=unauthorized 
[12/31/2025, 1:05:48 PM] GET /admin/login?error=unauthorized 
[12/31/2025, 1:05:48 PM] GET /admin/login?error=unauthorized 
[12/31/2025, 1:05:48 PM] GET /admin/login?error=unauthorized 
[12/31/2025, 1:05:48 PM] GET /admin/login?error=unauthorized 
[12/31/2025, 1:05:48 PM] GET /admin/login?error=unauthorized 
[12/31/2025, 1:05:48 PM] GET /admin/login?error=unauthorized 
[12/31/2025, 1:05:48 PM] GET /admin/login?error=unauthorized 
[12/31/2025, 1:05:49 PM] GET /admin/login?error=unauthorized 
[12/31/2025, 1:05:49 PM] GET /admin/login?error=unauthorized 
[12/31/2025, 1:05:49 PM] GET /product/6952103878fe8886f673cc1b 
[12/31/2025, 1:05:49 PM] GET /admin/login?error=unauthorized 
[12/31/2025, 1:05:49 PM] GET /favicon.ico 
[12/31/2025, 1:05:49 PM] GET /admin/login?error=unauthorized 
[12/31/2025, 1:05:49 PM] GET /admin/login?error=unauthorized 
[12/31/2025, 1:05:49 PM] GET /admin/login?error=unauthorized 
[12/31/2025, 1:05:49 PM] GET /admin/login?error=unauthorized 
[12/31/2025, 1:05:49 PM] GET /admin/login?error=unauthorized 
[12/31/2025, 1:05:49 PM] GET /admin/login?error=unauthorized 
[12/31/2025, 1:05:49 PM] GET /admin/login?error=unauthorized 
[12/31/2025, 1:05:50 PM] GET /admin/login?error=unauthorized 
[12/31/2025, 1:05:50 PM] GET /admin/login?error=unauthorized 
[12/31/2025, 1:05:50 PM] GET /admin/login?error=unauthorized 
[12/31/2025, 1:05:50 PM] GET /admin/login?error=unauthorized 
[12/31/2025, 1:05:51 PM] GET /admin/login?error=unauthorized 
[12/31/2025, 1:05:51 PM] GET /admin/login?error=unauthorized 
[12/31/2025, 1:05:51 PM] GET /admin/login?error=unauthorized 
[12/31/2025, 1:05:51 PM] GET /admin/login?error=unauthorized 
[12/31/2025, 1:05:51 PM] GET /admin/login?error=unauthorized 
[12/31/2025, 1:05:51 PM] GET /admin/login?error=unauthorized 
[12/31/2025, 1:05:51 PM] GET /admin/login?error=unauthorized 
[12/31/2025, 1:05:51 PM] GET /admin/login?error=unauthorized 
[12/31/2025, 1:05:51 PM] GET /admin/login?error=unauthorized 
[12/31/2025, 1:05:55 PM] GET /logout 
[12/31/2025, 1:05:55 PM] GET / 
[12/31/2025, 1:05:55 PM] GET /favicon.ico 
[12/31/2025, 1:05:55 PM] GET /admin/login?error=unauthorized 
[12/31/2025, 1:05:55 PM] GET /admin/login?error=unauthorized 
[12/31/2025, 1:05:56 PM] GET /admin/login?error=unauthorized 
[12/31/2025, 1:05:56 PM] GET /admin/login?error=unauthorized 
[12/31/2025, 1:05:56 PM] GET /admin/login?error=unauthorized 
[12/31/2025, 1:05:56 PM] GET /admin/login?error=unauthorized 
[12/31/2025, 1:05:56 PM] GET /admin/login?error=unauthorized 
[12/31/2025, 1:05:56 PM] GET /admin/login?error=unauthorized 
[12/31/2025, 1:05:56 PM] GET /admin/login?error=unauthorized 
[12/31/2025, 1:05:56 PM] GET /admin/login?error=unauthorized 
[12/31/2025, 1:05:56 PM] GET /admin/login?error=unauthorized 
[12/31/2025, 1:05:56 PM] GET /admin/login?error=unauthorized 
[12/31/2025, 1:05:56 PM] GET /admin/login?error=unauthorized 
[12/31/2025, 1:05:56 PM] GET /admin/login?error=unauthorized 
[12/31/2025, 1:05:56 PM] GET /admin/login?error=unauthorized 
[12/31/2025, 1:05:56 PM] GET /admin/login?error=unauthorized 
[12/31/2025, 1:05:56 PM] GET /admin/login?error=unauthorized 
[12/31/2025, 1:05:56 PM] GET /admin/login?error=unauthorized 
[12/31/2025, 1:05:56 PM] GET /admin/login?error=unauthorized 
[12/31/2025, 1:05:56 PM] GET /admin/login?error=unauthorized 
[12/31/2025, 1:05:56 PM] GET /login 
[12/31/2025, 1:05:56 PM] GET /favicon.ico 
[12/31/2025, 1:05:56 PM] GET /admin/login?error=unauthorized 
[12/31/2025, 1:05:56 PM] GET /admin/login?error=unauthorized 
[12/31/2025, 1:05:56 PM] GET /admin/login?error=unauthorized 
[12/31/2025, 1:05:57 PM] GET /admin/login?error=unauthorized 
[12/31/2025, 1:05:57 PM] GET /admin/login?error=unauthorized 
[12/31/2025, 1:05:57 PM] GET /admin/login?error=unauthorized 
[12/31/2025, 1:05:57 PM] GET /admin/login?error=unauthorized 
[12/31/2025, 1:05:57 PM] GET /admin/login?error=unauthorized 
[12/31/2025, 1:05:57 PM] GET /admin/login?error=unauthorized 
[12/31/2025, 1:05:57 PM] GET /admin/login?error=unauthorized 
[12/31/2025, 1:05:57 PM] GET /admin/login?error=unauthorized 
[12/31/2025, 1:05:57 PM] GET /admin/login?error=unauthorized 
[12/31/2025, 1:05:57 PM] GET /admin/login?error=unauthorized 
[12/31/2025, 1:05:57 PM] GET /admin/login?error=unauthorized 
[12/31/2025, 1:05:57 PM] GET /admin/login?error=unauthorized 
[12/31/2025, 1:05:57 PM] GET /admin/login?error=unauthorized 
[12/31/2025, 1:05:57 PM] GET /admin/login?error=unauthorized 
[12/31/2025, 1:05:57 PM] GET /admin/login?error=unauthorized 
[12/31/2025, 1:05:57 PM] GET /admin/login?error=unauthorized 
[12/31/2025, 1:05:57 PM] GET /admin/login?error=unauthorized 
[12/31/2025, 1:06:02 PM] POST /login 
[12/31/2025, 1:06:03 PM] GET /admin 
[12/31/2025, 1:06:03 PM] GET /favicon.ico 
[12/31/2025, 1:06:06 PM] GET /admin/products 
[12/31/2025, 1:06:06 PM] GET /css/admin-style.css 
[12/31/2025, 1:06:07 PM] GET /admin/users 
[12/31/2025, 1:06:09 PM] GET /admin/orders 
[12/31/2025, 1:06:11 PM] GET /admin/config 
[12/31/2025, 1:06:12 PM] GET /socket.io/socket.io.js 
[12/31/2025, 1:06:14 PM] GET /admin/orders 
[12/31/2025, 1:06:18 PM] POST /admin/orders/update-status/6954bd35663315fef79a6129 
[12/31/2025, 1:06:18 PM] GET /admin/orders 
[12/31/2025, 1:06:25 PM] GET /admin 
[12/31/2025, 1:06:32 PM] GET /admin/api/revenue-data?start=2025-11-30&end=2025-12-31 
[12/31/2025, 1:06:35 PM] GET /admin/api/revenue-data?start=2025-12-31&end=2025-12-31 
[12/31/2025, 1:06:37 PM] GET /admin/api/revenue-data?start=2025-11-30&end=2025-12-31 
[12/31/2025, 1:06:39 PM] GET /admin/api/revenue-data?start=2025-12-31&end=2025-12-31 
[12/31/2025, 1:06:40 PM] GET /admin/products 
[12/31/2025, 1:06:41 PM] GET /css/admin-style.css 
[12/31/2025, 1:06:42 PM] GET /admin 
[12/31/2025, 1:07:14 PM] GET /admin/api/stats 
[12/31/2025, 1:07:17 PM] GET /admin/api/revenue-data?start=2025-12-29&end=2026-01-30 
[12/31/2025, 1:07:32 PM] GET /admin/api/revenue-data?start=2025-12-31&end=2025-12-31 
[12/31/2025, 1:07:40 PM] GET /admin/api/revenue-data?start=2025-11-30&end=2025-12-31 
[12/31/2025, 1:07:44 PM] GET /admin/api/stats 
[12/31/2025, 1:08:02 PM] GET /admin 
[12/31/2025, 1:08:15 PM] GET /admin/api/stats 
[12/31/2025, 1:08:36 PM] GET / 
[12/31/2025, 1:08:38 PM] GET /logout 
[12/31/2025, 1:08:38 PM] GET / 
[12/31/2025, 1:08:43 PM] GET /admin 
[12/31/2025, 1:08:43 PM] GET /admin/login?error=unauthorized 
[12/31/2025, 1:08:43 PM] GET /admin/login?error=unauthorized 
[12/31/2025, 1:08:43 PM] GET /admin/login?error=unauthorized 
[12/31/2025, 1:08:43 PM] GET /admin/login?error=unauthorized 
[12/31/2025, 1:08:43 PM] GET /admin/login?error=unauthorized 
[12/31/2025, 1:08:43 PM] GET /admin/login?error=unauthorized 
[12/31/2025, 1:08:43 PM] GET /admin/login?error=unauthorized 
[12/31/2025, 1:08:43 PM] GET /admin/login?error=unauthorized 
[12/31/2025, 1:08:43 PM] GET /admin/login?error=unauthorized 
[12/31/2025, 1:08:43 PM] GET /admin/login?error=unauthorized 
[12/31/2025, 1:08:43 PM] GET /admin/login?error=unauthorized 
[12/31/2025, 1:08:43 PM] GET /admin/login?error=unauthorized 
[12/31/2025, 1:08:43 PM] GET /admin/login?error=unauthorized 
[12/31/2025, 1:08:43 PM] GET /admin/login?error=unauthorized 
[12/31/2025, 1:08:43 PM] GET /admin/login?error=unauthorized 
[12/31/2025, 1:08:43 PM] GET /admin/login?error=unauthorized 
[12/31/2025, 1:08:43 PM] GET /admin/login?error=unauthorized 
[12/31/2025, 1:08:43 PM] GET /admin/login?error=unauthorized 
[12/31/2025, 1:08:43 PM] GET /admin/login?error=unauthorized 
[12/31/2025, 1:08:43 PM] GET /admin 
[12/31/2025, 1:08:43 PM] GET /admin/login?error=unauthorized 
[12/31/2025, 1:08:43 PM] GET /admin/login?error=unauthorized 
[12/31/2025, 1:08:43 PM] GET /admin/login?error=unauthorized 
[12/31/2025, 1:08:43 PM] GET /admin/login?error=unauthorized 
[12/31/2025, 1:08:43 PM] GET /admin/login?error=unauthorized 
[12/31/2025, 1:08:43 PM] GET /admin/login?error=unauthorized 
[12/31/2025, 1:08:43 PM] GET /admin/login?error=unauthorized 
[12/31/2025, 1:08:43 PM] GET /admin/login?error=unauthorized 
[12/31/2025, 1:08:43 PM] GET /admin/login?error=unauthorized 
[12/31/2025, 1:08:43 PM] GET /admin/login?error=unauthorized 
[12/31/2025, 1:08:43 PM] GET /admin/login?error=unauthorized 
[12/31/2025, 1:08:43 PM] GET /admin/login?error=unauthorized 
[12/31/2025, 1:08:43 PM] GET /admin/login?error=unauthorized 
[12/31/2025, 1:08:43 PM] GET /admin/login?error=unauthorized 
[12/31/2025, 1:08:43 PM] GET /admin/login?error=unauthorized 
[12/31/2025, 1:08:43 PM] GET /admin/login?error=unauthorized 
[12/31/2025, 1:08:43 PM] GET /admin/login?error=unauthorized 
[12/31/2025, 1:08:43 PM] GET /admin/login?error=unauthorized 
[12/31/2025, 1:08:43 PM] GET /admin/login?error=unauthorized 
[12/31/2025, 1:08:44 PM] GET /admin/login?error=unauthorized 
[12/31/2025, 1:08:44 PM] GET /admin/login?error=unauthorized 
[12/31/2025, 1:08:44 PM] GET /admin/login?error=unauthorized 
[12/31/2025, 1:08:44 PM] GET /admin/login?error=unauthorized 
[12/31/2025, 1:08:44 PM] GET /admin/login?error=unauthorized 
[12/31/2025, 1:08:44 PM] GET /admin/login?error=unauthorized 
[12/31/2025, 1:08:44 PM] GET /admin/login?error=unauthorized 
[12/31/2025, 1:08:44 PM] GET /admin/login?error=unauthorized 
[12/31/2025, 1:08:44 PM] GET /admin/login?error=unauthorized 
[12/31/2025, 1:08:44 PM] GET /admin/login?error=unauthorized 
[12/31/2025, 1:08:44 PM] GET /admin/login?error=unauthorized 
[12/31/2025, 1:08:44 PM] GET /admin/login?error=unauthorized 
[12/31/2025, 1:08:44 PM] GET /admin/login?error=unauthorized 
[12/31/2025, 1:08:44 PM] GET /admin/login?error=unauthorized 
[12/31/2025, 1:08:44 PM] GET /admin/login?error=unauthorized 
[12/31/2025, 1:08:44 PM] GET /admin/login?error=unauthorized 
[12/31/2025, 1:08:44 PM] GET /admin/login?error=unauthorized 
[12/31/2025, 1:08:44 PM] GET /admin/login?error=unauthorized 
[12/31/2025, 1:08:44 PM] GET /admin/login?error=unauthorized 
[12/31/2025, 1:08:44 PM] GET /admin/login?error=unauthorized 
[12/31/2025, 1:08:50 PM] GET /admin/login?error=unauthorized 
[12/31/2025, 1:08:50 PM] GET /admin/login?error=unauthorized 
[12/31/2025, 1:08:50 PM] GET /admin/login?error=unauthorized 
[12/31/2025, 1:08:50 PM] GET /admin/login?error=unauthorized 
[12/31/2025, 1:08:50 PM] GET /admin/login?error=unauthorized 
[12/31/2025, 1:08:50 PM] GET /admin/login?error=unauthorized 
[12/31/2025, 1:08:50 PM] GET /admin/login?error=unauthorized 
[12/31/2025, 1:08:50 PM] GET /admin/login?error=unauthorized 
[12/31/2025, 1:08:50 PM] GET /admin/login?error=unauthorized 
[12/31/2025, 1:08:50 PM] GET /admin/login?error=unauthorized 
[12/31/2025, 1:08:50 PM] GET /admin/login?error=unauthorized 
[12/31/2025, 1:08:50 PM] GET /admin/login?error=unauthorized 
[12/31/2025, 1:08:50 PM] GET /admin/login?error=unauthorized 
[12/31/2025, 1:08:50 PM] GET /admin/login?error=unauthorized 
[12/31/2025, 1:08:50 PM] GET /admin/login?error=unauthorized 
[12/31/2025, 1:08:50 PM] GET /admin/login?error=unauthorized 
[12/31/2025, 1:08:50 PM] GET /admin/login?error=unauthorized 
[12/31/2025, 1:08:50 PM] GET /admin/login?error=unauthorized 
[12/31/2025, 1:08:50 PM] GET /admin/login?error=unauthorized 
[12/31/2025, 1:08:50 PM] GET /admin/login?error=unauthorized 
[12/31/2025, 1:08:55 PM] GET /admin/login?error=unauthorized 
[12/31/2025, 1:08:55 PM] GET /admin/login?error=unauthorized 
[12/31/2025, 1:08:55 PM] GET /admin/login?error=unauthorized 
[12/31/2025, 1:08:55 PM] GET /admin/login?error=unauthorized 
[12/31/2025, 1:08:55 PM] GET /admin/login?error=unauthorized 
[12/31/2025, 1:08:55 PM] GET /admin/login?error=unauthorized 
[12/31/2025, 1:08:55 PM] GET /admin/login?error=unauthorized 
[12/31/2025, 1:08:55 PM] GET /admin/login?error=unauthorized 
[12/31/2025, 1:08:55 PM] GET /admin/login?error=unauthorized 
[12/31/2025, 1:08:55 PM] GET /admin/login?error=unauthorized 
[12/31/2025, 1:08:55 PM] GET /admin/login?error=unauthorized 
[12/31/2025, 1:08:55 PM] GET /admin/login?error=unauthorized 
[12/31/2025, 1:08:55 PM] GET /admin/login?error=unauthorized 
[12/31/2025, 1:08:55 PM] GET /admin/login?error=unauthorized 
[12/31/2025, 1:08:55 PM] GET /admin/login?error=unauthorized 
[12/31/2025, 1:08:55 PM] GET /admin/login?error=unauthorized 
[12/31/2025, 1:08:55 PM] GET /admin/login?error=unauthorized 
[12/31/2025, 1:08:55 PM] GET /admin/login?error=unauthorized 
[12/31/2025, 1:08:55 PM] GET /admin/login?error=unauthorized 
[12/31/2025, 1:08:55 PM] GET /admin/login?error=unauthorized 
[12/31/2025, 1:10:03 PM] GET /admin 
[12/31/2025, 1:10:03 PM] GET /admin/login?error=unauthorized 
[12/31/2025, 1:10:03 PM] GET /admin/login?error=unauthorized 
[12/31/2025, 1:10:03 PM] GET /admin/login?error=unauthorized 
[12/31/2025, 1:10:03 PM] GET /admin/login?error=unauthorized 
[12/31/2025, 1:10:03 PM] GET /admin/login?error=unauthorized 
[12/31/2025, 1:10:03 PM] GET /admin/login?error=unauthorized 
[12/31/2025, 1:10:03 PM] GET /admin/login?error=unauthorized 
[12/31/2025, 1:10:03 PM] GET /admin/login?error=unauthorized 
[12/31/2025, 1:10:03 PM] GET /admin/login?error=unauthorized 
[12/31/2025, 1:10:03 PM] GET /admin/login?error=unauthorized 
[12/31/2025, 1:10:03 PM] GET /admin/login?error=unauthorized 
[12/31/2025, 1:10:03 PM] GET /admin/login?error=unauthorized 
[12/31/2025, 1:10:03 PM] GET /admin/login?error=unauthorized 
[12/31/2025, 1:10:03 PM] GET /admin/login?error=unauthorized 
[12/31/2025, 1:10:03 PM] GET /admin/login?error=unauthorized 
[12/31/2025, 1:10:04 PM] GET /admin/login?error=unauthorized 
[12/31/2025, 1:10:04 PM] GET /admin/login?error=unauthorized 
[12/31/2025, 1:10:04 PM] GET /admin/login?error=unauthorized 
[12/31/2025, 1:10:04 PM] GET /admin/login?error=unauthorized 
[12/31/2025, 1:10:04 PM] GET /admin 
[12/31/2025, 1:10:04 PM] GET /admin/login?error=unauthorized 
[12/31/2025, 1:10:04 PM] GET /admin/login?error=unauthorized 
[12/31/2025, 1:10:04 PM] GET /admin/login?error=unauthorized 
[12/31/2025, 1:10:04 PM] GET /admin/login?error=unauthorized 
[12/31/2025, 1:10:04 PM] GET /admin/login?error=unauthorized 
[12/31/2025, 1:10:04 PM] GET /admin/login?error=unauthorized 
[12/31/2025, 1:10:04 PM] GET /admin/login?error=unauthorized 
[12/31/2025, 1:10:04 PM] GET /admin/login?error=unauthorized 
[12/31/2025, 1:10:04 PM] GET /admin/login?error=unauthorized 
[12/31/2025, 1:10:04 PM] GET /admin/login?error=unauthorized 
[12/31/2025, 1:10:04 PM] GET /admin/login?error=unauthorized 
[12/31/2025, 1:10:04 PM] GET /admin/login?error=unauthorized 
[12/31/2025, 1:10:04 PM] GET /admin/login?error=unauthorized 
[12/31/2025, 1:10:04 PM] GET /admin/login?error=unauthorized 
[12/31/2025, 1:10:04 PM] GET /admin/login?error=unauthorized 
[12/31/2025, 1:10:04 PM] GET /admin/login?error=unauthorized 
[12/31/2025, 1:10:04 PM] GET /admin/login?error=unauthorized 
[12/31/2025, 1:10:04 PM] GET /admin/login?error=unauthorized 
[12/31/2025, 1:10:04 PM] GET /admin/login?error=unauthorized 
[12/31/2025, 1:10:05 PM] GET /admin/login?error=unauthorized 
[12/31/2025, 1:10:05 PM] GET /admin/login?error=unauthorized 
[12/31/2025, 1:10:05 PM] GET /admin/login?error=unauthorized 
[12/31/2025, 1:10:05 PM] GET /admin/login?error=unauthorized 
[12/31/2025, 1:10:05 PM] GET /admin/login?error=unauthorized 
[12/31/2025, 1:10:05 PM] GET /admin/login?error=unauthorized 
[12/31/2025, 1:10:05 PM] GET /admin/login?error=unauthorized 
[12/31/2025, 1:10:05 PM] GET /admin/login?error=unauthorized 
[12/31/2025, 1:10:05 PM] GET /admin/login?error=unauthorized 
[12/31/2025, 1:10:05 PM] GET /admin/login?error=unauthorized 
[12/31/2025, 1:10:05 PM] GET /admin/login?error=unauthorized 
[12/31/2025, 1:10:05 PM] GET /admin/login?error=unauthorized 
[12/31/2025, 1:10:05 PM] GET /admin/login?error=unauthorized 
[12/31/2025, 1:10:05 PM] GET /admin/login?error=unauthorized 
[12/31/2025, 1:10:05 PM] GET /admin/login?error=unauthorized 
[12/31/2025, 1:10:05 PM] GET /admin/login?error=unauthorized 
[12/31/2025, 1:10:05 PM] GET /admin/login?error=unauthorized 
[12/31/2025, 1:10:05 PM] GET /admin/login?error=unauthorized 
[12/31/2025, 1:10:05 PM] GET /admin/login?error=unauthorized 
[12/31/2025, 1:10:05 PM] GET /admin/login?error=unauthorized 
[12/31/2025, 1:10:07 PM] GET /admin/login 
[12/31/2025, 1:10:07 PM] GET /admin/login?error=unauthorized 
[12/31/2025, 1:10:07 PM] GET /admin/login?error=unauthorized 
[12/31/2025, 1:10:07 PM] GET /admin/login?error=unauthorized 
[12/31/2025, 1:10:07 PM] GET /admin/login?error=unauthorized 
[12/31/2025, 1:10:07 PM] GET /admin/login?error=unauthorized 
[12/31/2025, 1:10:07 PM] GET /admin/login?error=unauthorized 
[12/31/2025, 1:10:07 PM] GET /admin/login?error=unauthorized 
[12/31/2025, 1:10:07 PM] GET /admin/login?error=unauthorized 
[12/31/2025, 1:10:07 PM] GET /admin/login?error=unauthorized 
[12/31/2025, 1:10:07 PM] GET /admin/login?error=unauthorized 
[12/31/2025, 1:10:07 PM] GET /admin/login?error=unauthorized 
[12/31/2025, 1:10:07 PM] GET /admin/login?error=unauthorized 
[12/31/2025, 1:10:07 PM] GET /admin/login?error=unauthorized 
[12/31/2025, 1:10:07 PM] GET /admin/login?error=unauthorized 
[12/31/2025, 1:10:07 PM] GET /admin/login?error=unauthorized 
[12/31/2025, 1:10:07 PM] GET /admin/login?error=unauthorized 
[12/31/2025, 1:10:07 PM] GET /admin/login?error=unauthorized 
[12/31/2025, 1:10:07 PM] GET /admin/login?error=unauthorized 
[12/31/2025, 1:10:07 PM] GET /admin/login?error=unauthorized 
[12/31/2025, 1:10:08 PM] GET /admin/login?error=unauthorized 
[12/31/2025, 1:10:08 PM] GET /admin/login?error=unauthorized 
[12/31/2025, 1:10:08 PM] GET /admin/login?error=unauthorized 
[12/31/2025, 1:10:08 PM] GET /admin/login?error=unauthorized 
[12/31/2025, 1:10:08 PM] GET /admin/login?error=unauthorized 
[12/31/2025, 1:10:08 PM] GET /admin/login?error=unauthorized 
[12/31/2025, 1:10:08 PM] GET /admin/login?error=unauthorized 
[12/31/2025, 1:10:08 PM] GET /admin/login?error=unauthorized 
[12/31/2025, 1:10:08 PM] GET /admin/login?error=unauthorized 
[12/31/2025, 1:10:08 PM] GET /admin/login?error=unauthorized 
[12/31/2025, 1:10:08 PM] GET /admin/login?error=unauthorized 
[12/31/2025, 1:10:08 PM] GET /admin/login?error=unauthorized 
[12/31/2025, 1:10:08 PM] GET /admin/login?error=unauthorized 
[12/31/2025, 1:10:08 PM] GET /admin/login?error=unauthorized 
[12/31/2025, 1:10:08 PM] GET /admin/login?error=unauthorized 
[12/31/2025, 1:10:08 PM] GET /admin/login?error=unauthorized 
[12/31/2025, 1:10:08 PM] GET /admin/login?error=unauthorized 
[12/31/2025, 1:10:08 PM] GET /admin/login?error=unauthorized 
[12/31/2025, 1:10:08 PM] GET /admin/login?error=unauthorized 
[12/31/2025, 1:10:08 PM] GET /admin/login?error=unauthorized 
[12/31/2025, 1:10:10 PM] GET / 
[12/31/2025, 1:10:12 PM] GET /login 
[12/31/2025, 1:10:18 PM] POST /login 
[12/31/2025, 1:10:19 PM] GET / 
[12/31/2025, 1:10:24 PM] GET /admin 
[12/31/2025, 1:10:24 PM] GET /admin/login?error=unauthorized 
[12/31/2025, 1:10:24 PM] GET /admin/login?error=unauthorized 
[12/31/2025, 1:10:24 PM] GET /admin/login?error=unauthorized 
[12/31/2025, 1:10:24 PM] GET /admin/login?error=unauthorized 
[12/31/2025, 1:10:24 PM] GET /admin/login?error=unauthorized 
[12/31/2025, 1:10:24 PM] GET /admin/login?error=unauthorized 
[12/31/2025, 1:10:24 PM] GET /admin/login?error=unauthorized 
[12/31/2025, 1:10:25 PM] GET /admin/login?error=unauthorized 
[12/31/2025, 1:10:25 PM] GET /admin/login?error=unauthorized 
[12/31/2025, 1:10:25 PM] GET /admin/login?error=unauthorized 
[12/31/2025, 1:10:25 PM] GET /admin/login?error=unauthorized 
[12/31/2025, 1:10:25 PM] GET /admin/login?error=unauthorized 
[12/31/2025, 1:10:25 PM] GET /admin/login?error=unauthorized 
[12/31/2025, 1:10:25 PM] GET /admin/login?error=unauthorized 
[12/31/2025, 1:10:25 PM] GET /admin/login?error=unauthorized 
[12/31/2025, 1:10:25 PM] GET /admin/login?error=unauthorized 
[12/31/2025, 1:10:26 PM] GET /admin/login?error=unauthorized 
[12/31/2025, 1:10:26 PM] GET /admin/login?error=unauthorized 
[12/31/2025, 1:10:26 PM] GET /admin/login?error=unauthorized 
[12/31/2025, 1:10:28 PM] GET /user 
[12/31/2025, 1:10:28 PM] GET /admin/login?error=unauthorized 
[12/31/2025, 1:10:28 PM] GET /admin/login?error=unauthorized 
[12/31/2025, 1:10:29 PM] GET /admin/login?error=unauthorized 
[12/31/2025, 1:10:29 PM] GET /admin/login?error=unauthorized 
[12/31/2025, 1:10:29 PM] GET /admin/login?error=unauthorized 
[12/31/2025, 1:10:29 PM] GET /admin/login?error=unauthorized 
[12/31/2025, 1:10:29 PM] GET /admin/login?error=unauthorized 
[12/31/2025, 1:10:29 PM] GET /admin/login?error=unauthorized 
[12/31/2025, 1:10:29 PM] GET /admin/login?error=unauthorized 
[12/31/2025, 1:10:29 PM] GET /admin/login?error=unauthorized 
[12/31/2025, 1:10:29 PM] GET /admin/login?error=unauthorized 
[12/31/2025, 1:10:29 PM] GET /admin/login?error=unauthorized 
[12/31/2025, 1:10:29 PM] GET /admin/login?error=unauthorized 
[12/31/2025, 1:10:30 PM] GET /admin/login?error=unauthorized 
[12/31/2025, 1:10:30 PM] GET /admin/login?error=unauthorized 
[12/31/2025, 1:10:30 PM] GET /admin/login?error=unauthorized 
[12/31/2025, 1:10:30 PM] GET /admin/login?error=unauthorized 
[12/31/2025, 1:10:30 PM] GET /admin/login?error=unauthorized 
[12/31/2025, 1:10:30 PM] GET /admin/login?error=unauthorized 
[12/31/2025, 1:10:31 PM] GET /admin/login?error=unauthorized 
[12/31/2025, 1:10:31 PM] GET /admin/login?error=unauthorized 
[12/31/2025, 1:10:31 PM] GET /admin/login?error=unauthorized 
[12/31/2025, 1:10:31 PM] GET /admin/login?error=unauthorized 
[12/31/2025, 1:10:31 PM] GET /admin/login?error=unauthorized 
[12/31/2025, 1:10:31 PM] GET /admin/login?error=unauthorized 
[12/31/2025, 1:10:31 PM] GET /admin/login?error=unauthorized 
[12/31/2025, 1:10:32 PM] GET /admin/login?error=unauthorized 
[12/31/2025, 1:10:32 PM] GET /admin/login?error=unauthorized 
[12/31/2025, 1:10:32 PM] GET /admin/login?error=unauthorized 
[12/31/2025, 1:10:32 PM] GET /admin/login?error=unauthorized 
[12/31/2025, 1:10:32 PM] GET /admin/login?error=unauthorized 
[12/31/2025, 1:10:32 PM] GET /admin/login?error=unauthorized 
[12/31/2025, 1:10:32 PM] GET /admin/login?error=unauthorized 
[12/31/2025, 1:10:32 PM] GET /admin/login?error=unauthorized 
[12/31/2025, 1:10:32 PM] GET /admin/login?error=unauthorized 
[12/31/2025, 1:10:32 PM] GET /admin/login?error=unauthorized 
[12/31/2025, 1:10:32 PM] GET /admin/login?error=unauthorized 
[12/31/2025, 1:10:32 PM] GET /admin/login?error=unauthorized 
[12/31/2025, 1:10:32 PM] GET /admin/login?error=unauthorized 
[12/31/2025, 1:10:37 PM] GET /admin/login?error=unauthorized 
[12/31/2025, 1:10:38 PM] GET /admin/login?error=unauthorized 
[12/31/2025, 1:10:38 PM] GET /admin/login?error=unauthorized 
[12/31/2025, 1:10:38 PM] GET /admin/login?error=unauthorized 
[12/31/2025, 1:10:38 PM] GET /admin/login?error=unauthorized 
[12/31/2025, 1:10:38 PM] GET /admin/login?error=unauthorized 
[12/31/2025, 1:10:38 PM] GET /admin/login?error=unauthorized 
[12/31/2025, 1:10:38 PM] GET /admin/login?error=unauthorized 
[12/31/2025, 1:10:38 PM] GET /admin/login?error=unauthorized 
[12/31/2025, 1:10:38 PM] GET /admin/login?error=unauthorized 
[12/31/2025, 1:10:38 PM] GET /admin/login?error=unauthorized 
[12/31/2025, 1:10:38 PM] GET /admin/login?error=unauthorized 
[12/31/2025, 1:10:38 PM] GET /admin/login?error=unauthorized 
[12/31/2025, 1:10:38 PM] GET /admin/login?error=unauthorized 
[12/31/2025, 1:10:38 PM] GET /admin/login?error=unauthorized 
[12/31/2025, 1:10:39 PM] GET /admin/login?error=unauthorized 
[12/31/2025, 1:10:39 PM] GET /admin/login?error=unauthorized 
[12/31/2025, 1:10:39 PM] GET /admin/login?error=unauthorized 
[12/31/2025, 1:10:39 PM] GET /admin/login?error=unauthorized 
[12/31/2025, 1:10:39 PM] GET /admin/login?error=unauthorized 
[12/31/2025, 1:10:41 PM] GET /admin/lproduct 
[12/31/2025, 1:10:41 PM] GET /admin/login?error=unauthorized 
[12/31/2025, 1:10:41 PM] GET /admin/login?error=unauthorized 
[12/31/2025, 1:10:41 PM] GET /admin/login?error=unauthorized 
[12/31/2025, 1:10:41 PM] GET /admin/login?error=unauthorized 
[12/31/2025, 1:10:41 PM] GET /admin/login?error=unauthorized 
[12/31/2025, 1:10:41 PM] GET /admin/login?error=unauthorized 
[12/31/2025, 1:10:41 PM] GET /admin/login?error=unauthorized 
[12/31/2025, 1:10:41 PM] GET /admin/login?error=unauthorized 
[12/31/2025, 1:10:41 PM] GET /admin/login?error=unauthorized 
[12/31/2025, 1:10:41 PM] GET /admin/login?error=unauthorized 
[12/31/2025, 1:10:42 PM] GET /admin/login?error=unauthorized 
[12/31/2025, 1:10:42 PM] GET /admin/login?error=unauthorized 
[12/31/2025, 1:10:42 PM] GET /admin/login?error=unauthorized 
[12/31/2025, 1:10:42 PM] GET /admin/login?error=unauthorized 
[12/31/2025, 1:10:42 PM] GET /admin/login?error=unauthorized 
[12/31/2025, 1:10:42 PM] GET /admin/login?error=unauthorized 
[12/31/2025, 1:10:42 PM] GET /admin/login?error=unauthorized 
[12/31/2025, 1:10:42 PM] GET /admin/login?error=unauthorized 
[12/31/2025, 1:10:42 PM] GET /admin/login?error=unauthorized 
[12/31/2025, 1:10:43 PM] GET /admin/login?error=unauthorized 
[12/31/2025, 1:10:43 PM] GET /admin/login?error=unauthorized 
[12/31/2025, 1:10:43 PM] GET /admin/login?error=unauthorized 
[12/31/2025, 1:10:43 PM] GET /admin/login?error=unauthorized 
[12/31/2025, 1:10:44 PM] GET /admin/login?error=unauthorized 
[12/31/2025, 1:10:44 PM] GET /admin/login?error=unauthorized 
[12/31/2025, 1:10:44 PM] GET /admin/login?error=unauthorized 
[12/31/2025, 1:10:44 PM] GET /admin/login?error=unauthorized 
[12/31/2025, 1:10:44 PM] GET /admin/login?error=unauthorized 
[12/31/2025, 1:10:44 PM] GET /admin/login?error=unauthorized 
[12/31/2025, 1:10:44 PM] GET /admin/login?error=unauthorized 
[12/31/2025, 1:10:44 PM] GET /admin/login?error=unauthorized 
[12/31/2025, 1:10:44 PM] GET /admin/login?error=unauthorized 
[12/31/2025, 1:10:44 PM] GET /admin/login?error=unauthorized 
[12/31/2025, 1:10:44 PM] GET /admin/login?error=unauthorized 
[12/31/2025, 1:10:44 PM] GET /admin/login?error=unauthorized 
[12/31/2025, 1:10:44 PM] GET /admin/login?error=unauthorized 
[12/31/2025, 1:10:44 PM] GET /admin/login?error=unauthorized 
[12/31/2025, 1:10:45 PM] GET /admin/login?error=unauthorized 
[12/31/2025, 1:10:45 PM] GET /admin/login?error=unauthorized 
[12/31/2025, 1:11:28 PM] GET /admin/login?error=unauthorized 
[12/31/2025, 1:11:28 PM] GET /admin/login?error=unauthorized 
[12/31/2025, 1:11:28 PM] GET /admin/login?error=unauthorized 
[12/31/2025, 1:11:28 PM] GET /admin/login?error=unauthorized 
[12/31/2025, 1:11:28 PM] GET /admin/login?error=unauthorized 
[12/31/2025, 1:11:28 PM] GET /admin/login?error=unauthorized 
[12/31/2025, 1:11:28 PM] GET /admin/login?error=unauthorized 
[12/31/2025, 1:11:28 PM] GET /admin/login?error=unauthorized 
[12/31/2025, 1:11:28 PM] GET /admin/login?error=unauthorized 
[12/31/2025, 1:11:28 PM] GET /admin/login?error=unauthorized 
[12/31/2025, 1:11:28 PM] GET /admin/login?error=unauthorized 
[12/31/2025, 1:11:28 PM] GET /admin/login?error=unauthorized 
[12/31/2025, 1:11:28 PM] GET /admin/login?error=unauthorized 
[12/31/2025, 1:11:28 PM] GET /admin/login?error=unauthorized 
[12/31/2025, 1:11:28 PM] GET /admin/login?error=unauthorized 
[12/31/2025, 1:11:28 PM] GET /admin/login?error=unauthorized 
[12/31/2025, 1:11:28 PM] GET /admin/login?error=unauthorized 
[12/31/2025, 1:11:28 PM] GET /admin/login?error=unauthorized 
[12/31/2025, 1:11:28 PM] GET /admin/login?error=unauthorized 
[12/31/2025, 1:11:28 PM] GET /admin/login?error=unauthorized 
[12/31/2025, 1:11:31 PM] GET /admin/login 
[12/31/2025, 1:11:31 PM] GET /admin/login?error=unauthorized 
[12/31/2025, 1:11:31 PM] GET /admin/login?error=unauthorized 
[12/31/2025, 1:11:31 PM] GET /admin/login?error=unauthorized 
[12/31/2025, 1:11:31 PM] GET /admin/login?error=unauthorized 
[12/31/2025, 1:11:31 PM] GET /admin/login?error=unauthorized 
[12/31/2025, 1:11:31 PM] GET /admin/login?error=unauthorized 
[12/31/2025, 1:11:31 PM] GET /admin/login?error=unauthorized 
[12/31/2025, 1:11:31 PM] GET /admin/login?error=unauthorized 
[12/31/2025, 1:11:31 PM] GET /admin/login?error=unauthorized 
[12/31/2025, 1:11:31 PM] GET /admin/login?error=unauthorized 
[12/31/2025, 1:11:31 PM] GET /admin/login?error=unauthorized 
[12/31/2025, 1:11:31 PM] GET /admin/login?error=unauthorized 
[12/31/2025, 1:11:31 PM] GET /admin/login?error=unauthorized 
[12/31/2025, 1:11:31 PM] GET /admin/login?error=unauthorized 
[12/31/2025, 1:11:31 PM] GET /admin/login?error=unauthorized 
[12/31/2025, 1:11:31 PM] GET /admin/login?error=unauthorized 
[12/31/2025, 1:11:31 PM] GET /admin/login?error=unauthorized 
[12/31/2025, 1:11:31 PM] GET /admin/login?error=unauthorized 
[12/31/2025, 1:11:31 PM] GET /admin/login?error=unauthorized 
[12/31/2025, 1:11:32 PM] GET /admin/login?error=unauthorized 
[12/31/2025, 1:11:32 PM] GET /admin/login?error=unauthorized 
[12/31/2025, 1:11:32 PM] GET /admin/login?error=unauthorized 
[12/31/2025, 1:11:32 PM] GET /admin/login?error=unauthorized 
[12/31/2025, 1:11:32 PM] GET /admin/login?error=unauthorized 
[12/31/2025, 1:11:32 PM] GET /admin/login?error=unauthorized 
[12/31/2025, 1:11:32 PM] GET /admin/login?error=unauthorized 
[12/31/2025, 1:11:32 PM] GET /admin/login?error=unauthorized 
[12/31/2025, 1:11:32 PM] GET /admin/login?error=unauthorized 
[12/31/2025, 1:11:32 PM] GET /admin/login?error=unauthorized 
[12/31/2025, 1:11:32 PM] GET /admin/login?error=unauthorized 
[12/31/2025, 1:11:32 PM] GET /admin/login?error=unauthorized 
[12/31/2025, 1:11:32 PM] GET /admin/login?error=unauthorized 
[12/31/2025, 1:11:32 PM] GET /admin/login?error=unauthorized 
[12/31/2025, 1:11:32 PM] GET /admin/login?error=unauthorized 
[12/31/2025, 1:11:32 PM] GET /admin/login?error=unauthorized 
[12/31/2025, 1:11:32 PM] GET /admin/login?error=unauthorized 
[12/31/2025, 1:11:32 PM] GET /admin/login?error=unauthorized 
[12/31/2025, 1:11:32 PM] GET /admin/login?error=unauthorized 
[12/31/2025, 1:11:32 PM] GET /admin/login?error=unauthorized 
[12/31/2025, 1:11:34 PM] GET /admin 
[12/31/2025, 1:11:34 PM] GET /admin/login?error=unauthorized 
[12/31/2025, 1:11:34 PM] GET /admin/login?error=unauthorized 
[12/31/2025, 1:11:34 PM] GET /admin/login?error=unauthorized 
[12/31/2025, 1:11:34 PM] GET /admin/login?error=unauthorized 
[12/31/2025, 1:11:34 PM] GET /admin/login?error=unauthorized 
[12/31/2025, 1:11:34 PM] GET /admin/login?error=unauthorized 
[12/31/2025, 1:11:34 PM] GET /admin/login?error=unauthorized 
[12/31/2025, 1:11:34 PM] GET /admin/login?error=unauthorized 
[12/31/2025, 1:11:34 PM] GET /admin/login?error=unauthorized 
[12/31/2025, 1:11:34 PM] GET /admin/login?error=unauthorized 
[12/31/2025, 1:11:34 PM] GET /admin/login?error=unauthorized 
[12/31/2025, 1:11:34 PM] GET /admin/login?error=unauthorized 
[12/31/2025, 1:11:34 PM] GET /admin/login?error=unauthorized 
[12/31/2025, 1:11:34 PM] GET /admin/login?error=unauthorized 
[12/31/2025, 1:11:34 PM] GET /admin/login?error=unauthorized 
[12/31/2025, 1:11:34 PM] GET /admin/login?error=unauthorized 
[12/31/2025, 1:11:34 PM] GET /admin/login?error=unauthorized 
[12/31/2025, 1:11:34 PM] GET /admin/login?error=unauthorized 
[12/31/2025, 1:11:34 PM] GET /admin/login?error=unauthorized 
[12/31/2025, 1:11:34 PM] GET /admin 
[12/31/2025, 1:11:34 PM] GET /admin/login?error=unauthorized 
[12/31/2025, 1:11:34 PM] GET /admin/login?error=unauthorized 
[12/31/2025, 1:11:34 PM] GET /admin/login?error=unauthorized 
[12/31/2025, 1:11:34 PM] GET /admin/login?error=unauthorized 
[12/31/2025, 1:11:34 PM] GET /admin/login?error=unauthorized 
[12/31/2025, 1:11:34 PM] GET /admin/login?error=unauthorized 
[12/31/2025, 1:11:34 PM] GET /admin/login?error=unauthorized 
[12/31/2025, 1:11:34 PM] GET /admin/login?error=unauthorized 
[12/31/2025, 1:11:34 PM] GET /admin/login?error=unauthorized 
[12/31/2025, 1:11:34 PM] GET /admin/login?error=unauthorized 
[12/31/2025, 1:11:34 PM] GET /admin/login?error=unauthorized 
[12/31/2025, 1:11:34 PM] GET /admin/login?error=unauthorized 
[12/31/2025, 1:11:34 PM] GET /admin/login?error=unauthorized 
[12/31/2025, 1:11:34 PM] GET /admin/login?error=unauthorized 
[12/31/2025, 1:11:34 PM] GET /admin/login?error=unauthorized 
[12/31/2025, 1:11:34 PM] GET /admin/login?error=unauthorized 
[12/31/2025, 1:11:34 PM] GET /admin/login?error=unauthorized 
[12/31/2025, 1:11:34 PM] GET /admin/login?error=unauthorized 
[12/31/2025, 1:11:34 PM] GET /admin/login?error=unauthorized 
[12/31/2025, 1:11:35 PM] GET /admin/login?error=unauthorized 
[12/31/2025, 1:11:35 PM] GET /admin/login?error=unauthorized 
[12/31/2025, 1:11:35 PM] GET /admin/login?error=unauthorized 
[12/31/2025, 1:11:35 PM] GET /admin/login?error=unauthorized 
[12/31/2025, 1:11:35 PM] GET /admin/login?error=unauthorized 
[12/31/2025, 1:11:35 PM] GET /admin/login?error=unauthorized 
[12/31/2025, 1:11:35 PM] GET /admin/login?error=unauthorized 
[12/31/2025, 1:11:35 PM] GET /admin/login?error=unauthorized 
[12/31/2025, 1:11:35 PM] GET /admin/login?error=unauthorized 
[12/31/2025, 1:11:35 PM] GET /admin/login?error=unauthorized 
[12/31/2025, 1:11:35 PM] GET /admin/login?error=unauthorized 
[12/31/2025, 1:11:35 PM] GET /admin/login?error=unauthorized 
[12/31/2025, 1:11:35 PM] GET /admin/login?error=unauthorized 
[12/31/2025, 1:11:35 PM] GET /admin/login?error=unauthorized 
[12/31/2025, 1:11:35 PM] GET /admin/login?error=unauthorized 
[12/31/2025, 1:11:35 PM] GET /admin/login?error=unauthorized 
[12/31/2025, 1:11:35 PM] GET /admin/login?error=unauthorized 
[12/31/2025, 1:11:35 PM] GET /admin/login?error=unauthorized 
[12/31/2025, 1:11:35 PM] GET /admin/login?error=unauthorized 
[12/31/2025, 1:11:35 PM] GET /admin/login?error=unauthorized 
[12/31/2025, 1:11:40 PM] GET /admin/login?error=unauthorized 
[12/31/2025, 1:11:40 PM] GET /admin/login?error=unauthorized 
[12/31/2025, 1:11:40 PM] GET /admin/login?error=unauthorized 
[12/31/2025, 1:11:40 PM] GET /admin/login?error=unauthorized 
[12/31/2025, 1:11:40 PM] GET /admin/login?error=unauthorized 
[12/31/2025, 1:11:40 PM] GET /admin/login?error=unauthorized 
[12/31/2025, 1:11:40 PM] GET /admin/login?error=unauthorized 
[12/31/2025, 1:11:40 PM] GET /admin/login?error=unauthorized 
[12/31/2025, 1:11:40 PM] GET /admin/login?error=unauthorized 
[12/31/2025, 1:11:40 PM] GET /admin/login?error=unauthorized 
[12/31/2025, 1:11:40 PM] GET /admin/login?error=unauthorized 
[12/31/2025, 1:11:40 PM] GET /admin/login?error=unauthorized 
[12/31/2025, 1:11:40 PM] GET /admin/login?error=unauthorized 
[12/31/2025, 1:11:40 PM] GET /admin/login?error=unauthorized 
[12/31/2025, 1:11:40 PM] GET /admin/login?error=unauthorized 
[12/31/2025, 1:11:40 PM] GET /admin/login?error=unauthorized 
[12/31/2025, 1:11:40 PM] GET /admin/login?error=unauthorized 
[12/31/2025, 1:11:40 PM] GET /admin/login?error=unauthorized 
[12/31/2025, 1:11:40 PM] GET /admin/login?error=unauthorized 
[12/31/2025, 1:11:40 PM] GET /admin/login?error=unauthorized 
[12/31/2025, 1:12:08 PM] GET / 
[12/31/2025, 1:12:13 PM] GET /admin 
[12/31/2025, 1:12:13 PM] GET /admin/login?error=unauthorized 
[12/31/2025, 1:12:13 PM] GET /admin/login?error=unauthorized 
[12/31/2025, 1:12:13 PM] GET /admin/login?error=unauthorized 
[12/31/2025, 1:12:13 PM] GET /admin/login?error=unauthorized 
[12/31/2025, 1:12:13 PM] GET /admin/login?error=unauthorized 
[12/31/2025, 1:12:13 PM] GET /admin/login?error=unauthorized 
[12/31/2025, 1:12:13 PM] GET /admin/login?error=unauthorized 
[12/31/2025, 1:12:13 PM] GET /admin/login?error=unauthorized 
[12/31/2025, 1:12:13 PM] GET /admin/login?error=unauthorized 
[12/31/2025, 1:12:13 PM] GET /admin/login?error=unauthorized 
[12/31/2025, 1:12:13 PM] GET /admin/login?error=unauthorized 
[12/31/2025, 1:12:13 PM] GET /admin/login?error=unauthorized 
[12/31/2025, 1:12:13 PM] GET /admin/login?error=unauthorized 
[12/31/2025, 1:12:13 PM] GET /admin/login?error=unauthorized 
[12/31/2025, 1:12:13 PM] GET /admin/login?error=unauthorized 
[12/31/2025, 1:12:13 PM] GET /admin/login?error=unauthorized 
[12/31/2025, 1:12:13 PM] GET /admin/login?error=unauthorized 
[12/31/2025, 1:12:13 PM] GET /admin/login?error=unauthorized 
[12/31/2025, 1:12:13 PM] GET /admin/login?error=unauthorized 
[12/31/2025, 1:12:13 PM] GET /admin 
[12/31/2025, 1:12:13 PM] GET /admin/login?error=unauthorized 
[12/31/2025, 1:12:13 PM] GET /admin/login?error=unauthorized 
[12/31/2025, 1:12:13 PM] GET /admin/login?error=unauthorized 
[12/31/2025, 1:12:13 PM] GET /admin/login?error=unauthorized 
[12/31/2025, 1:12:13 PM] GET /admin/login?error=unauthorized 
[12/31/2025, 1:12:13 PM] GET /admin/login?error=unauthorized 
[12/31/2025, 1:12:13 PM] GET /admin/login?error=unauthorized 
[12/31/2025, 1:12:13 PM] GET /admin/login?error=unauthorized 
[12/31/2025, 1:12:13 PM] GET /admin/login?error=unauthorized 
[12/31/2025, 1:12:13 PM] GET /admin/login?error=unauthorized 
[12/31/2025, 1:12:13 PM] GET /admin/login?error=unauthorized 
[12/31/2025, 1:12:13 PM] GET /admin/login?error=unauthorized 
[12/31/2025, 1:12:13 PM] GET /admin/login?error=unauthorized 
[12/31/2025, 1:12:13 PM] GET /admin/login?error=unauthorized 
[12/31/2025, 1:12:13 PM] GET /admin/login?error=unauthorized 
[12/31/2025, 1:12:13 PM] GET /admin/login?error=unauthorized 
[12/31/2025, 1:12:13 PM] GET /admin/login?error=unauthorized 
[12/31/2025, 1:12:13 PM] GET /admin/login?error=unauthorized 
[12/31/2025, 1:12:13 PM] GET /admin/login?error=unauthorized 
[12/31/2025, 1:12:14 PM] GET /admin/login?error=unauthorized 
[12/31/2025, 1:12:14 PM] GET /admin/login?error=unauthorized 
[12/31/2025, 1:12:14 PM] GET /admin/login?error=unauthorized 
[12/31/2025, 1:12:14 PM] GET /admin/login?error=unauthorized 
[12/31/2025, 1:12:14 PM] GET /admin/login?error=unauthorized 
[12/31/2025, 1:12:14 PM] GET /admin/login?error=unauthorized 
[12/31/2025, 1:12:14 PM] GET /admin/login?error=unauthorized 
[12/31/2025, 1:12:14 PM] GET /admin/login?error=unauthorized 
[12/31/2025, 1:12:14 PM] GET /admin/login?error=unauthorized 
[12/31/2025, 1:12:14 PM] GET /admin/login?error=unauthorized 
[12/31/2025, 1:12:14 PM] GET /admin/login?error=unauthorized 
[12/31/2025, 1:12:14 PM] GET /admin/login?error=unauthorized 
[12/31/2025, 1:12:14 PM] GET /admin/login?error=unauthorized 
[12/31/2025, 1:12:14 PM] GET /admin/login?error=unauthorized 
[12/31/2025, 1:12:14 PM] GET /admin/login?error=unauthorized 
[12/31/2025, 1:12:14 PM] GET /admin/login?error=unauthorized 
[12/31/2025, 1:12:14 PM] GET /admin/login?error=unauthorized 
[12/31/2025, 1:12:14 PM] GET /admin/login?error=unauthorized 
[12/31/2025, 1:12:14 PM] GET /admin/login?error=unauthorized 
[12/31/2025, 1:12:14 PM] GET /admin/login?error=unauthorized 
[12/31/2025, 1:13:33 PM] GET /admin/login?error=unauthorized 
[12/31/2025, 1:13:33 PM] GET /admin/loginAdmin?error=unauthorized 
[12/31/2025, 1:13:33 PM] GET /admin/loginAdmin?error=unauthorized 
[12/31/2025, 1:13:33 PM] GET /admin/loginAdmin?error=unauthorized 
[12/31/2025, 1:13:33 PM] GET /admin/loginAdmin?error=unauthorized 
[12/31/2025, 1:13:33 PM] GET /admin/loginAdmin?error=unauthorized 
[12/31/2025, 1:13:33 PM] GET /admin/loginAdmin?error=unauthorized 
[12/31/2025, 1:13:33 PM] GET /admin/loginAdmin?error=unauthorized 
[12/31/2025, 1:13:33 PM] GET /admin/loginAdmin?error=unauthorized 
[12/31/2025, 1:13:33 PM] GET /admin/loginAdmin?error=unauthorized 
[12/31/2025, 1:13:33 PM] GET /admin/loginAdmin?error=unauthorized 
[12/31/2025, 1:13:33 PM] GET /admin/loginAdmin?error=unauthorized 
[12/31/2025, 1:13:33 PM] GET /admin/loginAdmin?error=unauthorized 
[12/31/2025, 1:13:33 PM] GET /admin/loginAdmin?error=unauthorized 
[12/31/2025, 1:13:33 PM] GET /admin/loginAdmin?error=unauthorized 
[12/31/2025, 1:13:33 PM] GET /admin/loginAdmin?error=unauthorized 
[12/31/2025, 1:13:33 PM] GET /admin/loginAdmin?error=unauthorized 
[12/31/2025, 1:13:34 PM] GET /admin/loginAdmin?error=unauthorized 
[12/31/2025, 1:13:34 PM] GET /admin/loginAdmin?error=unauthorized 
[12/31/2025, 1:13:34 PM] GET /admin/loginAdmin?error=unauthorized 
[12/31/2025, 1:13:36 PM] GET /admin/loginAdmin 
[12/31/2025, 1:13:36 PM] GET /admin/loginAdmin?error=unauthorized 
[12/31/2025, 1:13:36 PM] GET /admin/loginAdmin?error=unauthorized 
[12/31/2025, 1:13:36 PM] GET /admin/loginAdmin?error=unauthorized 
[12/31/2025, 1:13:36 PM] GET /admin/loginAdmin?error=unauthorized 
[12/31/2025, 1:13:36 PM] GET /admin/loginAdmin?error=unauthorized 
[12/31/2025, 1:13:36 PM] GET /admin/loginAdmin?error=unauthorized 
[12/31/2025, 1:13:36 PM] GET /admin/loginAdmin?error=unauthorized 
[12/31/2025, 1:13:36 PM] GET /admin/loginAdmin?error=unauthorized 
[12/31/2025, 1:13:36 PM] GET /admin/loginAdmin?error=unauthorized 
[12/31/2025, 1:13:36 PM] GET /admin/loginAdmin?error=unauthorized 
[12/31/2025, 1:13:36 PM] GET /admin/loginAdmin?error=unauthorized 
[12/31/2025, 1:13:36 PM] GET /admin/loginAdmin?error=unauthorized 
[12/31/2025, 1:13:36 PM] GET /admin/loginAdmin?error=unauthorized 
[12/31/2025, 1:13:36 PM] GET /admin/loginAdmin?error=unauthorized 
[12/31/2025, 1:13:36 PM] GET /admin/loginAdmin?error=unauthorized 
[12/31/2025, 1:13:36 PM] GET /admin/loginAdmin?error=unauthorized 
[12/31/2025, 1:13:36 PM] GET /admin/loginAdmin?error=unauthorized 
[12/31/2025, 1:13:36 PM] GET /admin/loginAdmin?error=unauthorized 
[12/31/2025, 1:13:36 PM] GET /admin/loginAdmin?error=unauthorized 
[12/31/2025, 1:13:37 PM] GET /admin/loginAdmin?error=unauthorized 
[12/31/2025, 1:13:37 PM] GET /admin/loginAdmin?error=unauthorized 
[12/31/2025, 1:13:37 PM] GET /admin/loginAdmin?error=unauthorized 
[12/31/2025, 1:13:37 PM] GET /admin/loginAdmin?error=unauthorized 
[12/31/2025, 1:13:37 PM] GET /admin/loginAdmin?error=unauthorized 
[12/31/2025, 1:13:37 PM] GET /admin/loginAdmin?error=unauthorized 
[12/31/2025, 1:13:37 PM] GET /admin/loginAdmin?error=unauthorized 
[12/31/2025, 1:13:37 PM] GET /admin/loginAdmin?error=unauthorized 
[12/31/2025, 1:13:37 PM] GET /admin/loginAdmin?error=unauthorized 
[12/31/2025, 1:13:37 PM] GET /admin/loginAdmin?error=unauthorized 
[12/31/2025, 1:13:37 PM] GET /admin/loginAdmin?error=unauthorized 
[12/31/2025, 1:13:37 PM] GET /admin/loginAdmin?error=unauthorized 
[12/31/2025, 1:13:37 PM] GET /admin/loginAdmin?error=unauthorized 
[12/31/2025, 1:13:37 PM] GET /admin/loginAdmin?error=unauthorized 
[12/31/2025, 1:13:37 PM] GET /admin/loginAdmin?error=unauthorized 
[12/31/2025, 1:13:37 PM] GET /admin/loginAdmin?error=unauthorized 
[12/31/2025, 1:13:37 PM] GET /admin/loginAdmin?error=unauthorized 
[12/31/2025, 1:13:37 PM] GET /admin/loginAdmin?error=unauthorized 
[12/31/2025, 1:13:37 PM] GET /admin/loginAdmin?error=unauthorized 
[12/31/2025, 1:13:37 PM] GET /admin/loginAdmin?error=unauthorized 
[12/31/2025, 1:13:39 PM] GET /admin 
[12/31/2025, 1:13:39 PM] GET /admin/loginAdmin?error=unauthorized 
[12/31/2025, 1:13:39 PM] GET /admin/loginAdmin?error=unauthorized 
[12/31/2025, 1:13:39 PM] GET /admin/loginAdmin?error=unauthorized 
[12/31/2025, 1:13:39 PM] GET /admin/loginAdmin?error=unauthorized 
[12/31/2025, 1:13:39 PM] GET /admin/loginAdmin?error=unauthorized 
[12/31/2025, 1:13:39 PM] GET /admin/loginAdmin?error=unauthorized 
[12/31/2025, 1:13:39 PM] GET /admin/loginAdmin?error=unauthorized 
[12/31/2025, 1:13:39 PM] GET /admin/loginAdmin?error=unauthorized 
[12/31/2025, 1:13:39 PM] GET /admin/loginAdmin?error=unauthorized 
[12/31/2025, 1:13:39 PM] GET /admin/loginAdmin?error=unauthorized 
[12/31/2025, 1:13:39 PM] GET /admin/loginAdmin?error=unauthorized 
[12/31/2025, 1:13:39 PM] GET /admin/loginAdmin?error=unauthorized 
[12/31/2025, 1:13:39 PM] GET /admin/loginAdmin?error=unauthorized 
[12/31/2025, 1:13:39 PM] GET /admin/loginAdmin?error=unauthorized 
[12/31/2025, 1:13:39 PM] GET /admin/loginAdmin?error=unauthorized 
[12/31/2025, 1:13:39 PM] GET /admin/loginAdmin?error=unauthorized 
[12/31/2025, 1:13:39 PM] GET /admin/loginAdmin?error=unauthorized 
[12/31/2025, 1:13:39 PM] GET /admin/loginAdmin?error=unauthorized 
[12/31/2025, 1:13:39 PM] GET /admin/loginAdmin?error=unauthorized 
[12/31/2025, 1:13:39 PM] GET /admin 
[12/31/2025, 1:13:39 PM] GET /admin/loginAdmin?error=unauthorized 
[12/31/2025, 1:13:39 PM] GET /admin/loginAdmin?error=unauthorized 
[12/31/2025, 1:13:39 PM] GET /admin/loginAdmin?error=unauthorized 
[12/31/2025, 1:13:39 PM] GET /admin/loginAdmin?error=unauthorized 
[12/31/2025, 1:13:39 PM] GET /admin/loginAdmin?error=unauthorized 
[12/31/2025, 1:13:39 PM] GET /admin/loginAdmin?error=unauthorized 
[12/31/2025, 1:13:39 PM] GET /admin/loginAdmin?error=unauthorized 
[12/31/2025, 1:13:39 PM] GET /admin/loginAdmin?error=unauthorized 
[12/31/2025, 1:13:40 PM] GET /admin/loginAdmin?error=unauthorized 
[12/31/2025, 1:13:40 PM] GET /admin/loginAdmin?error=unauthorized 
[12/31/2025, 1:13:40 PM] GET /admin/loginAdmin?error=unauthorized 
[12/31/2025, 1:13:40 PM] GET /admin/loginAdmin?error=unauthorized 
[12/31/2025, 1:13:40 PM] GET /admin/loginAdmin?error=unauthorized 
[12/31/2025, 1:13:40 PM] GET /admin/loginAdmin?error=unauthorized 
[12/31/2025, 1:13:40 PM] GET /admin/loginAdmin?error=unauthorized 
[12/31/2025, 1:13:40 PM] GET /admin/loginAdmin?error=unauthorized 
[12/31/2025, 1:13:40 PM] GET /admin/loginAdmin?error=unauthorized 
[12/31/2025, 1:13:40 PM] GET /admin/loginAdmin?error=unauthorized 
[12/31/2025, 1:13:40 PM] GET /admin/loginAdmin?error=unauthorized 
[12/31/2025, 1:13:41 PM] GET /admin/loginAdmin?error=unauthorized 
[12/31/2025, 1:13:41 PM] GET /admin/loginAdmin?error=unauthorized 
[12/31/2025, 1:13:41 PM] GET /admin/loginAdmin?error=unauthorized 
[12/31/2025, 1:13:41 PM] GET /admin/loginAdmin?error=unauthorized 
[12/31/2025, 1:13:41 PM] GET /admin/loginAdmin?error=unauthorized 
[12/31/2025, 1:13:41 PM] GET /admin/loginAdmin?error=unauthorized 
[12/31/2025, 1:13:41 PM] GET /admin/loginAdmin?error=unauthorized 
[12/31/2025, 1:13:41 PM] GET /admin/loginAdmin?error=unauthorized 
[12/31/2025, 1:13:41 PM] GET /admin/loginAdmin?error=unauthorized 
[12/31/2025, 1:13:41 PM] GET /admin/loginAdmin?error=unauthorized 
[12/31/2025, 1:13:41 PM] GET /admin/loginAdmin?error=unauthorized 
[12/31/2025, 1:13:41 PM] GET /admin/loginAdmin?error=unauthorized 
[12/31/2025, 1:13:41 PM] GET /admin/loginAdmin?error=unauthorized 
[12/31/2025, 1:13:41 PM] GET /admin/loginAdmin?error=unauthorized 
[12/31/2025, 1:13:41 PM] GET /admin/loginAdmin?error=unauthorized 
[12/31/2025, 1:13:41 PM] GET /admin/loginAdmin?error=unauthorized 
[12/31/2025, 1:13:41 PM] GET /admin/loginAdmin?error=unauthorized 
[12/31/2025, 1:13:41 PM] GET /admin/loginAdmin?error=unauthorized 
[12/31/2025, 1:13:41 PM] GET /admin/loginAdmin?error=unauthorized 
[12/31/2025, 1:13:41 PM] GET /admin/loginAdmin?error=unauthorized 
[12/31/2025, 1:13:45 PM] GET / 
[12/31/2025, 1:13:46 PM] GET /admin/loginAdmin?error=unauthorized 
[12/31/2025, 1:13:46 PM] GET /admin/loginAdmin?error=unauthorized 
[12/31/2025, 1:13:46 PM] GET /admin/loginAdmin?error=unauthorized 
[12/31/2025, 1:13:46 PM] GET /admin/loginAdmin?error=unauthorized 
[12/31/2025, 1:13:46 PM] GET /admin/loginAdmin?error=unauthorized 
[12/31/2025, 1:13:46 PM] GET /admin/loginAdmin?error=unauthorized 
[12/31/2025, 1:13:46 PM] GET /admin/loginAdmin?error=unauthorized 
[12/31/2025, 1:13:46 PM] GET /admin/loginAdmin?error=unauthorized 
[12/31/2025, 1:13:46 PM] GET /admin/loginAdmin?error=unauthorized 
[12/31/2025, 1:13:46 PM] GET /admin/loginAdmin?error=unauthorized 
[12/31/2025, 1:13:46 PM] GET /admin/loginAdmin?error=unauthorized 
[12/31/2025, 1:13:46 PM] GET /admin/loginAdmin?error=unauthorized 
[12/31/2025, 1:13:46 PM] GET /admin/loginAdmin?error=unauthorized 
[12/31/2025, 1:13:46 PM] GET /admin/loginAdmin?error=unauthorized 
[12/31/2025, 1:13:46 PM] GET /admin/loginAdmin?error=unauthorized 
[12/31/2025, 1:13:46 PM] GET /admin/loginAdmin?error=unauthorized 
[12/31/2025, 1:13:46 PM] GET /admin/loginAdmin?error=unauthorized 
[12/31/2025, 1:13:46 PM] GET /admin/loginAdmin?error=unauthorized 
[12/31/2025, 1:13:46 PM] GET /admin/loginAdmin?error=unauthorized 
[12/31/2025, 1:13:46 PM] GET /admin/loginAdmin?error=unauthorized 
[12/31/2025, 1:13:47 PM] GET /favicon.ico 
[12/31/2025, 1:13:47 PM] GET /admin/loginAdmin?error=unauthorized 
[12/31/2025, 1:13:47 PM] GET /admin/loginAdmin?error=unauthorized 
[12/31/2025, 1:13:47 PM] GET /admin/loginAdmin?error=unauthorized 
[12/31/2025, 1:13:47 PM] GET /admin/loginAdmin?error=unauthorized 
[12/31/2025, 1:13:47 PM] GET /admin/loginAdmin?error=unauthorized 
[12/31/2025, 1:13:47 PM] GET /admin/loginAdmin?error=unauthorized 
[12/31/2025, 1:13:47 PM] GET /admin/loginAdmin?error=unauthorized 
[12/31/2025, 1:13:47 PM] GET /admin/loginAdmin?error=unauthorized 
[12/31/2025, 1:13:47 PM] GET /admin/loginAdmin?error=unauthorized 
[12/31/2025, 1:13:47 PM] GET /admin/loginAdmin?error=unauthorized 
[12/31/2025, 1:13:47 PM] GET /admin/loginAdmin?error=unauthorized 
[12/31/2025, 1:13:47 PM] GET /admin/loginAdmin?error=unauthorized 
[12/31/2025, 1:13:47 PM] GET /admin/loginAdmin?error=unauthorized 
[12/31/2025, 1:13:47 PM] GET /admin/loginAdmin?error=unauthorized 
[12/31/2025, 1:13:47 PM] GET /admin/loginAdmin?error=unauthorized 
[12/31/2025, 1:13:47 PM] GET /admin/loginAdmin?error=unauthorized 
[12/31/2025, 1:13:47 PM] GET /admin/loginAdmin?error=unauthorized 
[12/31/2025, 1:13:47 PM] GET /admin/loginAdmin?error=unauthorized 
[12/31/2025, 1:13:47 PM] GET /admin/loginAdmin?error=unauthorized 
[12/31/2025, 1:13:47 PM] GET /admin/loginAdmin?error=unauthorized 
[12/31/2025, 1:13:48 PM] GET /admin 
[12/31/2025, 1:13:48 PM] GET /admin/loginAdmin?error=unauthorized 
[12/31/2025, 1:13:48 PM] GET /admin/loginAdmin?error=unauthorized 
[12/31/2025, 1:13:48 PM] GET /admin/loginAdmin?error=unauthorized 
[12/31/2025, 1:13:48 PM] GET /admin/loginAdmin?error=unauthorized 
[12/31/2025, 1:13:48 PM] GET /admin/loginAdmin?error=unauthorized 
[12/31/2025, 1:13:48 PM] GET /admin/loginAdmin?error=unauthorized 
[12/31/2025, 1:13:48 PM] GET /admin/loginAdmin?error=unauthorized 
[12/31/2025, 1:13:48 PM] GET /admin/loginAdmin?error=unauthorized 
[12/31/2025, 1:13:48 PM] GET /admin/loginAdmin?error=unauthorized 
[12/31/2025, 1:13:48 PM] GET /admin/loginAdmin?error=unauthorized 
[12/31/2025, 1:13:48 PM] GET /admin/loginAdmin?error=unauthorized 
[12/31/2025, 1:13:48 PM] GET /admin/loginAdmin?error=unauthorized 
[12/31/2025, 1:13:48 PM] GET /admin/loginAdmin?error=unauthorized 
[12/31/2025, 1:13:48 PM] GET /admin/loginAdmin?error=unauthorized 
[12/31/2025, 1:13:48 PM] GET /admin/loginAdmin?error=unauthorized 
[12/31/2025, 1:13:48 PM] GET /admin/loginAdmin?error=unauthorized 
[12/31/2025, 1:13:48 PM] GET /admin/loginAdmin?error=unauthorized 
[12/31/2025, 1:13:48 PM] GET /admin/loginAdmin?error=unauthorized 
[12/31/2025, 1:13:48 PM] GET /admin/loginAdmin?error=unauthorized 
[12/31/2025, 1:13:49 PM] GET /admin 
[12/31/2025, 1:13:49 PM] GET /admin/loginAdmin?error=unauthorized 
[12/31/2025, 1:13:49 PM] GET /admin/loginAdmin?error=unauthorized 
[12/31/2025, 1:13:49 PM] GET /admin/loginAdmin?error=unauthorized 
[12/31/2025, 1:13:49 PM] GET /admin/loginAdmin?error=unauthorized 
[12/31/2025, 1:13:49 PM] GET /admin/loginAdmin?error=unauthorized 
[12/31/2025, 1:13:49 PM] GET /admin/loginAdmin?error=unauthorized 
[12/31/2025, 1:13:49 PM] GET /admin/loginAdmin?error=unauthorized 
[12/31/2025, 1:13:49 PM] GET /admin/loginAdmin?error=unauthorized 
[12/31/2025, 1:13:49 PM] GET /admin/loginAdmin?error=unauthorized 
[12/31/2025, 1:13:49 PM] GET /admin/loginAdmin?error=unauthorized 
[12/31/2025, 1:13:49 PM] GET /admin/loginAdmin?error=unauthorized 
[12/31/2025, 1:13:49 PM] GET /admin/loginAdmin?error=unauthorized 
[12/31/2025, 1:13:49 PM] GET /admin/loginAdmin?error=unauthorized 
[12/31/2025, 1:13:49 PM] GET /admin/loginAdmin?error=unauthorized 
[12/31/2025, 1:13:49 PM] GET /admin/loginAdmin?error=unauthorized 
[12/31/2025, 1:13:49 PM] GET /admin/loginAdmin?error=unauthorized 
[12/31/2025, 1:13:49 PM] GET /admin/loginAdmin?error=unauthorized 
[12/31/2025, 1:13:49 PM] GET /admin/loginAdmin?error=unauthorized 
[12/31/2025, 1:13:49 PM] GET /admin/loginAdmin?error=unauthorized 
[12/31/2025, 1:13:50 PM] GET /admin/loginAdmin?error=unauthorized 
[12/31/2025, 1:13:50 PM] GET /admin/loginAdmin?error=unauthorized 
[12/31/2025, 1:13:50 PM] GET /admin/loginAdmin?error=unauthorized 
[12/31/2025, 1:13:50 PM] GET /admin/loginAdmin?error=unauthorized 
[12/31/2025, 1:13:51 PM] GET /admin/loginAdmin?error=unauthorized 
[12/31/2025, 1:13:51 PM] GET /admin/loginAdmin?error=unauthorized 
[12/31/2025, 1:13:51 PM] GET /admin/loginAdmin?error=unauthorized 
[12/31/2025, 1:13:51 PM] GET /admin/loginAdmin?error=unauthorized 
[12/31/2025, 1:13:51 PM] GET /admin/loginAdmin?error=unauthorized 
[12/31/2025, 1:13:51 PM] GET /admin/loginAdmin?error=unauthorized 
[12/31/2025, 1:13:51 PM] GET /admin/loginAdmin?error=unauthorized 
[12/31/2025, 1:13:51 PM] GET /admin/loginAdmin?error=unauthorized 
[12/31/2025, 1:13:51 PM] GET /admin/loginAdmin?error=unauthorized 
[12/31/2025, 1:13:51 PM] GET /admin/loginAdmin?error=unauthorized 
[12/31/2025, 1:13:51 PM] GET /admin/loginAdmin?error=unauthorized 
[12/31/2025, 1:13:51 PM] GET /admin/loginAdmin?error=unauthorized 
[12/31/2025, 1:13:51 PM] GET /admin/loginAdmin?error=unauthorized 
[12/31/2025, 1:13:51 PM] GET /admin/loginAdmin?error=unauthorized 
[12/31/2025, 1:13:51 PM] GET /admin/loginAdmin?error=unauthorized 
[12/31/2025, 1:13:51 PM] GET /admin/loginAdmin?error=unauthorized 
[12/31/2025, 1:13:56 PM] GET /admin/loginAdmin?error=unauthorized 
[12/31/2025, 1:13:56 PM] GET /admin/loginAdmin?error=unauthorized 
[12/31/2025, 1:13:56 PM] GET /admin/loginAdmin?error=unauthorized 
[12/31/2025, 1:13:56 PM] GET /admin/loginAdmin?error=unauthorized 
[12/31/2025, 1:13:56 PM] GET /admin/loginAdmin?error=unauthorized 
[12/31/2025, 1:13:56 PM] GET /admin/loginAdmin?error=unauthorized 
[12/31/2025, 1:13:56 PM] GET /admin/loginAdmin?error=unauthorized 
[12/31/2025, 1:13:56 PM] GET /admin/loginAdmin?error=unauthorized 
[12/31/2025, 1:13:56 PM] GET /admin/loginAdmin?error=unauthorized 
[12/31/2025, 1:13:56 PM] GET /admin/loginAdmin?error=unauthorized 
[12/31/2025, 1:13:56 PM] GET /admin/loginAdmin?error=unauthorized 
[12/31/2025, 1:13:56 PM] GET /admin/loginAdmin?error=unauthorized 
[12/31/2025, 1:13:56 PM] GET /admin/loginAdmin?error=unauthorized 
[12/31/2025, 1:13:56 PM] GET /admin/loginAdmin?error=unauthorized 
[12/31/2025, 1:13:56 PM] GET /admin/loginAdmin?error=unauthorized 
[12/31/2025, 1:13:56 PM] GET /admin/loginAdmin?error=unauthorized 
[12/31/2025, 1:13:56 PM] GET /admin/loginAdmin?error=unauthorized 
[12/31/2025, 1:13:56 PM] GET /admin/loginAdmin?error=unauthorized 
[12/31/2025, 1:13:56 PM] GET /admin/loginAdmin?error=unauthorized 
[12/31/2025, 1:13:56 PM] GET /admin/loginAdmin?error=unauthorized 
[12/31/2025, 1:14:26 PM] GET /admin/loginAdmin?error=unauthorized 
[12/31/2025, 1:14:26 PM] GET /admin/loginAdmin?error=unauthorized 
[12/31/2025, 1:14:26 PM] GET /admin/loginAdmin?error=unauthorized 
[12/31/2025, 1:14:26 PM] GET /admin/loginAdmin?error=unauthorized 
[12/31/2025, 1:14:26 PM] GET /admin/loginAdmin?error=unauthorized 
[12/31/2025, 1:14:26 PM] GET /admin/loginAdmin?error=unauthorized 
[12/31/2025, 1:14:26 PM] GET /admin/loginAdmin?error=unauthorized 
[12/31/2025, 1:14:26 PM] GET /admin/loginAdmin?error=unauthorized 
[12/31/2025, 1:14:26 PM] GET /admin/loginAdmin?error=unauthorized 
[12/31/2025, 1:14:26 PM] GET /admin/loginAdmin?error=unauthorized 
[12/31/2025, 1:14:26 PM] GET /admin/loginAdmin?error=unauthorized 
[12/31/2025, 1:14:26 PM] GET /admin/loginAdmin?error=unauthorized 
[12/31/2025, 1:14:26 PM] GET /admin/loginAdmin?error=unauthorized 
[12/31/2025, 1:14:26 PM] GET /admin/loginAdmin?error=unauthorized 
[12/31/2025, 1:14:26 PM] GET /admin/loginAdmin?error=unauthorized 
[12/31/2025, 1:14:26 PM] GET /admin/loginAdmin?error=unauthorized 
[12/31/2025, 1:14:26 PM] GET /admin/loginAdmin?error=unauthorized 
[12/31/2025, 1:14:26 PM] GET /admin/loginAdmin?error=unauthorized 
[12/31/2025, 1:14:26 PM] GET /admin/loginAdmin?error=unauthorized 
[12/31/2025, 1:14:26 PM] GET /admin/loginAdmin?error=unauthorized 
[12/31/2025, 1:15:01 PM] GET /admin/loginAdmin?error=unauthorized 
[12/31/2025, 1:15:01 PM] GET /admin/loginAdmin 
[12/31/2025, 1:15:01 PM] GET /admin/loginAdmin 
[12/31/2025, 1:15:01 PM] GET /admin/loginAdmin 
[12/31/2025, 1:15:01 PM] GET /admin/loginAdmin 
[12/31/2025, 1:15:01 PM] GET /admin/loginAdmin 
[12/31/2025, 1:15:02 PM] GET /admin/loginAdmin 
[12/31/2025, 1:15:02 PM] GET /admin/loginAdmin 
[12/31/2025, 1:15:02 PM] GET /admin/loginAdmin 
[12/31/2025, 1:15:02 PM] GET /admin/loginAdmin 
[12/31/2025, 1:15:02 PM] GET /admin/loginAdmin 
[12/31/2025, 1:15:02 PM] GET /admin/loginAdmin 
[12/31/2025, 1:15:02 PM] GET /admin/loginAdmin 
[12/31/2025, 1:15:02 PM] GET /admin/loginAdmin 
[12/31/2025, 1:15:02 PM] GET /admin/loginAdmin 
[12/31/2025, 1:15:02 PM] GET /admin/loginAdmin 
[12/31/2025, 1:15:02 PM] GET /admin/loginAdmin 
[12/31/2025, 1:15:02 PM] GET /admin/loginAdmin 
[12/31/2025, 1:15:02 PM] GET /admin/loginAdmin 
[12/31/2025, 1:15:02 PM] GET /admin/loginAdmin 
[12/31/2025, 1:15:03 PM] GET /admin/loginAdmin 
[12/31/2025, 1:15:03 PM] GET /admin/loginAdmin 
[12/31/2025, 1:15:03 PM] GET /admin/loginAdmin 
[12/31/2025, 1:15:03 PM] GET /admin/loginAdmin 
[12/31/2025, 1:15:03 PM] GET /admin/loginAdmin 
[12/31/2025, 1:15:03 PM] GET /admin/loginAdmin 
[12/31/2025, 1:15:03 PM] GET /admin/loginAdmin 
[12/31/2025, 1:15:03 PM] GET /admin/loginAdmin 
[12/31/2025, 1:15:03 PM] GET /admin/loginAdmin 
[12/31/2025, 1:15:03 PM] GET /admin/loginAdmin 
[12/31/2025, 1:15:03 PM] GET /admin/loginAdmin 
[12/31/2025, 1:15:03 PM] GET /admin/loginAdmin 
[12/31/2025, 1:15:03 PM] GET /admin/loginAdmin 
[12/31/2025, 1:15:03 PM] GET /admin/loginAdmin 
[12/31/2025, 1:15:03 PM] GET /admin/loginAdmin 
[12/31/2025, 1:15:03 PM] GET /admin/loginAdmin 
[12/31/2025, 1:15:03 PM] GET /admin/loginAdmin 
[12/31/2025, 1:15:03 PM] GET /admin/loginAdmin 
[12/31/2025, 1:15:03 PM] GET /admin/loginAdmin 
[12/31/2025, 1:15:03 PM] GET /admin/loginAdmin 
[12/31/2025, 1:15:04 PM] GET /admin/loginAdmin 
[12/31/2025, 1:15:04 PM] GET /admin/loginAdmin 
[12/31/2025, 1:15:04 PM] GET /admin/loginAdmin 
[12/31/2025, 1:15:04 PM] GET /admin/loginAdmin 
[12/31/2025, 1:15:04 PM] GET /admin/loginAdmin 
[12/31/2025, 1:15:04 PM] GET /admin/loginAdmin 
[12/31/2025, 1:15:04 PM] GET /admin/loginAdmin 
[12/31/2025, 1:15:04 PM] GET /admin/loginAdmin 
[12/31/2025, 1:15:04 PM] GET /admin/loginAdmin 
[12/31/2025, 1:15:04 PM] GET /admin/loginAdmin 
[12/31/2025, 1:15:04 PM] GET /admin/loginAdmin 
[12/31/2025, 1:15:04 PM] GET /admin/loginAdmin 
[12/31/2025, 1:15:04 PM] GET /admin/loginAdmin 
[12/31/2025, 1:15:04 PM] GET /admin/loginAdmin 
[12/31/2025, 1:15:04 PM] GET /admin/loginAdmin 
[12/31/2025, 1:15:04 PM] GET /admin/loginAdmin 
[12/31/2025, 1:15:04 PM] GET /admin/loginAdmin 
[12/31/2025, 1:15:04 PM] GET /admin/loginAdmin 
[12/31/2025, 1:15:04 PM] GET /admin/loginAdmin 
[12/31/2025, 1:15:04 PM] GET /admin/loginAdmin 
[12/31/2025, 1:15:05 PM] GET /admin/loginAdmin 
[12/31/2025, 1:15:05 PM] GET /admin/loginAdmin 
[12/31/2025, 1:15:05 PM] GET /admin/loginAdmin 
[12/31/2025, 1:15:05 PM] GET /admin/loginAdmin 
[12/31/2025, 1:15:05 PM] GET /admin/loginAdmin 
[12/31/2025, 1:15:05 PM] GET /admin/loginAdmin 
[12/31/2025, 1:15:05 PM] GET /admin/loginAdmin 
[12/31/2025, 1:15:05 PM] GET /admin/loginAdmin 
[12/31/2025, 1:15:05 PM] GET /admin/loginAdmin 
[12/31/2025, 1:15:05 PM] GET /admin/loginAdmin 
[12/31/2025, 1:15:05 PM] GET /admin/loginAdmin 
[12/31/2025, 1:15:05 PM] GET /admin/loginAdmin 
[12/31/2025, 1:15:05 PM] GET /admin/loginAdmin 
[12/31/2025, 1:15:05 PM] GET /admin/loginAdmin 
[12/31/2025, 1:15:05 PM] GET /admin/loginAdmin 
[12/31/2025, 1:15:05 PM] GET /admin/loginAdmin 
[12/31/2025, 1:15:05 PM] GET /admin/loginAdmin 
[12/31/2025, 1:15:05 PM] GET /admin/loginAdmin 
[12/31/2025, 1:15:05 PM] GET /admin/loginAdmin 
[12/31/2025, 1:15:05 PM] GET /admin/loginAdmin 
[12/31/2025, 1:15:11 PM] GET /admin/loginAdmin?error=unauthorized 
[12/31/2025, 1:15:11 PM] GET /admin/loginAdmin 
[12/31/2025, 1:15:11 PM] GET /admin/loginAdmin 
[12/31/2025, 1:15:11 PM] GET /admin/loginAdmin 
[12/31/2025, 1:15:11 PM] GET /admin/loginAdmin 
[12/31/2025, 1:15:11 PM] GET /admin/loginAdmin 
[12/31/2025, 1:15:11 PM] GET /admin/loginAdmin 
[12/31/2025, 1:15:11 PM] GET /admin/loginAdmin 
[12/31/2025, 1:15:11 PM] GET /admin/loginAdmin 
[12/31/2025, 1:15:11 PM] GET /admin/loginAdmin 
[12/31/2025, 1:15:11 PM] GET /admin/loginAdmin 
[12/31/2025, 1:15:11 PM] GET /admin/loginAdmin 
[12/31/2025, 1:15:11 PM] GET /admin/loginAdmin 
[12/31/2025, 1:15:11 PM] GET /admin/loginAdmin 
[12/31/2025, 1:15:11 PM] GET /admin/loginAdmin 
[12/31/2025, 1:15:11 PM] GET /admin/loginAdmin 
[12/31/2025, 1:15:11 PM] GET /admin/loginAdmin 
[12/31/2025, 1:15:11 PM] GET /admin/loginAdmin 
[12/31/2025, 1:15:11 PM] GET /admin/loginAdmin 
[12/31/2025, 1:15:11 PM] GET /admin/loginAdmin 
[12/31/2025, 1:15:13 PM] GET /admin/loginAdmin 
[12/31/2025, 1:15:13 PM] GET /admin/loginAdmin 
[12/31/2025, 1:15:13 PM] GET /admin/loginAdmin 
[12/31/2025, 1:15:13 PM] GET /admin/loginAdmin 
[12/31/2025, 1:15:13 PM] GET /admin/loginAdmin 
[12/31/2025, 1:15:13 PM] GET /admin/loginAdmin 
[12/31/2025, 1:15:13 PM] GET /admin/loginAdmin 
[12/31/2025, 1:15:13 PM] GET /admin/loginAdmin 
[12/31/2025, 1:15:13 PM] GET /admin/loginAdmin 
[12/31/2025, 1:15:13 PM] GET /admin/loginAdmin 
[12/31/2025, 1:15:13 PM] GET /admin/loginAdmin 
[12/31/2025, 1:15:13 PM] GET /admin/loginAdmin 
[12/31/2025, 1:15:13 PM] GET /admin/loginAdmin 
[12/31/2025, 1:15:13 PM] GET /admin/loginAdmin 
[12/31/2025, 1:15:13 PM] GET /admin/loginAdmin 
[12/31/2025, 1:15:13 PM] GET /admin/loginAdmin 
[12/31/2025, 1:15:13 PM] GET /admin/loginAdmin 
[12/31/2025, 1:15:13 PM] GET /admin/loginAdmin 
[12/31/2025, 1:15:13 PM] GET /admin/loginAdmin 
[12/31/2025, 1:15:13 PM] GET /admin/loginAdmin 
[12/31/2025, 1:15:15 PM] GET /admin/loginAdmin 
[12/31/2025, 1:15:15 PM] GET /admin/loginAdmin 
[12/31/2025, 1:15:15 PM] GET /admin/loginAdmin 
[12/31/2025, 1:15:15 PM] GET /admin/loginAdmin 
[12/31/2025, 1:15:15 PM] GET /admin/loginAdmin 
[12/31/2025, 1:15:15 PM] GET /admin/loginAdmin 
[12/31/2025, 1:15:15 PM] GET /admin/loginAdmin 
[12/31/2025, 1:15:15 PM] GET /admin/loginAdmin 
[12/31/2025, 1:15:15 PM] GET /admin/loginAdmin 
[12/31/2025, 1:15:15 PM] GET /admin/loginAdmin 
[12/31/2025, 1:15:15 PM] GET /admin/loginAdmin 
[12/31/2025, 1:15:15 PM] GET /admin/loginAdmin 
[12/31/2025, 1:15:15 PM] GET /admin/loginAdmin 
[12/31/2025, 1:15:15 PM] GET /admin/loginAdmin 
[12/31/2025, 1:15:15 PM] GET /admin/loginAdmin 
[12/31/2025, 1:15:15 PM] GET /admin/loginAdmin 
[12/31/2025, 1:15:15 PM] GET /admin/loginAdmin 
[12/31/2025, 1:15:15 PM] GET /admin/loginAdmin 
[12/31/2025, 1:15:15 PM] GET /admin/loginAdmin 
[12/31/2025, 1:15:15 PM] GET /admin/loginAdmin 
[12/31/2025, 1:16:05 PM] GET /admin/loginAdmin 
[12/31/2025, 1:16:05 PM] GET /admin/loginAdmin 
[12/31/2025, 1:16:05 PM] GET /admin/loginAdmin 
[12/31/2025, 1:16:05 PM] GET /admin/loginAdmin 
[12/31/2025, 1:16:05 PM] GET /admin/loginAdmin 
[12/31/2025, 1:16:05 PM] GET /admin/loginAdmin 
[12/31/2025, 1:16:05 PM] GET /admin/loginAdmin 
[12/31/2025, 1:16:05 PM] GET /admin/loginAdmin 
[12/31/2025, 1:16:05 PM] GET /admin/loginAdmin 
[12/31/2025, 1:16:05 PM] GET /admin/loginAdmin 
[12/31/2025, 1:16:05 PM] GET /admin/loginAdmin 
[12/31/2025, 1:16:05 PM] GET /admin/loginAdmin 
[12/31/2025, 1:16:05 PM] GET /admin/loginAdmin 
[12/31/2025, 1:16:05 PM] GET /admin/loginAdmin 
[12/31/2025, 1:16:05 PM] GET /admin/loginAdmin 
[12/31/2025, 1:16:05 PM] GET /admin/loginAdmin 
[12/31/2025, 1:16:05 PM] GET /admin/loginAdmin 
[12/31/2025, 1:16:05 PM] GET /admin/loginAdmin 
[12/31/2025, 1:16:05 PM] GET /admin/loginAdmin 
[12/31/2025, 1:16:05 PM] GET /admin/loginAdmin 
[12/31/2025, 1:16:41 PM] GET /admin/loginAdmin 
[12/31/2025, 1:16:41 PM] GET /admin/loginAdmin 
[12/31/2025, 1:16:41 PM] GET /admin/loginAdmin 
[12/31/2025, 1:16:41 PM] GET /admin/loginAdmin 
[12/31/2025, 1:16:41 PM] GET /admin/loginAdmin 
[12/31/2025, 1:16:41 PM] GET /admin/loginAdmin 
[12/31/2025, 1:16:41 PM] GET /admin/loginAdmin 
[12/31/2025, 1:16:41 PM] GET /admin/loginAdmin 
[12/31/2025, 1:16:41 PM] GET /admin/loginAdmin 
[12/31/2025, 1:16:41 PM] GET /admin/loginAdmin 
[12/31/2025, 1:16:41 PM] GET /admin/loginAdmin 
[12/31/2025, 1:16:41 PM] GET /admin/loginAdmin 
[12/31/2025, 1:16:41 PM] GET /admin/loginAdmin 
[12/31/2025, 1:16:41 PM] GET /admin/loginAdmin 
[12/31/2025, 1:16:41 PM] GET /admin/loginAdmin 
[12/31/2025, 1:16:41 PM] GET /admin/loginAdmin 
[12/31/2025, 1:16:41 PM] GET /admin/loginAdmin 
[12/31/2025, 1:16:41 PM] GET /admin/loginAdmin 
[12/31/2025, 1:16:41 PM] GET /admin/loginAdmin 
[12/31/2025, 1:16:41 PM] GET /admin/loginAdmin 
[12/31/2025, 1:16:45 PM] GET /admin 
[12/31/2025, 1:16:45 PM] GET /admin/loginAdmin 
[12/31/2025, 1:16:45 PM] GET /admin/loginAdmin 
[12/31/2025, 1:16:45 PM] GET /admin/loginAdmin 
[12/31/2025, 1:16:45 PM] GET /admin/loginAdmin 
[12/31/2025, 1:16:45 PM] GET /admin/loginAdmin 
[12/31/2025, 1:16:45 PM] GET /admin/loginAdmin 
[12/31/2025, 1:16:45 PM] GET /admin/loginAdmin 
[12/31/2025, 1:16:45 PM] GET /admin/loginAdmin 
[12/31/2025, 1:16:45 PM] GET /admin/loginAdmin 
[12/31/2025, 1:16:45 PM] GET /admin/loginAdmin 
[12/31/2025, 1:16:45 PM] GET /admin/loginAdmin 
[12/31/2025, 1:16:45 PM] GET /admin/loginAdmin 
[12/31/2025, 1:16:45 PM] GET /admin/loginAdmin 
[12/31/2025, 1:16:45 PM] GET /admin/loginAdmin 
[12/31/2025, 1:16:45 PM] GET /admin/loginAdmin 
[12/31/2025, 1:16:45 PM] GET /admin/loginAdmin 
[12/31/2025, 1:16:45 PM] GET /admin/loginAdmin 
[12/31/2025, 1:16:45 PM] GET /admin/loginAdmin 
[12/31/2025, 1:16:45 PM] GET /admin/loginAdmin 
[12/31/2025, 1:16:46 PM] GET /admin 
[12/31/2025, 1:16:46 PM] GET /admin/loginAdmin 
[12/31/2025, 1:16:46 PM] GET /admin/loginAdmin 
[12/31/2025, 1:16:46 PM] GET /admin/loginAdmin 
[12/31/2025, 1:16:46 PM] GET /admin/loginAdmin 
[12/31/2025, 1:16:46 PM] GET /admin/loginAdmin 
[12/31/2025, 1:16:46 PM] GET /admin/loginAdmin 
[12/31/2025, 1:16:46 PM] GET /admin/loginAdmin 
[12/31/2025, 1:16:46 PM] GET /admin/loginAdmin 
[12/31/2025, 1:16:46 PM] GET /admin/loginAdmin 
[12/31/2025, 1:16:46 PM] GET /admin/loginAdmin 
[12/31/2025, 1:16:46 PM] GET /admin/loginAdmin 
[12/31/2025, 1:16:46 PM] GET /admin/loginAdmin 
[12/31/2025, 1:16:46 PM] GET /admin/loginAdmin 
[12/31/2025, 1:16:46 PM] GET /admin/loginAdmin 
[12/31/2025, 1:16:46 PM] GET /admin/loginAdmin 
[12/31/2025, 1:16:46 PM] GET /admin/loginAdmin 
[12/31/2025, 1:16:46 PM] GET /admin/loginAdmin 
[12/31/2025, 1:16:46 PM] GET /admin/loginAdmin 
[12/31/2025, 1:16:46 PM] GET /admin/loginAdmin 
[12/31/2025, 1:16:47 PM] GET /admin/loginAdmin 
[12/31/2025, 1:16:47 PM] GET /admin/loginAdmin 
[12/31/2025, 1:16:47 PM] GET /admin/loginAdmin 
[12/31/2025, 1:16:47 PM] GET /admin/loginAdmin 
[12/31/2025, 1:16:47 PM] GET /admin/loginAdmin 
[12/31/2025, 1:16:47 PM] GET /admin/loginAdmin 
[12/31/2025, 1:16:47 PM] GET /admin/loginAdmin 
[12/31/2025, 1:16:47 PM] GET /admin/loginAdmin 
[12/31/2025, 1:16:47 PM] GET /admin/loginAdmin 
[12/31/2025, 1:16:47 PM] GET /admin/loginAdmin 
[12/31/2025, 1:16:47 PM] GET /admin/loginAdmin 
[12/31/2025, 1:16:47 PM] GET /admin/loginAdmin 
[12/31/2025, 1:16:47 PM] GET /admin/loginAdmin 
[12/31/2025, 1:16:47 PM] GET /admin/loginAdmin 
[12/31/2025, 1:16:47 PM] GET /admin/loginAdmin 
[12/31/2025, 1:16:47 PM] GET /admin/loginAdmin 
[12/31/2025, 1:16:47 PM] GET /admin/loginAdmin 
[12/31/2025, 1:16:47 PM] GET /admin/loginAdmin 
[12/31/2025, 1:16:47 PM] GET /admin/loginAdmin 
[12/31/2025, 1:16:47 PM] GET /admin/loginAdmin 
[12/31/2025, 1:17:14 PM] GET /admin/loginAdmin 
[12/31/2025, 1:17:14 PM] GET /admin/loginAdmin 
[12/31/2025, 1:17:14 PM] GET /admin/loginAdmin 
[12/31/2025, 1:17:14 PM] GET /admin/loginAdmin 
[12/31/2025, 1:17:14 PM] GET /admin/loginAdmin 
[12/31/2025, 1:17:14 PM] GET /admin/loginAdmin 
[12/31/2025, 1:17:14 PM] GET /admin/loginAdmin 
[12/31/2025, 1:17:14 PM] GET /admin/loginAdmin 
[12/31/2025, 1:17:14 PM] GET /admin/loginAdmin 
[12/31/2025, 1:17:14 PM] GET /admin/loginAdmin 
[12/31/2025, 1:17:14 PM] GET /admin/loginAdmin 
[12/31/2025, 1:17:14 PM] GET /admin/loginAdmin 
[12/31/2025, 1:17:14 PM] GET /admin/loginAdmin 
[12/31/2025, 1:17:14 PM] GET /admin/loginAdmin 
[12/31/2025, 1:17:14 PM] GET /admin/loginAdmin 
[12/31/2025, 1:17:14 PM] GET /admin/loginAdmin 
[12/31/2025, 1:17:14 PM] GET /admin/loginAdmin 
[12/31/2025, 1:17:14 PM] GET /admin/loginAdmin 
[12/31/2025, 1:17:14 PM] GET /admin/loginAdmin 
[12/31/2025, 1:17:14 PM] GET /admin/loginAdmin 
[12/31/2025, 1:17:44 PM] GET /admin/loginAdmin 
[12/31/2025, 1:17:44 PM] GET /admin/loginAdmin 
[12/31/2025, 1:17:44 PM] GET /admin/loginAdmin 
[12/31/2025, 1:17:44 PM] GET /admin/loginAdmin 
[12/31/2025, 1:17:44 PM] GET /admin/loginAdmin 
[12/31/2025, 1:17:44 PM] GET /admin/loginAdmin 
[12/31/2025, 1:17:44 PM] GET /admin/loginAdmin 
[12/31/2025, 1:17:44 PM] GET /admin/loginAdmin 
[12/31/2025, 1:17:44 PM] GET /admin/loginAdmin 
[12/31/2025, 1:17:44 PM] GET /admin/loginAdmin 
[12/31/2025, 1:17:44 PM] GET /admin/loginAdmin 
[12/31/2025, 1:17:44 PM] GET /admin/loginAdmin 
[12/31/2025, 1:17:44 PM] GET /admin/loginAdmin 
[12/31/2025, 1:17:44 PM] GET /admin/loginAdmin 
[12/31/2025, 1:17:44 PM] GET /admin/loginAdmin 
[12/31/2025, 1:17:44 PM] GET /admin/loginAdmin 
[12/31/2025, 1:17:44 PM] GET /admin/loginAdmin 
[12/31/2025, 1:17:44 PM] GET /admin/loginAdmin 
[12/31/2025, 1:17:45 PM] GET /admin/loginAdmin 
[12/31/2025, 1:17:45 PM] GET /admin/loginAdmin 
[12/31/2025, 1:19:19 PM] GET /admin/loginAdmin 
[12/31/2025, 1:19:19 PM] GET /admin/loginAdmin 
[12/31/2025, 1:19:19 PM] GET /admin/loginAdmin 
[12/31/2025, 1:19:19 PM] GET /admin/loginAdmin 
[12/31/2025, 1:19:19 PM] GET /admin/loginAdmin 
[12/31/2025, 1:19:19 PM] GET /admin/loginAdmin 
[12/31/2025, 1:19:19 PM] GET /admin/loginAdmin 
[12/31/2025, 1:19:19 PM] GET /admin/loginAdmin 
[12/31/2025, 1:19:19 PM] GET /admin/loginAdmin 
[12/31/2025, 1:19:19 PM] GET /admin/loginAdmin 
[12/31/2025, 1:19:19 PM] GET /admin/loginAdmin 
[12/31/2025, 1:19:19 PM] GET /admin/loginAdmin 
[12/31/2025, 1:19:19 PM] GET /admin/loginAdmin 
[12/31/2025, 1:19:19 PM] GET /admin/loginAdmin 
[12/31/2025, 1:19:19 PM] GET /admin/loginAdmin 
[12/31/2025, 1:19:19 PM] GET /admin/loginAdmin 
[12/31/2025, 1:19:19 PM] GET /admin/loginAdmin 
[12/31/2025, 1:19:19 PM] GET /admin/loginAdmin 
[12/31/2025, 1:19:19 PM] GET /admin/loginAdmin 
[12/31/2025, 1:19:19 PM] GET /admin/loginAdmin 
[12/31/2025, 1:19:22 PM] GET /admin 
[12/31/2025, 1:19:22 PM] GET /admin/loginAdmin 
[12/31/2025, 1:19:22 PM] GET /admin/loginAdmin 
[12/31/2025, 1:19:22 PM] GET /admin/loginAdmin 
[12/31/2025, 1:19:22 PM] GET /admin/loginAdmin 
[12/31/2025, 1:19:22 PM] GET /admin/loginAdmin 
[12/31/2025, 1:19:22 PM] GET /admin/loginAdmin 
[12/31/2025, 1:19:22 PM] GET /admin/loginAdmin 
[12/31/2025, 1:19:22 PM] GET /admin/loginAdmin 
[12/31/2025, 1:19:22 PM] GET /admin/loginAdmin 
[12/31/2025, 1:19:22 PM] GET /admin/loginAdmin 
[12/31/2025, 1:19:22 PM] GET /admin/loginAdmin 
[12/31/2025, 1:19:22 PM] GET /admin/loginAdmin 
[12/31/2025, 1:19:22 PM] GET /admin/loginAdmin 
[12/31/2025, 1:19:22 PM] GET /admin/loginAdmin 
[12/31/2025, 1:19:22 PM] GET /admin/loginAdmin 
[12/31/2025, 1:19:22 PM] GET /admin/loginAdmin 
[12/31/2025, 1:19:22 PM] GET /admin/loginAdmin 
[12/31/2025, 1:19:22 PM] GET /admin/loginAdmin 
[12/31/2025, 1:19:22 PM] GET /admin/loginAdmin 
[12/31/2025, 1:19:23 PM] GET /admin 
[12/31/2025, 1:19:23 PM] GET /admin/loginAdmin 
[12/31/2025, 1:19:23 PM] GET /admin/loginAdmin 
[12/31/2025, 1:19:23 PM] GET /admin/loginAdmin 
[12/31/2025, 1:19:23 PM] GET /admin/loginAdmin 
[12/31/2025, 1:19:23 PM] GET /admin/loginAdmin 
[12/31/2025, 1:19:23 PM] GET /admin/loginAdmin 
[12/31/2025, 1:19:23 PM] GET /admin/loginAdmin 
[12/31/2025, 1:19:23 PM] GET /admin/loginAdmin 
[12/31/2025, 1:19:23 PM] GET /admin/loginAdmin 
[12/31/2025, 1:19:23 PM] GET /admin/loginAdmin 
[12/31/2025, 1:19:23 PM] GET /admin/loginAdmin 
[12/31/2025, 1:19:23 PM] GET /admin/loginAdmin 
[12/31/2025, 1:19:23 PM] GET /admin/loginAdmin 
[12/31/2025, 1:19:23 PM] GET /admin/loginAdmin 
[12/31/2025, 1:19:23 PM] GET /admin/loginAdmin 
[12/31/2025, 1:19:23 PM] GET /admin/loginAdmin 
[12/31/2025, 1:19:23 PM] GET /admin/loginAdmin 
[12/31/2025, 1:19:23 PM] GET /admin/loginAdmin 
[12/31/2025, 1:19:23 PM] GET /admin/loginAdmin 
[12/31/2025, 1:19:24 PM] GET /admin/loginAdmin 
[12/31/2025, 1:19:24 PM] GET /admin/loginAdmin 
[12/31/2025, 1:19:24 PM] GET /admin/loginAdmin 
[12/31/2025, 1:19:24 PM] GET /admin/loginAdmin 
[12/31/2025, 1:19:24 PM] GET /admin/loginAdmin 
[12/31/2025, 1:19:24 PM] GET /admin/loginAdmin 
[12/31/2025, 1:19:24 PM] GET /admin/loginAdmin 
[12/31/2025, 1:19:24 PM] GET /admin/loginAdmin 
[12/31/2025, 1:19:24 PM] GET /admin/loginAdmin 
[12/31/2025, 1:19:24 PM] GET /admin/loginAdmin 
[12/31/2025, 1:19:24 PM] GET /admin/loginAdmin 
[12/31/2025, 1:19:24 PM] GET /admin/loginAdmin 
[12/31/2025, 1:19:24 PM] GET /admin/loginAdmin 
[12/31/2025, 1:19:24 PM] GET /admin/loginAdmin 
[12/31/2025, 1:19:24 PM] GET /admin/loginAdmin 
[12/31/2025, 1:19:24 PM] GET /admin/loginAdmin 
[12/31/2025, 1:19:24 PM] GET /admin/loginAdmin 
[12/31/2025, 1:19:24 PM] GET /admin/loginAdmin 
[12/31/2025, 1:19:24 PM] GET /admin/loginAdmin 
[12/31/2025, 1:19:24 PM] GET /admin/loginAdmin 
[12/31/2025, 1:19:27 PM] GET /login 
[12/31/2025, 1:19:33 PM] POST /login 
[12/31/2025, 1:19:33 PM] GET /admin 
[12/31/2025, 1:20:06 PM] GET /admin/api/stats 
[12/31/2025, 1:20:19 PM] GET /admin/orders 
[12/31/2025, 1:20:22 PM] GET /admin/users 
[12/31/2025, 1:20:23 PM] GET /admin/products 
[12/31/2025, 1:20:23 PM] GET /css/admin-style.css 
[12/31/2025, 1:20:26 PM] GET /admin/add-product 
[12/31/2025, 1:20:27 PM] GET /css/admin-style.css 
[12/31/2025, 1:20:29 PM] GET /admin/edit-product/6953e9271e2be3f4030a6642 
[12/31/2025, 1:20:29 PM] GET /css/admin-style.css 
[12/31/2025, 1:20:46 PM] GET /admin/loginAdmin 
[12/31/2025, 1:20:46 PM] GET /admin/loginAdmin 
[12/31/2025, 1:20:46 PM] GET /admin/loginAdmin 
[12/31/2025, 1:20:46 PM] GET /admin/loginAdmin 
[12/31/2025, 1:20:46 PM] GET /admin/loginAdmin 
[12/31/2025, 1:20:46 PM] GET /admin/loginAdmin 
[12/31/2025, 1:20:46 PM] GET /admin/loginAdmin 
[12/31/2025, 1:20:46 PM] GET /admin/loginAdmin 
[12/31/2025, 1:20:46 PM] GET /admin/loginAdmin 
[12/31/2025, 1:20:46 PM] GET /admin/loginAdmin 
[12/31/2025, 1:20:46 PM] GET /admin/loginAdmin 
[12/31/2025, 1:20:46 PM] GET /admin/loginAdmin 
[12/31/2025, 1:20:46 PM] GET /admin/loginAdmin 
[12/31/2025, 1:20:46 PM] GET /admin/loginAdmin 
[12/31/2025, 1:20:46 PM] GET /admin/loginAdmin 
[12/31/2025, 1:20:46 PM] GET /admin/loginAdmin 
[12/31/2025, 1:20:46 PM] GET /admin/loginAdmin 
[12/31/2025, 1:20:46 PM] GET /admin/loginAdmin 
[12/31/2025, 1:20:46 PM] GET /admin/loginAdmin 
[12/31/2025, 1:20:46 PM] GET /admin/loginAdmin 
[12/31/2025, 1:20:50 PM] GET /admin/users 
[12/31/2025, 1:20:50 PM] GET /admin/loginAdmin 
[12/31/2025, 1:20:50 PM] GET /admin/loginAdmin 
[12/31/2025, 1:20:50 PM] GET /admin/loginAdmin 
[12/31/2025, 1:20:50 PM] GET /admin/loginAdmin 
[12/31/2025, 1:20:50 PM] GET /admin/loginAdmin 
[12/31/2025, 1:20:50 PM] GET /admin/loginAdmin 
[12/31/2025, 1:20:50 PM] GET /admin/loginAdmin 
[12/31/2025, 1:20:50 PM] GET /admin/loginAdmin 
[12/31/2025, 1:20:50 PM] GET /admin/loginAdmin 
[12/31/2025, 1:20:50 PM] GET /admin/loginAdmin 
[12/31/2025, 1:20:50 PM] GET /admin/loginAdmin 
[12/31/2025, 1:20:50 PM] GET /admin/loginAdmin 
[12/31/2025, 1:20:51 PM] GET /admin/loginAdmin 
[12/31/2025, 1:20:51 PM] GET /admin/loginAdmin 
[12/31/2025, 1:20:51 PM] GET /admin/loginAdmin 
[12/31/2025, 1:20:51 PM] GET /admin/loginAdmin 
[12/31/2025, 1:20:51 PM] GET /admin/loginAdmin 
[12/31/2025, 1:20:51 PM] GET /admin/loginAdmin 
[12/31/2025, 1:20:51 PM] GET /admin/loginAdmin 
[12/31/2025, 1:20:52 PM] GET /admin/loginAdmin 
[12/31/2025, 1:20:52 PM] GET /admin/loginAdmin 
[12/31/2025, 1:20:52 PM] GET /admin/loginAdmin 
[12/31/2025, 1:20:52 PM] GET /admin/loginAdmin 
[12/31/2025, 1:20:52 PM] GET /admin/loginAdmin 
[12/31/2025, 1:20:52 PM] GET /admin/loginAdmin 
[12/31/2025, 1:20:52 PM] GET /admin/loginAdmin 
[12/31/2025, 1:20:52 PM] GET /admin/loginAdmin 
[12/31/2025, 1:20:52 PM] GET /admin/loginAdmin 
[12/31/2025, 1:20:52 PM] GET /admin/loginAdmin 
[12/31/2025, 1:20:52 PM] GET /admin/loginAdmin 
[12/31/2025, 1:20:52 PM] GET /admin/loginAdmin 
[12/31/2025, 1:20:52 PM] GET /admin/loginAdmin 
[12/31/2025, 1:20:52 PM] GET /admin/loginAdmin 
[12/31/2025, 1:20:52 PM] GET /admin/loginAdmin 
[12/31/2025, 1:20:52 PM] GET /admin/loginAdmin 
[12/31/2025, 1:20:52 PM] GET /admin/loginAdmin 
[12/31/2025, 1:20:52 PM] GET /admin/loginAdmin 
[12/31/2025, 1:20:52 PM] GET /admin/loginAdmin 
[12/31/2025, 1:20:52 PM] GET /admin/loginAdmin 
[12/31/2025, 1:20:57 PM] GET /admin/loginAdmin 
[12/31/2025, 1:20:57 PM] GET /admin/loginAdmin 
[12/31/2025, 1:20:57 PM] GET /admin/loginAdmin 
[12/31/2025, 1:20:57 PM] GET /admin/loginAdmin 
[12/31/2025, 1:20:57 PM] GET /admin/loginAdmin 
[12/31/2025, 1:20:57 PM] GET /admin/loginAdmin 
[12/31/2025, 1:20:57 PM] GET /admin/loginAdmin 
[12/31/2025, 1:20:57 PM] GET /admin/loginAdmin 
[12/31/2025, 1:20:57 PM] GET /admin/loginAdmin 
[12/31/2025, 1:20:57 PM] GET /admin/loginAdmin 
[12/31/2025, 1:20:57 PM] GET /admin/loginAdmin 
[12/31/2025, 1:20:57 PM] GET /admin/loginAdmin 
[12/31/2025, 1:20:57 PM] GET /admin/loginAdmin 
[12/31/2025, 1:20:57 PM] GET /admin/loginAdmin 
[12/31/2025, 1:20:57 PM] GET /admin/loginAdmin 
[12/31/2025, 1:20:57 PM] GET /admin/loginAdmin 
[12/31/2025, 1:20:57 PM] GET /admin/loginAdmin 
[12/31/2025, 1:20:57 PM] GET /admin/loginAdmin 
[12/31/2025, 1:20:57 PM] GET /admin/loginAdmin 
[12/31/2025, 1:20:57 PM] GET /admin/loginAdmin 
[12/31/2025, 1:21:05 PM] GET /admin/loginAdmin 
[12/31/2025, 1:21:05 PM] GET /admin/loginAdmin 
[12/31/2025, 1:21:05 PM] GET /admin/loginAdmin 
[12/31/2025, 1:21:05 PM] GET /admin/loginAdmin 
[12/31/2025, 1:21:05 PM] GET /admin/loginAdmin 
[12/31/2025, 1:21:05 PM] GET /admin/loginAdmin 
[12/31/2025, 1:21:05 PM] GET /admin/loginAdmin 
[12/31/2025, 1:21:05 PM] GET /admin/loginAdmin 
[12/31/2025, 1:21:05 PM] GET /admin/loginAdmin 
[12/31/2025, 1:21:05 PM] GET /admin/loginAdmin 
[12/31/2025, 1:21:05 PM] GET /admin/loginAdmin 
[12/31/2025, 1:21:05 PM] GET /admin/loginAdmin 
[12/31/2025, 1:21:05 PM] GET /admin/loginAdmin 
[12/31/2025, 1:21:05 PM] GET /admin/loginAdmin 
[12/31/2025, 1:21:05 PM] GET /admin/loginAdmin 
[12/31/2025, 1:21:05 PM] GET /admin/loginAdmin 
[12/31/2025, 1:21:05 PM] GET /admin/loginAdmin 
[12/31/2025, 1:21:05 PM] GET /admin/loginAdmin 
[12/31/2025, 1:21:05 PM] GET /admin/loginAdmin 
[12/31/2025, 1:21:05 PM] GET /admin/loginAdmin 
[12/31/2025, 1:27:14 PM] GET /admin/loginAdmin 
[12/31/2025, 1:27:14 PM] GET /admin/loginAdmin 
[12/31/2025, 1:27:14 PM] GET /admin/loginAdmin 
[12/31/2025, 1:27:14 PM] GET /admin/loginAdmin 
[12/31/2025, 1:27:14 PM] GET /admin/loginAdmin 
[12/31/2025, 1:27:14 PM] GET /admin/loginAdmin 
[12/31/2025, 1:27:14 PM] GET /admin/loginAdmin 
[12/31/2025, 1:27:14 PM] GET /admin/loginAdmin 
[12/31/2025, 1:27:14 PM] GET /admin/loginAdmin 
[12/31/2025, 1:27:14 PM] GET /admin/loginAdmin 
[12/31/2025, 1:27:14 PM] GET /admin/loginAdmin 
[12/31/2025, 1:27:14 PM] GET /admin/loginAdmin 
[12/31/2025, 1:27:14 PM] GET /admin/loginAdmin 
[12/31/2025, 1:27:14 PM] GET /admin/loginAdmin 
[12/31/2025, 1:27:14 PM] GET /admin/loginAdmin 
[12/31/2025, 1:27:14 PM] GET /admin/loginAdmin 
[12/31/2025, 1:27:14 PM] GET /admin/loginAdmin 
[12/31/2025, 1:27:14 PM] GET /admin/loginAdmin 
[12/31/2025, 1:27:14 PM] GET /admin/loginAdmin 
[12/31/2025, 1:27:14 PM] GET /admin/loginAdmin 
[12/31/2025, 1:27:15 PM] GET /admin/loginAdmin 
[12/31/2025, 1:27:15 PM] GET /admin/loginAdmin 
[12/31/2025, 1:27:15 PM] GET /admin/loginAdmin 
[12/31/2025, 1:27:15 PM] GET /admin/loginAdmin 
[12/31/2025, 1:27:15 PM] GET /admin/loginAdmin 
[12/31/2025, 1:27:15 PM] GET /admin/loginAdmin 
[12/31/2025, 1:27:15 PM] GET /admin/loginAdmin 
[12/31/2025, 1:27:15 PM] GET /admin/loginAdmin 
[12/31/2025, 1:27:15 PM] GET /admin/loginAdmin 
[12/31/2025, 1:27:15 PM] GET /admin/loginAdmin 
[12/31/2025, 1:27:15 PM] GET /admin/loginAdmin 
[12/31/2025, 1:27:15 PM] GET /admin/loginAdmin 
[12/31/2025, 1:27:15 PM] GET /admin/loginAdmin 
[12/31/2025, 1:27:15 PM] GET /admin/loginAdmin 
[12/31/2025, 1:27:15 PM] GET /admin/loginAdmin 
[12/31/2025, 1:27:15 PM] GET /admin/loginAdmin 
[12/31/2025, 1:27:15 PM] GET /admin/loginAdmin 
[12/31/2025, 1:27:15 PM] GET /admin/loginAdmin 
[12/31/2025, 1:27:15 PM] GET /admin/loginAdmin 
[12/31/2025, 1:27:15 PM] GET /admin/loginAdmin 
[12/31/2025, 1:27:17 PM] GET /admin/products 
[12/31/2025, 1:27:17 PM] GET /admin/loginAdmin 
[12/31/2025, 1:27:17 PM] GET /admin/loginAdmin 
[12/31/2025, 1:27:17 PM] GET /admin/loginAdmin 
[12/31/2025, 1:27:17 PM] GET /admin/loginAdmin 
[12/31/2025, 1:27:17 PM] GET /admin/loginAdmin 
[12/31/2025, 1:27:17 PM] GET /admin/loginAdmin 
[12/31/2025, 1:27:17 PM] GET /admin/loginAdmin 
[12/31/2025, 1:27:17 PM] GET /admin/loginAdmin 
[12/31/2025, 1:27:17 PM] GET /admin/loginAdmin 
[12/31/2025, 1:27:17 PM] GET /admin/loginAdmin 
[12/31/2025, 1:27:17 PM] GET /admin/loginAdmin 
[12/31/2025, 1:27:17 PM] GET /admin/loginAdmin 
[12/31/2025, 1:27:17 PM] GET /admin/loginAdmin 
[12/31/2025, 1:27:17 PM] GET /admin/loginAdmin 
[12/31/2025, 1:27:17 PM] GET /admin/loginAdmin 
[12/31/2025, 1:27:17 PM] GET /admin/loginAdmin 
[12/31/2025, 1:27:17 PM] GET /admin/loginAdmin 
[12/31/2025, 1:27:17 PM] GET /admin/loginAdmin 
[12/31/2025, 1:27:17 PM] GET /admin/loginAdmin 
[12/31/2025, 1:27:18 PM] GET /admin/loginAdmin 
[12/31/2025, 1:27:18 PM] GET /admin/loginAdmin 
[12/31/2025, 1:27:18 PM] GET /admin/loginAdmin 
[12/31/2025, 1:27:18 PM] GET /admin/loginAdmin 
[12/31/2025, 1:27:18 PM] GET /admin/loginAdmin 
[12/31/2025, 1:27:18 PM] GET /admin/loginAdmin 
[12/31/2025, 1:27:18 PM] GET /admin/loginAdmin 
[12/31/2025, 1:27:18 PM] GET /admin/loginAdmin 
[12/31/2025, 1:27:18 PM] GET /admin/loginAdmin 
[12/31/2025, 1:27:18 PM] GET /admin/loginAdmin 
[12/31/2025, 1:27:18 PM] GET /admin/loginAdmin 
[12/31/2025, 1:27:18 PM] GET /admin/loginAdmin 
[12/31/2025, 1:27:18 PM] GET /admin/loginAdmin 
[12/31/2025, 1:27:18 PM] GET /admin/loginAdmin 
[12/31/2025, 1:27:18 PM] GET /admin/loginAdmin 
[12/31/2025, 1:27:18 PM] GET /admin/loginAdmin 
[12/31/2025, 1:27:18 PM] GET /admin/loginAdmin 
[12/31/2025, 1:27:18 PM] GET /admin/loginAdmin 
[12/31/2025, 1:27:18 PM] GET /admin/loginAdmin 
[12/31/2025, 1:27:18 PM] GET /admin/loginAdmin 
[12/31/2025, 1:27:20 PM] GET /admin/users 
[12/31/2025, 1:27:20 PM] GET /admin/loginAdmin 
[12/31/2025, 1:27:20 PM] GET /admin/loginAdmin 
[12/31/2025, 1:27:20 PM] GET /admin/loginAdmin 
[12/31/2025, 1:27:20 PM] GET /admin/loginAdmin 
[12/31/2025, 1:27:20 PM] GET /admin/loginAdmin 
[12/31/2025, 1:27:20 PM] GET /admin/loginAdmin 
[12/31/2025, 1:27:20 PM] GET /admin/loginAdmin 
[12/31/2025, 1:27:20 PM] GET /admin/loginAdmin 
[12/31/2025, 1:27:20 PM] GET /admin/loginAdmin 
[12/31/2025, 1:27:20 PM] GET /admin/loginAdmin 
[12/31/2025, 1:27:20 PM] GET /admin/loginAdmin 
[12/31/2025, 1:27:20 PM] GET /admin/loginAdmin 
[12/31/2025, 1:27:20 PM] GET /admin/loginAdmin 
[12/31/2025, 1:27:20 PM] GET /admin/loginAdmin 
[12/31/2025, 1:27:20 PM] GET /admin/loginAdmin 
[12/31/2025, 1:27:20 PM] GET /admin/loginAdmin 
[12/31/2025, 1:27:20 PM] GET /admin/loginAdmin 
[12/31/2025, 1:27:20 PM] GET /admin/loginAdmin 
[12/31/2025, 1:27:20 PM] GET /admin/loginAdmin 
[12/31/2025, 1:27:21 PM] GET /admin/loginAdmin 
[12/31/2025, 1:27:21 PM] GET /admin/loginAdmin 
[12/31/2025, 1:27:21 PM] GET /admin/loginAdmin 
[12/31/2025, 1:27:21 PM] GET /admin/loginAdmin 
[12/31/2025, 1:27:21 PM] GET /admin/loginAdmin 
[12/31/2025, 1:27:21 PM] GET /admin/loginAdmin 
[12/31/2025, 1:27:21 PM] GET /admin/loginAdmin 
[12/31/2025, 1:27:21 PM] GET /admin/loginAdmin 
[12/31/2025, 1:27:21 PM] GET /admin/loginAdmin 
[12/31/2025, 1:27:21 PM] GET /admin/loginAdmin 
[12/31/2025, 1:27:21 PM] GET /admin/loginAdmin 
[12/31/2025, 1:27:21 PM] GET /admin/loginAdmin 
[12/31/2025, 1:27:21 PM] GET /admin/loginAdmin 
[12/31/2025, 1:27:21 PM] GET /admin/loginAdmin 
[12/31/2025, 1:27:21 PM] GET /admin/loginAdmin 
[12/31/2025, 1:27:21 PM] GET /admin/loginAdmin 
[12/31/2025, 1:27:21 PM] GET /admin/loginAdmin 
[12/31/2025, 1:27:21 PM] GET /admin/loginAdmin 
[12/31/2025, 1:27:21 PM] GET /admin/loginAdmin 
[12/31/2025, 1:27:21 PM] GET /admin/loginAdmin 
[12/31/2025, 1:27:27 PM] GET /admin/loginAdmin 
[12/31/2025, 1:27:27 PM] GET /admin/loginAdmin 
[12/31/2025, 1:27:27 PM] GET /admin/loginAdmin 
[12/31/2025, 1:27:27 PM] GET /admin/loginAdmin 
[12/31/2025, 1:27:27 PM] GET /admin/loginAdmin 
[12/31/2025, 1:27:27 PM] GET /admin/loginAdmin 
[12/31/2025, 1:27:27 PM] GET /admin/loginAdmin 
[12/31/2025, 1:27:27 PM] GET /admin/loginAdmin 
[12/31/2025, 1:27:27 PM] GET /admin/loginAdmin 
[12/31/2025, 1:27:27 PM] GET /admin/loginAdmin 
[12/31/2025, 1:27:27 PM] GET /admin/loginAdmin 
[12/31/2025, 1:27:27 PM] GET /admin/loginAdmin 
[12/31/2025, 1:27:27 PM] GET /admin/loginAdmin 
[12/31/2025, 1:27:27 PM] GET /admin/loginAdmin 
[12/31/2025, 1:27:27 PM] GET /admin/loginAdmin 
[12/31/2025, 1:27:27 PM] GET /admin/loginAdmin 
[12/31/2025, 1:27:27 PM] GET /admin/loginAdmin 
[12/31/2025, 1:27:27 PM] GET /admin/loginAdmin 
[12/31/2025, 1:27:27 PM] GET /admin/loginAdmin 
[12/31/2025, 1:27:27 PM] GET /admin/loginAdmin 
[12/31/2025, 1:28:07 PM] GET /admin/loginAdmin 
[12/31/2025, 1:28:07 PM] GET /admin/loginAdmin 
[12/31/2025, 1:28:07 PM] GET /admin/loginAdmin 
[12/31/2025, 1:28:07 PM] GET /admin/loginAdmin 
[12/31/2025, 1:28:07 PM] GET /admin/loginAdmin 
[12/31/2025, 1:28:07 PM] GET /admin/loginAdmin 
[12/31/2025, 1:28:07 PM] GET /admin/loginAdmin 
[12/31/2025, 1:28:07 PM] GET /admin/loginAdmin 
[12/31/2025, 1:28:07 PM] GET /admin/loginAdmin 
[12/31/2025, 1:28:07 PM] GET /admin/loginAdmin 
[12/31/2025, 1:28:07 PM] GET /admin/loginAdmin 
[12/31/2025, 1:28:07 PM] GET /admin/loginAdmin 
[12/31/2025, 1:28:07 PM] GET /admin/loginAdmin 
[12/31/2025, 1:28:07 PM] GET /admin/loginAdmin 
[12/31/2025, 1:28:07 PM] GET /admin/loginAdmin 
[12/31/2025, 1:28:07 PM] GET /admin/loginAdmin 
[12/31/2025, 1:28:07 PM] GET /admin/loginAdmin 
[12/31/2025, 1:28:07 PM] GET /admin/loginAdmin 
[12/31/2025, 1:28:07 PM] GET /admin/loginAdmin 
[12/31/2025, 1:28:07 PM] GET /admin/loginAdmin 
[12/31/2025, 1:28:08 PM] GET /admin/loginAdmin 
[12/31/2025, 1:28:08 PM] GET /admin/loginAdmin 
[12/31/2025, 1:28:08 PM] GET /admin/loginAdmin 
[12/31/2025, 1:28:09 PM] GET /admin/loginAdmin 
[12/31/2025, 1:28:09 PM] GET /admin/loginAdmin 
[12/31/2025, 1:28:09 PM] GET /admin/loginAdmin 
[12/31/2025, 1:28:09 PM] GET /admin/loginAdmin 
[12/31/2025, 1:28:09 PM] GET /admin/loginAdmin 
[12/31/2025, 1:28:09 PM] GET /admin/loginAdmin 
[12/31/2025, 1:28:09 PM] GET /admin/loginAdmin 
[12/31/2025, 1:28:09 PM] GET /admin/loginAdmin 
[12/31/2025, 1:28:09 PM] GET /admin/loginAdmin 
[12/31/2025, 1:28:09 PM] GET /admin/loginAdmin 
[12/31/2025, 1:28:09 PM] GET /admin/loginAdmin 
[12/31/2025, 1:28:09 PM] GET /admin/loginAdmin 
[12/31/2025, 1:28:09 PM] GET /admin/loginAdmin 
[12/31/2025, 1:28:09 PM] GET /admin/loginAdmin 
[12/31/2025, 1:28:09 PM] GET /admin/loginAdmin 
[12/31/2025, 1:28:09 PM] GET /admin/loginAdmin 
[12/31/2025, 1:28:09 PM] GET /admin/loginAdmin 
[12/31/2025, 1:28:12 PM] GET /admin 
[12/31/2025, 1:28:12 PM] GET /admin/loginAdmin 
[12/31/2025, 1:28:12 PM] GET /admin/loginAdmin 
[12/31/2025, 1:28:12 PM] GET /admin/loginAdmin 
[12/31/2025, 1:28:12 PM] GET /admin/loginAdmin 
[12/31/2025, 1:28:12 PM] GET /admin/loginAdmin 
[12/31/2025, 1:28:12 PM] GET /admin/loginAdmin 
[12/31/2025, 1:28:12 PM] GET /admin/loginAdmin 
[12/31/2025, 1:28:12 PM] GET /admin/loginAdmin 
[12/31/2025, 1:28:12 PM] GET /admin/loginAdmin 
[12/31/2025, 1:28:12 PM] GET /admin/loginAdmin 
[12/31/2025, 1:28:12 PM] GET /admin/loginAdmin 
[12/31/2025, 1:28:12 PM] GET /admin/loginAdmin 
[12/31/2025, 1:28:12 PM] GET /admin/loginAdmin 
[12/31/2025, 1:28:12 PM] GET /admin/loginAdmin 
[12/31/2025, 1:28:12 PM] GET /admin/loginAdmin 
[12/31/2025, 1:28:12 PM] GET /admin/loginAdmin 
[12/31/2025, 1:28:12 PM] GET /admin/loginAdmin 
[12/31/2025, 1:28:12 PM] GET /admin/loginAdmin 
[12/31/2025, 1:28:12 PM] GET /admin/loginAdmin 
[12/31/2025, 1:28:12 PM] GET /admin 
[12/31/2025, 1:28:12 PM] GET /admin/loginAdmin 
[12/31/2025, 1:28:12 PM] GET /admin/loginAdmin 
[12/31/2025, 1:28:12 PM] GET /admin/loginAdmin 
[12/31/2025, 1:28:12 PM] GET /admin/loginAdmin 
[12/31/2025, 1:28:12 PM] GET /admin/loginAdmin 
[12/31/2025, 1:28:12 PM] GET /admin/loginAdmin 
[12/31/2025, 1:28:12 PM] GET /admin/loginAdmin 
[12/31/2025, 1:28:12 PM] GET /admin/loginAdmin 
[12/31/2025, 1:28:12 PM] GET /admin/loginAdmin 
[12/31/2025, 1:28:12 PM] GET /admin/loginAdmin 
[12/31/2025, 1:28:12 PM] GET /admin/loginAdmin 
[12/31/2025, 1:28:12 PM] GET /admin/loginAdmin 
[12/31/2025, 1:28:12 PM] GET /admin/loginAdmin 
[12/31/2025, 1:28:12 PM] GET /admin/loginAdmin 
[12/31/2025, 1:28:12 PM] GET /admin/loginAdmin 
[12/31/2025, 1:28:12 PM] GET /admin/loginAdmin 
[12/31/2025, 1:28:12 PM] GET /admin/loginAdmin 
[12/31/2025, 1:28:12 PM] GET /admin/loginAdmin 
[12/31/2025, 1:28:12 PM] GET /admin/loginAdmin 
[12/31/2025, 1:28:14 PM] GET /admin/loginAdmin 
[12/31/2025, 1:28:14 PM] GET /admin/loginAdmin 
[12/31/2025, 1:28:14 PM] GET /admin/loginAdmin 
[12/31/2025, 1:28:14 PM] GET /admin/loginAdmin 
[12/31/2025, 1:28:14 PM] GET /admin/loginAdmin 
[12/31/2025, 1:28:14 PM] GET /admin/loginAdmin 
[12/31/2025, 1:28:14 PM] GET /admin/loginAdmin 
[12/31/2025, 1:28:14 PM] GET /admin/loginAdmin 
[12/31/2025, 1:28:14 PM] GET /admin/loginAdmin 
[12/31/2025, 1:28:14 PM] GET /admin/loginAdmin 
[12/31/2025, 1:28:14 PM] GET /admin/loginAdmin 
[12/31/2025, 1:28:14 PM] GET /admin/loginAdmin 
[12/31/2025, 1:28:14 PM] GET /admin/loginAdmin 
[12/31/2025, 1:28:14 PM] GET /admin/loginAdmin 
[12/31/2025, 1:28:14 PM] GET /admin/loginAdmin 
[12/31/2025, 1:28:14 PM] GET /admin/loginAdmin 
[12/31/2025, 1:28:14 PM] GET /admin/loginAdmin 
[12/31/2025, 1:28:14 PM] GET /admin/loginAdmin 
[12/31/2025, 1:28:14 PM] GET /admin/loginAdmin 
[12/31/2025, 1:28:14 PM] GET /admin/loginAdmin 
[12/31/2025, 1:28:14 PM] GET /admin/loginAdmin 
[12/31/2025, 1:28:14 PM] GET /admin/loginAdmin 
[12/31/2025, 1:28:14 PM] GET /admin/loginAdmin 
[12/31/2025, 1:28:14 PM] GET /admin/loginAdmin 
[12/31/2025, 1:28:14 PM] GET /admin/loginAdmin 
[12/31/2025, 1:28:14 PM] GET /admin/loginAdmin 
[12/31/2025, 1:28:14 PM] GET /admin/loginAdmin 
[12/31/2025, 1:28:14 PM] GET /admin/loginAdmin 
[12/31/2025, 1:28:15 PM] GET /admin/loginAdmin 
[12/31/2025, 1:28:15 PM] GET /admin/loginAdmin 
[12/31/2025, 1:28:15 PM] GET /admin/loginAdmin 
[12/31/2025, 1:28:15 PM] GET /admin/loginAdmin 
[12/31/2025, 1:28:15 PM] GET /admin/loginAdmin 
[12/31/2025, 1:28:15 PM] GET /admin/loginAdmin 
[12/31/2025, 1:28:15 PM] GET /admin/loginAdmin 
[12/31/2025, 1:28:15 PM] GET /admin/loginAdmin 
[12/31/2025, 1:28:15 PM] GET /admin/loginAdmin 
[12/31/2025, 1:28:15 PM] GET /admin/loginAdmin 
[12/31/2025, 1:28:15 PM] GET /admin/loginAdmin 
[12/31/2025, 1:28:15 PM] GET /admin/loginAdmin 
[12/31/2025, 1:28:15 PM] GET /admin/loginAdmin 
[12/31/2025, 1:28:15 PM] GET /admin/loginAdmin 
[12/31/2025, 1:28:15 PM] GET /admin/loginAdmin 
[12/31/2025, 1:28:15 PM] GET /admin/loginAdmin 
[12/31/2025, 1:28:15 PM] GET /admin/loginAdmin 
[12/31/2025, 1:28:15 PM] GET /admin/loginAdmin 
[12/31/2025, 1:28:15 PM] GET /admin/loginAdmin 
[12/31/2025, 1:28:15 PM] GET /admin/loginAdmin 
[12/31/2025, 1:28:15 PM] GET /admin/loginAdmin 
[12/31/2025, 1:28:15 PM] GET /admin/loginAdmin 
[12/31/2025, 1:28:15 PM] GET /admin/loginAdmin 
[12/31/2025, 1:28:15 PM] GET /admin/loginAdmin 
[12/31/2025, 1:28:15 PM] GET /admin/loginAdmin 
[12/31/2025, 1:28:15 PM] GET /admin/loginAdmin 
[12/31/2025, 1:28:15 PM] GET /admin/loginAdmin 
[12/31/2025, 1:28:15 PM] GET /admin/loginAdmin 
[12/31/2025, 1:28:15 PM] GET /admin/loginAdmin 
[12/31/2025, 1:28:15 PM] GET /admin/loginAdmin 
[12/31/2025, 1:28:15 PM] GET /admin/loginAdmin 
[12/31/2025, 1:28:15 PM] GET /admin/loginAdmin 
[12/31/2025, 1:30:04 PM] GET /admin/loginAdmin 
[12/31/2025, 1:30:04 PM] GET /admin/loginAdmin 
[12/31/2025, 1:30:04 PM] GET /admin/loginAdmin 
[12/31/2025, 1:30:04 PM] GET /admin/loginAdmin 
[12/31/2025, 1:30:04 PM] GET /admin/loginAdmin 
[12/31/2025, 1:30:04 PM] GET /admin/loginAdmin 
[12/31/2025, 1:30:04 PM] GET /admin/loginAdmin 
[12/31/2025, 1:30:04 PM] GET /admin/loginAdmin 
[12/31/2025, 1:30:04 PM] GET /admin/loginAdmin 
[12/31/2025, 1:30:04 PM] GET /admin/loginAdmin 
[12/31/2025, 1:30:04 PM] GET /admin/loginAdmin 
[12/31/2025, 1:30:04 PM] GET /admin/loginAdmin 
[12/31/2025, 1:30:04 PM] GET /admin/loginAdmin 
[12/31/2025, 1:30:04 PM] GET /admin/loginAdmin 
[12/31/2025, 1:30:04 PM] GET /admin/loginAdmin 
[12/31/2025, 1:30:04 PM] GET /admin/loginAdmin 
[12/31/2025, 1:30:04 PM] GET /admin/loginAdmin 
[12/31/2025, 1:30:04 PM] GET /admin/loginAdmin 
[12/31/2025, 1:30:04 PM] GET /admin/loginAdmin 
[12/31/2025, 1:30:04 PM] GET /admin/loginAdmin 
[12/31/2025, 1:30:05 PM] GET /admin/loginAdmin 
[12/31/2025, 1:30:05 PM] GET /admin/loginAdmin 
[12/31/2025, 1:30:05 PM] GET /admin/loginAdmin 
[12/31/2025, 1:30:05 PM] GET /admin/loginAdmin 
[12/31/2025, 1:30:05 PM] GET /admin/loginAdmin 
[12/31/2025, 1:30:05 PM] GET /admin/loginAdmin 
[12/31/2025, 1:30:05 PM] GET /admin/loginAdmin 
[12/31/2025, 1:30:05 PM] GET /admin/loginAdmin 
[12/31/2025, 1:30:05 PM] GET /admin/loginAdmin 
[12/31/2025, 1:30:05 PM] GET /admin/loginAdmin 
[12/31/2025, 1:30:05 PM] GET /admin/loginAdmin 
[12/31/2025, 1:30:05 PM] GET /admin/loginAdmin 
[12/31/2025, 1:30:05 PM] GET /admin/loginAdmin 
[12/31/2025, 1:30:05 PM] GET /admin/loginAdmin 
[12/31/2025, 1:30:05 PM] GET /admin/loginAdmin 
[12/31/2025, 1:30:05 PM] GET /admin/loginAdmin 
[12/31/2025, 1:30:05 PM] GET /admin/loginAdmin 
[12/31/2025, 1:30:05 PM] GET /admin/loginAdmin 
[12/31/2025, 1:30:05 PM] GET /admin/loginAdmin 
[12/31/2025, 1:30:05 PM] GET /admin/loginAdmin 
[12/31/2025, 1:30:06 PM] GET /admin/loginAdmin 
[12/31/2025, 1:30:06 PM] GET /admin/loginAdmin 
[12/31/2025, 1:30:06 PM] GET /admin/loginAdmin 
[12/31/2025, 1:30:06 PM] GET /admin/loginAdmin 
[12/31/2025, 1:30:06 PM] GET /admin/loginAdmin 
[12/31/2025, 1:30:06 PM] GET /admin/loginAdmin 
[12/31/2025, 1:30:06 PM] GET /admin/loginAdmin 
[12/31/2025, 1:30:06 PM] GET /admin/loginAdmin 
[12/31/2025, 1:30:06 PM] GET /admin/loginAdmin 
[12/31/2025, 1:30:06 PM] GET /admin/loginAdmin 
[12/31/2025, 1:30:06 PM] GET /admin/loginAdmin 
[12/31/2025, 1:30:06 PM] GET /admin/loginAdmin 
[12/31/2025, 1:30:06 PM] GET /admin/loginAdmin 
[12/31/2025, 1:30:06 PM] GET /admin/loginAdmin 
[12/31/2025, 1:30:06 PM] GET /admin/loginAdmin 
[12/31/2025, 1:30:06 PM] GET /admin/loginAdmin 
[12/31/2025, 1:30:06 PM] GET /admin/loginAdmin 
[12/31/2025, 1:30:06 PM] GET /admin/loginAdmin 
[12/31/2025, 1:30:06 PM] GET /admin/loginAdmin 
[12/31/2025, 1:30:06 PM] GET /admin/loginAdmin 
[12/31/2025, 1:31:10 PM] GET /admin/loginAdmin 
[12/31/2025, 1:31:13 PM] GET /admin/loginAdmin 
[12/31/2025, 1:31:18 PM] GET /admin/loginAdmin 
[12/31/2025, 1:32:29 PM] GET /admin/loginAdmin 
[12/31/2025, 1:32:30 PM] GET /admin/loginAdmin 
[12/31/2025, 1:32:40 PM] GET /admin/users 
[12/31/2025, 1:32:50 PM] GET /admin/products 
[12/31/2025, 1:38:07 PM] GET /admin/loginAdmin 
[12/31/2025, 1:38:09 PM] GET /admin 
[12/31/2025, 1:38:10 PM] GET /admin 
[12/31/2025, 1:38:15 PM] GET /admin 
[12/31/2025, 1:38:27 PM] GET /admin.login 
[12/31/2025, 1:38:30 PM] GET /admin 
[12/31/2025, 1:38:32 PM] GET /admin/login 
[12/31/2025, 1:38:36 PM] GET /admin/loginAdmin 
[12/31/2025, 1:39:32 PM] GET /admin/products 
[12/31/2025, 1:39:37 PM] GET /admin 
[12/31/2025, 1:39:37 PM] GET /admin 
[12/31/2025, 1:39:44 PM] GET /admin/loginAdmin 
[12/31/2025, 1:39:44 PM] GET /admin/loginAdmin 
[12/31/2025, 1:40:05 PM] GET /admin/products 
[12/31/2025, 1:40:43 PM] GET /admin/products 
[12/31/2025, 1:40:47 PM] GET /admin 
[12/31/2025, 1:40:49 PM] GET /admin 
[12/31/2025, 1:41:59 PM] GET /admin 
[12/31/2025, 1:42:00 PM] GET /admin 
[12/31/2025, 1:42:01 PM] GET /admin 
[12/31/2025, 1:42:01 PM] GET /admin 
[12/31/2025, 1:44:26 PM] GET /admin 
[12/31/2025, 1:44:26 PM] GET /admin/loginAdmin 
[12/31/2025, 1:44:26 PM] GET /admin/loginAdmin 
[12/31/2025, 1:44:26 PM] GET /admin/loginAdmin 
[12/31/2025, 1:44:26 PM] GET /admin/loginAdmin 
[12/31/2025, 1:44:26 PM] GET /admin/loginAdmin 
[12/31/2025, 1:44:26 PM] GET /admin/loginAdmin 
[12/31/2025, 1:44:26 PM] GET /admin/loginAdmin 
[12/31/2025, 1:44:26 PM] GET /admin/loginAdmin 
[12/31/2025, 1:44:26 PM] GET /admin/loginAdmin 
[12/31/2025, 1:44:26 PM] GET /admin/loginAdmin 
[12/31/2025, 1:44:26 PM] GET /admin/loginAdmin 
[12/31/2025, 1:44:26 PM] GET /admin/loginAdmin 
[12/31/2025, 1:44:26 PM] GET /admin/loginAdmin 
[12/31/2025, 1:44:26 PM] GET /admin/loginAdmin 
[12/31/2025, 1:44:26 PM] GET /admin/loginAdmin 
[12/31/2025, 1:44:26 PM] GET /admin/loginAdmin 
[12/31/2025, 1:44:26 PM] GET /admin/loginAdmin 
[12/31/2025, 1:44:26 PM] GET /admin/loginAdmin 
[12/31/2025, 1:44:26 PM] GET /admin/loginAdmin 
[12/31/2025, 1:44:27 PM] GET /admin/loginAdmin 
[12/31/2025, 1:44:27 PM] GET /admin/loginAdmin 
[12/31/2025, 1:44:27 PM] GET /admin/loginAdmin 
[12/31/2025, 1:44:27 PM] GET /admin/loginAdmin 
[12/31/2025, 1:44:27 PM] GET /admin/loginAdmin 
[12/31/2025, 1:44:27 PM] GET /admin/loginAdmin 
[12/31/2025, 1:44:27 PM] GET /admin/loginAdmin 
[12/31/2025, 1:44:27 PM] GET /admin/loginAdmin 
[12/31/2025, 1:44:27 PM] GET /admin/loginAdmin 
[12/31/2025, 1:44:27 PM] GET /admin/loginAdmin 
[12/31/2025, 1:44:27 PM] GET /admin/loginAdmin 
[12/31/2025, 1:44:27 PM] GET /admin/loginAdmin 
[12/31/2025, 1:44:27 PM] GET /admin/loginAdmin 
[12/31/2025, 1:44:27 PM] GET /admin/loginAdmin 
[12/31/2025, 1:44:27 PM] GET /admin/loginAdmin 
[12/31/2025, 1:44:27 PM] GET /admin/loginAdmin 
[12/31/2025, 1:44:27 PM] GET /admin/loginAdmin 
[12/31/2025, 1:44:27 PM] GET /admin/loginAdmin 
[12/31/2025, 1:44:27 PM] GET /admin/loginAdmin 
[12/31/2025, 1:44:27 PM] GET /admin/loginAdmin 
[12/31/2025, 1:44:51 PM] GET /admin/loginAdmin 
[12/31/2025, 1:44:51 PM] GET /admin/loginAdmin 
[12/31/2025, 1:44:51 PM] GET /admin/loginAdmin 
[12/31/2025, 1:44:51 PM] GET /admin/loginAdmin 
[12/31/2025, 1:44:51 PM] GET /admin/loginAdmin 
[12/31/2025, 1:44:51 PM] GET /admin/loginAdmin 
[12/31/2025, 1:44:51 PM] GET /admin/loginAdmin 
[12/31/2025, 1:44:51 PM] GET /admin/loginAdmin 
[12/31/2025, 1:44:51 PM] GET /admin/loginAdmin 
[12/31/2025, 1:44:51 PM] GET /admin/loginAdmin 
[12/31/2025, 1:44:51 PM] GET /admin/loginAdmin 
[12/31/2025, 1:44:51 PM] GET /admin/loginAdmin 
[12/31/2025, 1:44:51 PM] GET /admin/loginAdmin 
[12/31/2025, 1:44:51 PM] GET /admin/loginAdmin 
[12/31/2025, 1:44:51 PM] GET /admin/loginAdmin 
[12/31/2025, 1:44:51 PM] GET /admin/loginAdmin 
[12/31/2025, 1:44:51 PM] GET /admin/loginAdmin 
[12/31/2025, 1:44:51 PM] GET /admin/loginAdmin 
[12/31/2025, 1:44:51 PM] GET /admin/loginAdmin 
[12/31/2025, 1:44:51 PM] GET /admin/loginAdmin 
[12/31/2025, 1:44:52 PM] GET /admin/loginAdmin 
[12/31/2025, 1:44:52 PM] GET /admin/loginAdmin 
[12/31/2025, 1:44:52 PM] GET /admin/loginAdmin 
[12/31/2025, 1:44:52 PM] GET /admin/loginAdmin 
[12/31/2025, 1:44:52 PM] GET /admin/loginAdmin 
[12/31/2025, 1:44:52 PM] GET /admin/loginAdmin 
[12/31/2025, 1:44:52 PM] GET /admin/loginAdmin 
[12/31/2025, 1:44:52 PM] GET /admin/loginAdmin 
[12/31/2025, 1:44:52 PM] GET /admin/loginAdmin 
[12/31/2025, 1:44:52 PM] GET /admin/loginAdmin 
[12/31/2025, 1:44:52 PM] GET /admin/loginAdmin 
[12/31/2025, 1:44:52 PM] GET /admin/loginAdmin 
[12/31/2025, 1:44:52 PM] GET /admin/loginAdmin 
[12/31/2025, 1:44:52 PM] GET /admin/loginAdmin 
[12/31/2025, 1:44:52 PM] GET /admin/loginAdmin 
[12/31/2025, 1:44:52 PM] GET /admin/loginAdmin 
[12/31/2025, 1:44:52 PM] GET /admin/loginAdmin 
[12/31/2025, 1:44:52 PM] GET /admin/loginAdmin 
[12/31/2025, 1:44:52 PM] GET /admin/loginAdmin 
[12/31/2025, 1:44:52 PM] GET /admin/loginAdmin 
[12/31/2025, 1:44:53 PM] GET /admin/loginAdmin 
[12/31/2025, 1:44:53 PM] GET /admin/loginAdmin 
[12/31/2025, 1:44:53 PM] GET /admin/loginAdmin 
[12/31/2025, 1:44:53 PM] GET /admin/loginAdmin 
[12/31/2025, 1:44:53 PM] GET /admin/loginAdmin 
[12/31/2025, 1:44:53 PM] GET /admin/loginAdmin 
[12/31/2025, 1:44:53 PM] GET /admin/loginAdmin 
[12/31/2025, 1:44:53 PM] GET /admin/loginAdmin 
[12/31/2025, 1:44:53 PM] GET /admin/loginAdmin 
[12/31/2025, 1:44:53 PM] GET /admin/loginAdmin 
[12/31/2025, 1:44:53 PM] GET /admin/loginAdmin 
[12/31/2025, 1:44:53 PM] GET /admin/loginAdmin 
[12/31/2025, 1:44:53 PM] GET /admin/loginAdmin 
[12/31/2025, 1:44:53 PM] GET /admin/loginAdmin 
[12/31/2025, 1:44:53 PM] GET /admin/loginAdmin 
[12/31/2025, 1:44:53 PM] GET /admin/loginAdmin 
[12/31/2025, 1:44:53 PM] GET /admin/loginAdmin 
[12/31/2025, 1:44:53 PM] GET /admin/loginAdmin 
[12/31/2025, 1:44:53 PM] GET /admin/loginAdmin 
[12/31/2025, 1:44:53 PM] GET /admin/loginAdmin 
[12/31/2025, 1:45:10 PM] GET /admin/loginAdmin 
[12/31/2025, 1:45:10 PM] GET /admin/loginAdmin 
[12/31/2025, 1:45:10 PM] GET /admin/loginAdmin 
[12/31/2025, 1:45:10 PM] GET /admin/loginAdmin 
[12/31/2025, 1:45:10 PM] GET /admin/loginAdmin 
[12/31/2025, 1:45:10 PM] GET /admin/loginAdmin 
[12/31/2025, 1:45:10 PM] GET /admin/loginAdmin 
[12/31/2025, 1:45:10 PM] GET /admin/loginAdmin 
[12/31/2025, 1:45:10 PM] GET /admin/loginAdmin 
[12/31/2025, 1:45:10 PM] GET /admin/loginAdmin 
[12/31/2025, 1:45:10 PM] GET /admin/loginAdmin 
[12/31/2025, 1:45:10 PM] GET /admin/loginAdmin 
[12/31/2025, 1:45:10 PM] GET /admin/loginAdmin 
[12/31/2025, 1:45:10 PM] GET /admin/loginAdmin 
[12/31/2025, 1:45:10 PM] GET /admin/loginAdmin 
[12/31/2025, 1:45:10 PM] GET /admin/loginAdmin 
[12/31/2025, 1:45:10 PM] GET /admin/loginAdmin 
[12/31/2025, 1:45:10 PM] GET /admin/loginAdmin 
[12/31/2025, 1:45:10 PM] GET /admin/loginAdmin 
[12/31/2025, 1:45:10 PM] GET /admin/loginAdmin 
[12/31/2025, 1:45:11 PM] GET /admin/loginAdmin 
[12/31/2025, 1:45:11 PM] GET /admin/loginAdmin 
[12/31/2025, 1:45:11 PM] GET /admin/loginAdmin 
[12/31/2025, 1:45:11 PM] GET /admin/loginAdmin 
[12/31/2025, 1:45:11 PM] GET /admin/loginAdmin 
[12/31/2025, 1:45:11 PM] GET /admin/loginAdmin 
[12/31/2025, 1:45:11 PM] GET /admin/loginAdmin 
[12/31/2025, 1:45:11 PM] GET /admin/loginAdmin 
[12/31/2025, 1:45:11 PM] GET /admin/loginAdmin 
[12/31/2025, 1:45:11 PM] GET /admin/loginAdmin 
[12/31/2025, 1:45:11 PM] GET /admin/loginAdmin 
[12/31/2025, 1:45:11 PM] GET /admin/loginAdmin 
[12/31/2025, 1:45:11 PM] GET /admin/loginAdmin 
[12/31/2025, 1:45:11 PM] GET /admin/loginAdmin 
[12/31/2025, 1:45:11 PM] GET /admin/loginAdmin 
[12/31/2025, 1:45:11 PM] GET /admin/loginAdmin 
[12/31/2025, 1:45:11 PM] GET /admin/loginAdmin 
[12/31/2025, 1:45:11 PM] GET /admin/loginAdmin 
[12/31/2025, 1:45:11 PM] GET /admin/loginAdmin 
[12/31/2025, 1:45:11 PM] GET /admin/loginAdmin 
[12/31/2025, 1:45:12 PM] GET /admin/loginAdmin 
[12/31/2025, 1:45:12 PM] GET /admin/loginAdmin 
[12/31/2025, 1:45:12 PM] GET /admin/loginAdmin 
[12/31/2025, 1:45:12 PM] GET /admin/loginAdmin 
[12/31/2025, 1:45:12 PM] GET /admin/loginAdmin 
[12/31/2025, 1:45:12 PM] GET /admin/loginAdmin 
[12/31/2025, 1:45:12 PM] GET /admin/loginAdmin 
[12/31/2025, 1:45:12 PM] GET /admin/loginAdmin 
[12/31/2025, 1:45:12 PM] GET /admin/loginAdmin 
[12/31/2025, 1:45:12 PM] GET /admin/loginAdmin 
[12/31/2025, 1:45:12 PM] GET /admin/loginAdmin 
[12/31/2025, 1:45:12 PM] GET /admin/loginAdmin 
[12/31/2025, 1:45:12 PM] GET /admin/loginAdmin 
[12/31/2025, 1:45:12 PM] GET /admin/loginAdmin 
[12/31/2025, 1:45:12 PM] GET /admin/loginAdmin 
[12/31/2025, 1:45:12 PM] GET /admin/loginAdmin 
[12/31/2025, 1:45:12 PM] GET /admin/loginAdmin 
[12/31/2025, 1:45:12 PM] GET /admin/loginAdmin 
[12/31/2025, 1:45:12 PM] GET /admin/loginAdmin 
[12/31/2025, 1:45:12 PM] GET /admin/loginAdmin 
[12/31/2025, 1:45:12 PM] GET /admin/loginAdmin 
[12/31/2025, 1:45:12 PM] GET /admin/loginAdmin 
[12/31/2025, 1:45:12 PM] GET /admin/loginAdmin 
[12/31/2025, 1:45:12 PM] GET /admin/loginAdmin 
[12/31/2025, 1:45:12 PM] GET /admin/loginAdmin 
[12/31/2025, 1:45:12 PM] GET /admin/loginAdmin 
[12/31/2025, 1:45:12 PM] GET /admin/loginAdmin 
[12/31/2025, 1:45:12 PM] GET /admin/loginAdmin 
[12/31/2025, 1:45:12 PM] GET /admin/loginAdmin 
[12/31/2025, 1:45:12 PM] GET /admin/loginAdmin 
[12/31/2025, 1:45:12 PM] GET /admin/loginAdmin 
[12/31/2025, 1:45:12 PM] GET /admin/loginAdmin 
[12/31/2025, 1:45:12 PM] GET /admin/loginAdmin 
[12/31/2025, 1:45:12 PM] GET /admin/loginAdmin 
[12/31/2025, 1:45:12 PM] GET /admin/loginAdmin 
[12/31/2025, 1:45:12 PM] GET /admin/loginAdmin 
[12/31/2025, 1:45:12 PM] GET /admin/loginAdmin 
[12/31/2025, 1:45:12 PM] GET /admin/loginAdmin 
[12/31/2025, 1:45:12 PM] GET /admin/loginAdmin 
[12/31/2025, 1:45:12 PM] GET /admin/loginAdmin 
[12/31/2025, 1:45:30 PM] GET /admin/loginAdmin 
[12/31/2025, 1:45:33 PM] GET /admin/loginAdmin 
[12/31/2025, 1:45:34 PM] GET /admin/loginAdmin 
[12/31/2025, 1:49:44 PM] GET /admin/loginAdmin 
[12/31/2025, 1:49:47 PM] GET /admin 
[12/31/2025, 1:49:47 PM] GET /admin 
[12/31/2025, 1:49:49 PM] GET /admin 
[12/31/2025, 1:49:51 PM] GET /admin 
[12/31/2025, 1:52:47 PM] GET /admin 
[12/31/2025, 1:52:48 PM] GET /admin 
[12/31/2025, 1:52:51 PM] GET / 
[12/31/2025, 1:52:53 PM] GET /login 
[12/31/2025, 1:53:00 PM] POST /login 
[12/31/2025, 1:53:00 PM] GET /admin 
[12/31/2025, 1:53:32 PM] POST /login 
[12/31/2025, 1:53:32 PM] GET /admin 
[12/31/2025, 1:54:04 PM] POST /login 
[12/31/2025, 1:54:05 PM] GET /admin 
[12/31/2025, 1:54:12 PM] POST /login 
[12/31/2025, 1:54:13 PM] GET /admin 
[12/31/2025, 1:54:18 PM] GET /loginAdmin 
[12/31/2025, 1:54:21 PM] GET / 
[12/31/2025, 1:54:22 PM] GET /admin 
[12/31/2025, 1:54:22 PM] GET /admin 
[12/31/2025, 1:55:19 PM] POST /login 
[12/31/2025, 1:55:19 PM] GET /admin 
[12/31/2025, 1:55:26 PM] POST /login 
[12/31/2025, 1:55:27 PM] GET / 
[12/31/2025, 1:55:29 PM] GET /order 
[12/31/2025, 1:55:33 PM] GET /product/6952103878fe8886f673cc0b 
[12/31/2025, 1:55:35 PM] POST /add-to-cart 
[12/31/2025, 1:55:36 PM] GET /cart 
[12/31/2025, 1:55:43 PM] POST /place-order 
[12/31/2025, 1:55:43 PM] GET /payment/simulate/momo/BIN1767164143413 
[12/31/2025, 1:55:44 PM] GET /order?msg=Simulated_Success 
[12/31/2025, 1:55:47 PM] GET /logout 
[12/31/2025, 1:55:47 PM] GET / 
[12/31/2025, 1:55:49 PM] GET /login 
[12/31/2025, 1:55:56 PM] POST /login 
[12/31/2025, 1:55:56 PM] GET /admin 
[12/31/2025, 1:59:21 PM] GET /admin 
[12/31/2025, 1:59:21 PM] GET /admin/loginAdmin 
[12/31/2025, 1:59:21 PM] GET /admin/loginAdmin 
[12/31/2025, 1:59:21 PM] GET /admin/loginAdmin 
[12/31/2025, 1:59:21 PM] GET /admin/loginAdmin 
[12/31/2025, 1:59:21 PM] GET /admin/loginAdmin 
[12/31/2025, 1:59:21 PM] GET /admin/loginAdmin 
[12/31/2025, 1:59:21 PM] GET /admin/loginAdmin 
[12/31/2025, 1:59:21 PM] GET /admin/loginAdmin 
[12/31/2025, 1:59:21 PM] GET /admin/loginAdmin 
[12/31/2025, 1:59:21 PM] GET /admin/loginAdmin 
[12/31/2025, 1:59:21 PM] GET /admin/loginAdmin 
[12/31/2025, 1:59:21 PM] GET /admin/loginAdmin 
[12/31/2025, 1:59:21 PM] GET /admin/loginAdmin 
[12/31/2025, 1:59:21 PM] GET /admin/loginAdmin 
[12/31/2025, 1:59:21 PM] GET /admin/loginAdmin 
[12/31/2025, 1:59:21 PM] GET /admin/loginAdmin 
[12/31/2025, 1:59:21 PM] GET /admin/loginAdmin 
[12/31/2025, 1:59:21 PM] GET /admin/loginAdmin 
[12/31/2025, 1:59:21 PM] GET /admin/loginAdmin 
[12/31/2025, 1:59:22 PM] GET /admin/loginAdmin 
[12/31/2025, 1:59:22 PM] GET /admin/loginAdmin 
[12/31/2025, 1:59:22 PM] GET /admin/loginAdmin 
[12/31/2025, 1:59:22 PM] GET /admin/loginAdmin 
[12/31/2025, 1:59:22 PM] GET /admin/loginAdmin 
[12/31/2025, 1:59:22 PM] GET /admin/loginAdmin 
[12/31/2025, 1:59:22 PM] GET /admin/loginAdmin 
[12/31/2025, 1:59:22 PM] GET /admin/loginAdmin 
[12/31/2025, 1:59:22 PM] GET /admin/loginAdmin 
[12/31/2025, 1:59:22 PM] GET /admin/loginAdmin 
[12/31/2025, 1:59:22 PM] GET /admin/loginAdmin 
[12/31/2025, 1:59:22 PM] GET /admin/loginAdmin 
[12/31/2025, 1:59:22 PM] GET /admin/loginAdmin 
[12/31/2025, 1:59:22 PM] GET /admin/loginAdmin 
[12/31/2025, 1:59:22 PM] GET /admin/loginAdmin 
[12/31/2025, 1:59:22 PM] GET /admin/loginAdmin 
[12/31/2025, 1:59:22 PM] GET /admin/loginAdmin 
[12/31/2025, 1:59:22 PM] GET /admin/loginAdmin 
[12/31/2025, 1:59:22 PM] GET /admin/loginAdmin 
[12/31/2025, 1:59:22 PM] GET /admin/loginAdmin 
[12/31/2025, 1:59:27 PM] GET /admin/loginAdmin 
[12/31/2025, 1:59:27 PM] GET /admin/loginAdmin 
[12/31/2025, 1:59:27 PM] GET /admin/loginAdmin 
[12/31/2025, 1:59:27 PM] GET /admin/loginAdmin 
[12/31/2025, 1:59:27 PM] GET /admin/loginAdmin 
[12/31/2025, 1:59:27 PM] GET /admin/loginAdmin 
[12/31/2025, 1:59:27 PM] GET /admin/loginAdmin 
[12/31/2025, 1:59:27 PM] GET /admin/loginAdmin 
[12/31/2025, 1:59:27 PM] GET /admin/loginAdmin 
[12/31/2025, 1:59:27 PM] GET /admin/loginAdmin 
[12/31/2025, 1:59:27 PM] GET /admin/loginAdmin 
[12/31/2025, 1:59:27 PM] GET /admin/loginAdmin 
[12/31/2025, 1:59:27 PM] GET /admin/loginAdmin 
[12/31/2025, 1:59:27 PM] GET /admin/loginAdmin 
[12/31/2025, 1:59:27 PM] GET /admin/loginAdmin 
[12/31/2025, 1:59:27 PM] GET /admin/loginAdmin 
[12/31/2025, 1:59:27 PM] GET /admin/loginAdmin 
[12/31/2025, 1:59:27 PM] GET /admin/loginAdmin 
[12/31/2025, 1:59:27 PM] GET /admin/loginAdmin 
[12/31/2025, 1:59:27 PM] GET /admin/loginAdmin 
[12/31/2025, 1:59:32 PM] GET /admin/users 
[12/31/2025, 1:59:32 PM] GET /admin/loginAdmin 
[12/31/2025, 1:59:32 PM] GET /admin/loginAdmin 
[12/31/2025, 1:59:32 PM] GET /admin/loginAdmin 
[12/31/2025, 1:59:32 PM] GET /admin/loginAdmin 
[12/31/2025, 1:59:32 PM] GET /admin/loginAdmin 
[12/31/2025, 1:59:32 PM] GET /admin/loginAdmin 
[12/31/2025, 1:59:32 PM] GET /admin/loginAdmin 
[12/31/2025, 1:59:32 PM] GET /admin/loginAdmin 
[12/31/2025, 1:59:32 PM] GET /admin/loginAdmin 
[12/31/2025, 1:59:32 PM] GET /admin/loginAdmin 
[12/31/2025, 1:59:32 PM] GET /admin/loginAdmin 
[12/31/2025, 1:59:32 PM] GET /admin/loginAdmin 
[12/31/2025, 1:59:32 PM] GET /admin/loginAdmin 
[12/31/2025, 1:59:32 PM] GET /admin/loginAdmin 
[12/31/2025, 1:59:32 PM] GET /admin/loginAdmin 
[12/31/2025, 1:59:32 PM] GET /admin/loginAdmin 
[12/31/2025, 1:59:32 PM] GET /admin/loginAdmin 
[12/31/2025, 1:59:32 PM] GET /admin/loginAdmin 
[12/31/2025, 1:59:32 PM] GET /admin/loginAdmin 
[12/31/2025, 1:59:33 PM] GET /admin/loginAdmin 
[12/31/2025, 1:59:33 PM] GET /admin/loginAdmin 
[12/31/2025, 1:59:33 PM] GET /admin/loginAdmin 
[12/31/2025, 1:59:33 PM] GET /admin/loginAdmin 
[12/31/2025, 1:59:33 PM] GET /admin/loginAdmin 
[12/31/2025, 1:59:33 PM] GET /admin/loginAdmin 
[12/31/2025, 1:59:33 PM] GET /admin/loginAdmin 
[12/31/2025, 1:59:33 PM] GET /admin/loginAdmin 
[12/31/2025, 1:59:33 PM] GET /admin/loginAdmin 
[12/31/2025, 1:59:33 PM] GET /admin/loginAdmin 
[12/31/2025, 1:59:33 PM] GET /admin/loginAdmin 
[12/31/2025, 1:59:33 PM] GET /admin/loginAdmin 
[12/31/2025, 1:59:33 PM] GET /admin/loginAdmin 
[12/31/2025, 1:59:33 PM] GET /admin/loginAdmin 
[12/31/2025, 1:59:33 PM] GET /admin/loginAdmin 
[12/31/2025, 1:59:33 PM] GET /admin/loginAdmin 
[12/31/2025, 1:59:33 PM] GET /admin/loginAdmin 
[12/31/2025, 1:59:33 PM] GET /admin/loginAdmin 
[12/31/2025, 1:59:33 PM] GET /admin/loginAdmin 
[12/31/2025, 1:59:33 PM] GET /admin/loginAdmin 
[12/31/2025, 1:59:36 PM] GET / 
[12/31/2025, 1:59:38 PM] GET /login 
[12/31/2025, 1:59:43 PM] POST /login 
[12/31/2025, 1:59:44 PM] GET /admin 
[12/31/2025, 2:01:14 PM] GET /admin 
[12/31/2025, 2:01:14 PM] GET /admin/loginAdmin 
[12/31/2025, 2:01:14 PM] GET /admin/loginAdmin 
[12/31/2025, 2:01:14 PM] GET /admin/loginAdmin 
[12/31/2025, 2:01:14 PM] GET /admin/loginAdmin 
[12/31/2025, 2:01:14 PM] GET /admin/loginAdmin 
[12/31/2025, 2:01:14 PM] GET /admin/loginAdmin 
[12/31/2025, 2:01:14 PM] GET /admin/loginAdmin 
[12/31/2025, 2:01:14 PM] GET /admin/loginAdmin 
[12/31/2025, 2:01:14 PM] GET /admin/loginAdmin 
[12/31/2025, 2:01:14 PM] GET /admin/loginAdmin 
[12/31/2025, 2:01:14 PM] GET /admin/loginAdmin 
[12/31/2025, 2:01:14 PM] GET /admin/loginAdmin 
[12/31/2025, 2:01:14 PM] GET /admin/loginAdmin 
[12/31/2025, 2:01:14 PM] GET /admin/loginAdmin 
[12/31/2025, 2:01:14 PM] GET /admin/loginAdmin 
[12/31/2025, 2:01:14 PM] GET /admin/loginAdmin 
[12/31/2025, 2:01:14 PM] GET /admin/loginAdmin 
[12/31/2025, 2:01:14 PM] GET /admin/loginAdmin 
[12/31/2025, 2:01:14 PM] GET /admin/loginAdmin 
[12/31/2025, 2:01:17 PM] POST /login 
[12/31/2025, 2:01:17 PM] GET /admin 
[12/31/2025, 2:01:46 PM] GET /admin 
[12/31/2025, 2:01:46 PM] GET /admin/loginAdmin 
[12/31/2025, 2:01:46 PM] GET /admin/loginAdmin 
[12/31/2025, 2:01:46 PM] GET /admin/loginAdmin 
[12/31/2025, 2:01:46 PM] GET /admin/loginAdmin 
[12/31/2025, 2:01:46 PM] GET /admin/loginAdmin 
[12/31/2025, 2:01:46 PM] GET /admin/loginAdmin 
[12/31/2025, 2:01:46 PM] GET /admin/loginAdmin 
[12/31/2025, 2:01:46 PM] GET /admin/loginAdmin 
[12/31/2025, 2:01:46 PM] GET /admin/loginAdmin 
[12/31/2025, 2:01:46 PM] GET /admin/loginAdmin 
[12/31/2025, 2:01:46 PM] GET /admin/loginAdmin 
[12/31/2025, 2:01:46 PM] GET /admin/loginAdmin 
[12/31/2025, 2:01:46 PM] GET /admin/loginAdmin 
[12/31/2025, 2:01:46 PM] GET /admin/loginAdmin 
[12/31/2025, 2:01:46 PM] GET /admin/loginAdmin 
[12/31/2025, 2:01:46 PM] GET /admin/loginAdmin 
[12/31/2025, 2:01:46 PM] GET /admin/loginAdmin 
[12/31/2025, 2:01:46 PM] GET /admin/loginAdmin 
[12/31/2025, 2:01:46 PM] GET /admin/loginAdmin 
[12/31/2025, 2:01:48 PM] POST /login 
[12/31/2025, 2:01:48 PM] GET /admin 
[12/31/2025, 2:03:56 PM] GET /admin 
[12/31/2025, 2:03:56 PM] GET /admin/loginAdmin 
[12/31/2025, 2:03:56 PM] GET /admin/loginAdmin 
[12/31/2025, 2:03:56 PM] GET /admin/loginAdmin 
[12/31/2025, 2:03:56 PM] GET /admin/loginAdmin 
[12/31/2025, 2:03:56 PM] GET /admin/loginAdmin 
[12/31/2025, 2:03:56 PM] GET /admin/loginAdmin 
[12/31/2025, 2:03:56 PM] GET /admin/loginAdmin 
[12/31/2025, 2:03:56 PM] GET /admin/loginAdmin 
[12/31/2025, 2:03:56 PM] GET /admin/loginAdmin 
[12/31/2025, 2:03:56 PM] GET /admin/loginAdmin 
[12/31/2025, 2:03:56 PM] GET /admin/loginAdmin 
[12/31/2025, 2:03:56 PM] GET /admin/loginAdmin 
[12/31/2025, 2:03:56 PM] GET /admin/loginAdmin 
[12/31/2025, 2:03:56 PM] GET /admin/loginAdmin 
[12/31/2025, 2:03:56 PM] GET /admin/loginAdmin 
[12/31/2025, 2:03:56 PM] GET /admin/loginAdmin 
[12/31/2025, 2:03:56 PM] GET /admin/loginAdmin 
[12/31/2025, 2:03:56 PM] GET /admin/loginAdmin 
[12/31/2025, 2:03:56 PM] GET /admin/loginAdmin 
[12/31/2025, 2:03:57 PM] GET /admin/loginAdmin 
[12/31/2025, 2:03:57 PM] GET /admin/loginAdmin 
[12/31/2025, 2:03:57 PM] GET /admin/loginAdmin 
[12/31/2025, 2:03:57 PM] GET /admin/loginAdmin 
[12/31/2025, 2:03:57 PM] GET /admin/loginAdmin 
[12/31/2025, 2:03:57 PM] GET /admin/loginAdmin 
[12/31/2025, 2:03:57 PM] GET /admin/loginAdmin 
[12/31/2025, 2:03:57 PM] GET /admin/loginAdmin 
[12/31/2025, 2:03:57 PM] GET /admin/loginAdmin 
[12/31/2025, 2:03:57 PM] GET /admin/loginAdmin 
[12/31/2025, 2:03:57 PM] GET /admin/loginAdmin 
[12/31/2025, 2:03:57 PM] GET /admin/loginAdmin 
[12/31/2025, 2:03:57 PM] GET /admin/loginAdmin 
[12/31/2025, 2:03:57 PM] GET /admin/loginAdmin 
[12/31/2025, 2:03:57 PM] GET /admin/loginAdmin 
[12/31/2025, 2:03:57 PM] GET /admin/loginAdmin 
[12/31/2025, 2:03:57 PM] GET /admin/loginAdmin 
[12/31/2025, 2:03:57 PM] GET /admin/loginAdmin 
[12/31/2025, 2:03:57 PM] GET /admin/loginAdmin 
[12/31/2025, 2:03:57 PM] GET /admin/loginAdmin 
[12/31/2025, 2:03:58 PM] GET / 
[12/31/2025, 2:03:58 PM] GET /admin/loginAdmin 
[12/31/2025, 2:03:58 PM] GET /admin/loginAdmin 
[12/31/2025, 2:03:58 PM] GET /admin/loginAdmin 
[12/31/2025, 2:03:58 PM] GET /admin/loginAdmin 
[12/31/2025, 2:03:58 PM] GET /admin/loginAdmin 
[12/31/2025, 2:03:58 PM] GET /admin/loginAdmin 
[12/31/2025, 2:03:58 PM] GET /admin/loginAdmin 
[12/31/2025, 2:03:58 PM] GET /admin/loginAdmin 
[12/31/2025, 2:03:59 PM] GET /admin/loginAdmin 
[12/31/2025, 2:03:59 PM] GET /admin/loginAdmin 
[12/31/2025, 2:03:59 PM] GET /admin/loginAdmin 
[12/31/2025, 2:03:59 PM] GET /admin/loginAdmin 
[12/31/2025, 2:03:59 PM] GET /admin/loginAdmin 
[12/31/2025, 2:03:59 PM] GET /admin/loginAdmin 
[12/31/2025, 2:03:59 PM] GET /admin/loginAdmin 
[12/31/2025, 2:03:59 PM] GET /admin/loginAdmin 
[12/31/2025, 2:03:59 PM] GET /admin/loginAdmin 
[12/31/2025, 2:03:59 PM] GET /admin/loginAdmin 
[12/31/2025, 2:03:59 PM] GET /admin/loginAdmin 
[12/31/2025, 2:03:59 PM] GET / 
[12/31/2025, 2:03:59 PM] GET /admin/loginAdmin 
[12/31/2025, 2:03:59 PM] GET /admin/loginAdmin 
[12/31/2025, 2:03:59 PM] GET /admin/loginAdmin 
[12/31/2025, 2:03:59 PM] GET /admin/loginAdmin 
[12/31/2025, 2:03:59 PM] GET /admin/loginAdmin 
[12/31/2025, 2:03:59 PM] GET /admin/loginAdmin 
[12/31/2025, 2:03:59 PM] GET /admin/loginAdmin 
[12/31/2025, 2:03:59 PM] GET /admin/loginAdmin 
[12/31/2025, 2:03:59 PM] GET /admin/loginAdmin 
[12/31/2025, 2:03:59 PM] GET /admin/loginAdmin 
[12/31/2025, 2:03:59 PM] GET /admin/loginAdmin 
[12/31/2025, 2:03:59 PM] GET /admin/loginAdmin 
[12/31/2025, 2:03:59 PM] GET /admin/loginAdmin 
[12/31/2025, 2:03:59 PM] GET /admin/loginAdmin 
[12/31/2025, 2:03:59 PM] GET /admin/loginAdmin 
[12/31/2025, 2:03:59 PM] GET /admin/loginAdmin 
[12/31/2025, 2:03:59 PM] GET /admin/loginAdmin 
[12/31/2025, 2:03:59 PM] GET /admin/loginAdmin 
[12/31/2025, 2:03:59 PM] GET /admin/loginAdmin 
[12/31/2025, 2:04:00 PM] GET /admin/loginAdmin 
[12/31/2025, 2:04:00 PM] GET /admin/loginAdmin 
[12/31/2025, 2:04:00 PM] GET /admin/loginAdmin 
[12/31/2025, 2:04:00 PM] GET /admin/loginAdmin 
[12/31/2025, 2:04:00 PM] GET /admin/loginAdmin 
[12/31/2025, 2:04:00 PM] GET /admin/loginAdmin 
[12/31/2025, 2:04:00 PM] GET /admin/loginAdmin 
[12/31/2025, 2:04:00 PM] GET /admin/loginAdmin 
[12/31/2025, 2:04:00 PM] GET /admin/loginAdmin 
[12/31/2025, 2:04:00 PM] GET /admin/loginAdmin 
[12/31/2025, 2:04:00 PM] GET /admin/loginAdmin 
[12/31/2025, 2:04:00 PM] GET /admin/loginAdmin 
[12/31/2025, 2:04:00 PM] GET /admin/loginAdmin 
[12/31/2025, 2:04:00 PM] GET /admin/loginAdmin 
[12/31/2025, 2:04:00 PM] GET /admin/loginAdmin 
[12/31/2025, 2:04:00 PM] GET /admin/loginAdmin 
[12/31/2025, 2:04:00 PM] GET /admin/loginAdmin 
[12/31/2025, 2:04:00 PM] GET /admin/loginAdmin 
[12/31/2025, 2:04:00 PM] GET /admin/loginAdmin 
[12/31/2025, 2:04:00 PM] GET /admin/loginAdmin 
[12/31/2025, 2:04:02 PM] GET / 
[12/31/2025, 2:04:02 PM] GET /admin/loginAdmin 
[12/31/2025, 2:04:02 PM] GET /admin/loginAdmin 
[12/31/2025, 2:04:02 PM] GET /admin/loginAdmin 
[12/31/2025, 2:04:02 PM] GET /admin/loginAdmin 
[12/31/2025, 2:04:02 PM] GET /admin/loginAdmin 
[12/31/2025, 2:04:02 PM] GET /admin/loginAdmin 
[12/31/2025, 2:04:02 PM] GET /admin/loginAdmin 
[12/31/2025, 2:04:02 PM] GET /admin/loginAdmin 
[12/31/2025, 2:04:02 PM] GET /admin/loginAdmin 
[12/31/2025, 2:04:02 PM] GET /admin/loginAdmin 
[12/31/2025, 2:04:02 PM] GET /admin/loginAdmin 
[12/31/2025, 2:04:02 PM] GET /admin/loginAdmin 
[12/31/2025, 2:04:02 PM] GET /admin/loginAdmin 
[12/31/2025, 2:04:02 PM] GET /admin/loginAdmin 
[12/31/2025, 2:04:02 PM] GET /admin/loginAdmin 
[12/31/2025, 2:04:02 PM] GET /admin/loginAdmin 
[12/31/2025, 2:04:02 PM] GET /admin/loginAdmin 
[12/31/2025, 2:04:02 PM] GET /admin/loginAdmin 
[12/31/2025, 2:04:02 PM] GET /admin/loginAdmin 
[12/31/2025, 2:04:02 PM] GET / 
[12/31/2025, 2:04:02 PM] GET /admin/loginAdmin 
[12/31/2025, 2:04:03 PM] GET /admin/loginAdmin 
[12/31/2025, 2:04:03 PM] GET /admin/loginAdmin 
[12/31/2025, 2:04:03 PM] GET /admin/loginAdmin 
[12/31/2025, 2:04:03 PM] GET /admin/loginAdmin 
[12/31/2025, 2:04:03 PM] GET /admin/loginAdmin 
[12/31/2025, 2:04:03 PM] GET /admin/loginAdmin 
[12/31/2025, 2:04:03 PM] GET /admin/loginAdmin 
[12/31/2025, 2:04:03 PM] GET /admin/loginAdmin 
[12/31/2025, 2:04:03 PM] GET /admin/loginAdmin 
[12/31/2025, 2:04:03 PM] GET /admin/loginAdmin 
[12/31/2025, 2:04:03 PM] GET /admin/loginAdmin 
[12/31/2025, 2:04:03 PM] GET /admin/loginAdmin 
[12/31/2025, 2:04:03 PM] GET /admin/loginAdmin 
[12/31/2025, 2:04:03 PM] GET /admin/loginAdmin 
[12/31/2025, 2:04:03 PM] GET /admin/loginAdmin 
[12/31/2025, 2:04:03 PM] GET /admin/loginAdmin 
[12/31/2025, 2:04:03 PM] GET /admin/loginAdmin 
[12/31/2025, 2:04:03 PM] GET /admin/loginAdmin 
[12/31/2025, 2:04:04 PM] GET /admin/loginAdmin 
[12/31/2025, 2:04:04 PM] GET /admin/loginAdmin 
[12/31/2025, 2:04:04 PM] GET /admin/loginAdmin 
[12/31/2025, 2:04:04 PM] GET /admin/loginAdmin 
[12/31/2025, 2:04:04 PM] GET /admin/loginAdmin 
[12/31/2025, 2:04:04 PM] GET /admin/loginAdmin 
[12/31/2025, 2:04:04 PM] GET /admin/loginAdmin 
[12/31/2025, 2:04:04 PM] GET /admin/loginAdmin 
[12/31/2025, 2:04:04 PM] GET /admin/loginAdmin 
[12/31/2025, 2:04:04 PM] GET /admin/loginAdmin 
[12/31/2025, 2:04:04 PM] GET /admin/loginAdmin 
[12/31/2025, 2:04:04 PM] GET /admin/loginAdmin 
[12/31/2025, 2:04:04 PM] GET /admin/loginAdmin 
[12/31/2025, 2:04:04 PM] GET /admin/loginAdmin 
[12/31/2025, 2:04:04 PM] GET /admin/loginAdmin 
[12/31/2025, 2:04:04 PM] GET /admin/loginAdmin 
[12/31/2025, 2:04:04 PM] GET /admin/loginAdmin 
[12/31/2025, 2:04:04 PM] GET /admin/loginAdmin 
[12/31/2025, 2:04:04 PM] GET /admin/loginAdmin 
[12/31/2025, 2:04:04 PM] GET /admin/loginAdmin 
[12/31/2025, 2:04:06 PM] GET / 
[12/31/2025, 2:04:06 PM] GET /admin/loginAdmin 
[12/31/2025, 2:04:06 PM] GET /admin/loginAdmin 
[12/31/2025, 2:04:06 PM] GET /admin/loginAdmin 
[12/31/2025, 2:04:06 PM] GET /admin/loginAdmin 
[12/31/2025, 2:04:06 PM] GET /admin/loginAdmin 
[12/31/2025, 2:04:06 PM] GET /admin/loginAdmin 
[12/31/2025, 2:04:06 PM] GET /admin/loginAdmin 
[12/31/2025, 2:04:06 PM] GET /admin/loginAdmin 
[12/31/2025, 2:04:06 PM] GET /admin/loginAdmin 
[12/31/2025, 2:04:06 PM] GET /admin/loginAdmin 
[12/31/2025, 2:04:06 PM] GET /admin/loginAdmin 
[12/31/2025, 2:04:06 PM] GET /admin/loginAdmin 
[12/31/2025, 2:04:06 PM] GET /admin/loginAdmin 
[12/31/2025, 2:04:06 PM] GET /admin/loginAdmin 
[12/31/2025, 2:04:06 PM] GET /admin/loginAdmin 
[12/31/2025, 2:04:06 PM] GET /admin/loginAdmin 
[12/31/2025, 2:04:06 PM] GET /admin/loginAdmin 
[12/31/2025, 2:04:06 PM] GET /admin/loginAdmin 
[12/31/2025, 2:04:06 PM] GET /admin/loginAdmin 
[12/31/2025, 2:04:07 PM] GET / 
[12/31/2025, 2:04:07 PM] GET /admin/loginAdmin 
[12/31/2025, 2:04:07 PM] GET /admin/loginAdmin 
[12/31/2025, 2:04:07 PM] GET /admin/loginAdmin 
[12/31/2025, 2:04:07 PM] GET /admin/loginAdmin 
[12/31/2025, 2:04:07 PM] GET /admin/loginAdmin 
[12/31/2025, 2:04:07 PM] GET /admin/loginAdmin 
[12/31/2025, 2:04:07 PM] GET /admin/loginAdmin 
[12/31/2025, 2:04:07 PM] GET /admin/loginAdmin 
[12/31/2025, 2:04:07 PM] GET /admin/loginAdmin 
[12/31/2025, 2:04:07 PM] GET /admin/loginAdmin 
[12/31/2025, 2:04:07 PM] GET /admin/loginAdmin 
[12/31/2025, 2:04:07 PM] GET /admin/loginAdmin 
[12/31/2025, 2:04:07 PM] GET /admin/loginAdmin 
[12/31/2025, 2:04:07 PM] GET /admin/loginAdmin 
[12/31/2025, 2:04:07 PM] GET /admin/loginAdmin 
[12/31/2025, 2:04:07 PM] GET /admin/loginAdmin 
[12/31/2025, 2:04:07 PM] GET /admin/loginAdmin 
[12/31/2025, 2:04:07 PM] GET /admin/loginAdmin 
[12/31/2025, 2:04:07 PM] GET /admin/loginAdmin 
[12/31/2025, 2:04:08 PM] GET /admin/loginAdmin 
[12/31/2025, 2:04:08 PM] GET /admin/loginAdmin 
[12/31/2025, 2:04:08 PM] GET /admin/loginAdmin 
[12/31/2025, 2:04:08 PM] GET /admin/loginAdmin 
[12/31/2025, 2:04:08 PM] GET /admin/loginAdmin 
[12/31/2025, 2:04:08 PM] GET /admin/loginAdmin 
[12/31/2025, 2:04:08 PM] GET /admin/loginAdmin 
[12/31/2025, 2:04:08 PM] GET /admin/loginAdmin 
[12/31/2025, 2:04:08 PM] GET /admin/loginAdmin 
[12/31/2025, 2:04:08 PM] GET /admin/loginAdmin 
[12/31/2025, 2:04:08 PM] GET /admin/loginAdmin 
[12/31/2025, 2:04:08 PM] GET /admin/loginAdmin 
[12/31/2025, 2:04:08 PM] GET /admin/loginAdmin 
[12/31/2025, 2:04:08 PM] GET /admin/loginAdmin 
[12/31/2025, 2:04:08 PM] GET /admin/loginAdmin 
[12/31/2025, 2:04:08 PM] GET /admin/loginAdmin 
[12/31/2025, 2:04:08 PM] GET /admin/loginAdmin 
[12/31/2025, 2:04:08 PM] GET /admin/loginAdmin 
[12/31/2025, 2:04:08 PM] GET /admin/loginAdmin 
[12/31/2025, 2:04:08 PM] GET /admin/loginAdmin 
[12/31/2025, 2:04:13 PM] GET /admin/loginAdmin 
[12/31/2025, 2:04:13 PM] GET /admin/loginAdmin 
[12/31/2025, 2:04:13 PM] GET /admin/loginAdmin 
[12/31/2025, 2:04:13 PM] GET /admin/loginAdmin 
[12/31/2025, 2:04:13 PM] GET /admin/loginAdmin 
[12/31/2025, 2:04:13 PM] GET /admin/loginAdmin 
[12/31/2025, 2:04:13 PM] GET /admin/loginAdmin 
[12/31/2025, 2:04:13 PM] GET /admin/loginAdmin 
[12/31/2025, 2:04:13 PM] GET /admin/loginAdmin 
[12/31/2025, 2:04:13 PM] GET /admin/loginAdmin 
[12/31/2025, 2:04:13 PM] GET /admin/loginAdmin 
[12/31/2025, 2:04:13 PM] GET /admin/loginAdmin 
[12/31/2025, 2:04:13 PM] GET /admin/loginAdmin 
[12/31/2025, 2:04:13 PM] GET /admin/loginAdmin 
[12/31/2025, 2:04:13 PM] GET /admin/loginAdmin 
[12/31/2025, 2:04:13 PM] GET /admin/loginAdmin 
[12/31/2025, 2:04:13 PM] GET /admin/loginAdmin 
[12/31/2025, 2:04:13 PM] GET /admin/loginAdmin 
[12/31/2025, 2:04:13 PM] GET /admin/loginAdmin 
[12/31/2025, 2:04:13 PM] GET /admin/loginAdmin 
[12/31/2025, 2:04:33 PM] GET /admin/loginAdmin 
[12/31/2025, 2:04:36 PM] GET / 
[12/31/2025, 2:04:39 PM] GET /login 
[12/31/2025, 2:04:45 PM] POST /login 
[12/31/2025, 2:04:45 PM] GET /admin 
[12/31/2025, 2:10:17 PM] GET / 
[12/31/2025, 2:10:19 PM] GET /login 
[12/31/2025, 2:10:26 PM] POST /login 
[12/31/2025, 2:10:26 PM] GET /admin 
[12/31/2025, 2:11:21 PM] POST /login 
[12/31/2025, 2:11:21 PM] GET /admin 
[12/31/2025, 2:11:25 PM] GET /admin 
[12/31/2025, 2:11:53 PM] POST /login 
[12/31/2025, 2:11:54 PM] GET /admin 
[12/31/2025, 2:12:32 PM] POST /login 
[12/31/2025, 2:12:32 PM] GET /admin/admin 
[12/31/2025, 2:13:08 PM] POST /login 
[12/31/2025, 2:13:08 PM] GET / 
[12/31/2025, 2:17:53 PM] GET /logout 
[12/31/2025, 2:17:54 PM] GET / 
[12/31/2025, 2:17:56 PM] GET /login 
[12/31/2025, 2:18:03 PM] POST /login 
[12/31/2025, 2:18:03 PM] GET / 
[12/31/2025, 2:18:39 PM] GET /logout 
[12/31/2025, 2:18:39 PM] GET / 
[12/31/2025, 2:18:42 PM] GET /login 
[12/31/2025, 2:18:48 PM] POST /login 
[12/31/2025, 2:18:48 PM] GET /admin 
[12/31/2025, 2:18:55 PM] GET / 
[12/31/2025, 2:18:59 PM] GET /loginAdmin 
[12/31/2025, 2:19:33 PM] GET /admin/loginAdmin 
[12/31/2025, 2:20:21 PM] POST /login 
[12/31/2025, 2:20:21 PM] GET /admin 
[12/31/2025, 2:20:40 PM] POST /login 
[12/31/2025, 2:20:40 PM] GET /admin 
[12/31/2025, 2:20:57 PM] GET /admin/loginAdmin 
[12/31/2025, 2:21:05 PM] GET /loginAdmin 
[12/31/2025, 2:21:30 PM] GET /admin 
[12/31/2025, 2:21:30 PM] GET /admin/loginAdmin 
[12/31/2025, 2:21:30 PM] GET /admin/admin/loginAdmin 
[12/31/2025, 2:21:30 PM] GET /admin/admin/admin/loginAdmin 
[12/31/2025, 2:21:30 PM] GET /admin/admin/admin/admin/loginAdmin 
[12/31/2025, 2:21:30 PM] GET /admin/admin/admin/admin/admin/loginAdmin 
[12/31/2025, 2:21:30 PM] GET /admin/admin/admin/admin/admin/admin/loginAdmin 
[12/31/2025, 2:21:30 PM] GET /admin/admin/admin/admin/admin/admin/admin/loginAdmin 
[12/31/2025, 2:21:30 PM] GET /admin/admin/admin/admin/admin/admin/admin/admin/loginAdmin 
[12/31/2025, 2:21:30 PM] GET /admin/admin/admin/admin/admin/admin/admin/admin/admin/loginAdmin 
[12/31/2025, 2:21:30 PM] GET /admin/admin/admin/admin/admin/admin/admin/admin/admin/admin/loginAdmin 
[12/31/2025, 2:21:30 PM] GET /admin/admin/admin/admin/admin/admin/admin/admin/admin/admin/admin/loginAdmin 
[12/31/2025, 2:21:30 PM] GET /admin/admin/admin/admin/admin/admin/admin/admin/admin/admin/admin/admin/loginAdmin 
[12/31/2025, 2:21:30 PM] GET /admin/admin/admin/admin/admin/admin/admin/admin/admin/admin/admin/admin/admin/loginAdmin 
[12/31/2025, 2:21:30 PM] GET /admin/admin/admin/admin/admin/admin/admin/admin/admin/admin/admin/admin/admin/admin/loginAdmin 
[12/31/2025, 2:21:30 PM] GET /admin/admin/admin/admin/admin/admin/admin/admin/admin/admin/admin/admin/admin/admin/admin/loginAdmin 
[12/31/2025, 2:21:30 PM] GET /admin/admin/admin/admin/admin/admin/admin/admin/admin/admin/admin/admin/admin/admin/admin/admin/loginAdmin 
[12/31/2025, 2:21:30 PM] GET /admin/admin/admin/admin/admin/admin/admin/admin/admin/admin/admin/admin/admin/admin/admin/admin/admin/loginAdmin 
[12/31/2025, 2:21:30 PM] GET /admin/admin/admin/admin/admin/admin/admin/admin/admin/admin/admin/admin/admin/admin/admin/admin/admin/admin/loginAdmin 
[12/31/2025, 2:21:30 PM] GET /admin/admin/admin/admin/admin/admin/admin/admin/admin/admin/admin/admin/admin/admin/admin/admin/admin/admin/admin/loginAdmin 
[12/31/2025, 2:21:33 PM] GET /admin/products 
[12/31/2025, 2:21:33 PM] GET /admin/admin/loginAdmin 
[12/31/2025, 2:21:33 PM] GET /admin/admin/admin/loginAdmin 
[12/31/2025, 2:21:33 PM] GET /admin/admin/admin/admin/loginAdmin 
[12/31/2025, 2:21:33 PM] GET /admin/admin/admin/admin/admin/loginAdmin 
[12/31/2025, 2:21:33 PM] GET /admin/admin/admin/admin/admin/admin/loginAdmin 
[12/31/2025, 2:21:33 PM] GET /admin/admin/admin/admin/admin/admin/admin/loginAdmin 
[12/31/2025, 2:21:33 PM] GET /admin/admin/admin/admin/admin/admin/admin/admin/loginAdmin 
[12/31/2025, 2:21:33 PM] GET /admin/admin/admin/admin/admin/admin/admin/admin/admin/loginAdmin 
[12/31/2025, 2:21:33 PM] GET /admin/admin/admin/admin/admin/admin/admin/admin/admin/admin/loginAdmin 
[12/31/2025, 2:21:33 PM] GET /admin/admin/admin/admin/admin/admin/admin/admin/admin/admin/admin/loginAdmin 
[12/31/2025, 2:21:33 PM] GET /admin/admin/admin/admin/admin/admin/admin/admin/admin/admin/admin/admin/loginAdmin 
[12/31/2025, 2:21:33 PM] GET /admin/admin/admin/admin/admin/admin/admin/admin/admin/admin/admin/admin/admin/loginAdmin 
[12/31/2025, 2:21:33 PM] GET /admin/admin/admin/admin/admin/admin/admin/admin/admin/admin/admin/admin/admin/admin/loginAdmin 
[12/31/2025, 2:21:33 PM] GET /admin/admin/admin/admin/admin/admin/admin/admin/admin/admin/admin/admin/admin/admin/admin/loginAdmin 
[12/31/2025, 2:21:33 PM] GET /admin/admin/admin/admin/admin/admin/admin/admin/admin/admin/admin/admin/admin/admin/admin/admin/loginAdmin 
[12/31/2025, 2:21:33 PM] GET /admin/admin/admin/admin/admin/admin/admin/admin/admin/admin/admin/admin/admin/admin/admin/admin/admin/loginAdmin 
[12/31/2025, 2:21:33 PM] GET /admin/admin/admin/admin/admin/admin/admin/admin/admin/admin/admin/admin/admin/admin/admin/admin/admin/admin/loginAdmin 
[12/31/2025, 2:21:33 PM] GET /admin/admin/admin/admin/admin/admin/admin/admin/admin/admin/admin/admin/admin/admin/admin/admin/admin/admin/admin/loginAdmin 
[12/31/2025, 2:21:33 PM] GET /admin/admin/admin/admin/admin/admin/admin/admin/admin/admin/admin/admin/admin/admin/admin/admin/admin/admin/admin/admin/loginAdmin 
[12/31/2025, 2:21:34 PM] GET /admin/admin/admin/admin/admin/admin/admin/admin/admin/admin/admin/admin/admin/admin/admin/admin/admin/admin/admin/admin/loginAdmin 
[12/31/2025, 2:21:34 PM] GET /admin/admin/admin/admin/admin/admin/admin/admin/admin/admin/admin/admin/admin/admin/admin/admin/admin/admin/admin/admin/admin/loginAdmin 
[12/31/2025, 2:21:34 PM] GET /admin/admin/admin/admin/admin/admin/admin/admin/admin/admin/admin/admin/admin/admin/admin/admin/admin/admin/admin/admin/admin/admin/loginAdmin 
[12/31/2025, 2:21:34 PM] GET /admin/admin/admin/admin/admin/admin/admin/admin/admin/admin/admin/admin/admin/admin/admin/admin/admin/admin/admin/admin/admin/admin/admin/loginAdmin 
[12/31/2025, 2:21:34 PM] GET /admin/admin/admin/admin/admin/admin/admin/admin/admin/admin/admin/admin/admin/admin/admin/admin/admin/admin/admin/admin/admin/admin/admin/admin/loginAdmin 
[12/31/2025, 2:21:34 PM] GET /admin/admin/admin/admin/admin/admin/admin/admin/admin/admin/admin/admin/admin/admin/admin/admin/admin/admin/admin/admin/admin/admin/admin/admin/admin/loginAdmin 
[12/31/2025, 2:21:34 PM] GET /admin/admin/admin/admin/admin/admin/admin/admin/admin/admin/admin/admin/admin/admin/admin/admin/admin/admin/admin/admin/admin/admin/admin/admin/admin/admin/loginAdmin 
[12/31/2025, 2:21:34 PM] GET /admin/admin/admin/admin/admin/admin/admin/admin/admin/admin/admin/admin/admin/admin/admin/admin/admin/admin/admin/admin/admin/admin/admin/admin/admin/admin/admin/loginAdmin 
[12/31/2025, 2:21:34 PM] GET /admin/admin/admin/admin/admin/admin/admin/admin/admin/admin/admin/admin/admin/admin/admin/admin/admin/admin/admin/admin/admin/admin/admin/admin/admin/admin/admin/admin/loginAdmin 
[12/31/2025, 2:21:34 PM] GET /admin/admin/admin/admin/admin/admin/admin/admin/admin/admin/admin/admin/admin/admin/admin/admin/admin/admin/admin/admin/admin/admin/admin/admin/admin/admin/admin/admin/admin/loginAdmin 
[12/31/2025, 2:21:34 PM] GET /admin/admin/admin/admin/admin/admin/admin/admin/admin/admin/admin/admin/admin/admin/admin/admin/admin/admin/admin/admin/admin/admin/admin/admin/admin/admin/admin/admin/admin/admin/loginAdmin 
[12/31/2025, 2:21:34 PM] GET /admin/admin/admin/admin/admin/admin/admin/admin/admin/admin/admin/admin/admin/admin/admin/admin/admin/admin/admin/admin/admin/admin/admin/admin/admin/admin/admin/admin/admin/admin/admin/loginAdmin 
[12/31/2025, 2:21:34 PM] GET /admin/admin/admin/admin/admin/admin/admin/admin/admin/admin/admin/admin/admin/admin/admin/admin/admin/admin/admin/admin/admin/admin/admin/admin/admin/admin/admin/admin/admin/admin/admin/admin/loginAdmin 
[12/31/2025, 2:21:34 PM] GET /admin/admin/admin/admin/admin/admin/admin/admin/admin/admin/admin/admin/admin/admin/admin/admin/admin/admin/admin/admin/admin/admin/admin/admin/admin/admin/admin/admin/admin/admin/admin/admin/admin/loginAdmin 
[12/31/2025, 2:21:34 PM] GET /admin/admin/admin/admin/admin/admin/admin/admin/admin/admin/admin/admin/admin/admin/admin/admin/admin/admin/admin/admin/admin/admin/admin/admin/admin/admin/admin/admin/admin/admin/admin/admin/admin/admin/loginAdmin 
[12/31/2025, 2:21:34 PM] GET /admin/admin/admin/admin/admin/admin/admin/admin/admin/admin/admin/admin/admin/admin/admin/admin/admin/admin/admin/admin/admin/admin/admin/admin/admin/admin/admin/admin/admin/admin/admin/admin/admin/admin/admin/loginAdmin 
[12/31/2025, 2:21:34 PM] GET /admin/admin/admin/admin/admin/admin/admin/admin/admin/admin/admin/admin/admin/admin/admin/admin/admin/admin/admin/admin/admin/admin/admin/admin/admin/admin/admin/admin/admin/admin/admin/admin/admin/admin/admin/admin/loginAdmin 
[12/31/2025, 2:21:34 PM] GET /admin/admin/admin/admin/admin/admin/admin/admin/admin/admin/admin/admin/admin/admin/admin/admin/admin/admin/admin/admin/admin/admin/admin/admin/admin/admin/admin/admin/admin/admin/admin/admin/admin/admin/admin/admin/admin/loginAdmin 
[12/31/2025, 2:21:34 PM] GET /admin/admin/admin/admin/admin/admin/admin/admin/admin/admin/admin/admin/admin/admin/admin/admin/admin/admin/admin/admin/admin/admin/admin/admin/admin/admin/admin/admin/admin/admin/admin/admin/admin/admin/admin/admin/admin/admin/loginAdmin 
[12/31/2025, 2:21:34 PM] GET /admin/admin/admin/admin/admin/admin/admin/admin/admin/admin/admin/admin/admin/admin/admin/admin/admin/admin/admin/admin/admin/admin/admin/admin/admin/admin/admin/admin/admin/admin/admin/admin/admin/admin/admin/admin/admin/admin/admin/loginAdmin 
[12/31/2025, 2:21:38 PM] GET /admin 
[12/31/2025, 2:21:38 PM] GET /admin/loginAdmin 
[12/31/2025, 2:21:38 PM] GET /admin/admin/loginAdmin 
[12/31/2025, 2:21:38 PM] GET /admin/admin/admin/loginAdmin 
[12/31/2025, 2:21:38 PM] GET /admin/admin/admin/admin/loginAdmin 
[12/31/2025, 2:21:38 PM] GET /admin/admin/admin/admin/admin/loginAdmin 
[12/31/2025, 2:21:38 PM] GET /admin/admin/admin/admin/admin/admin/loginAdmin 
[12/31/2025, 2:21:38 PM] GET /admin/admin/admin/admin/admin/admin/admin/loginAdmin 
[12/31/2025, 2:21:38 PM] GET /admin/admin/admin/admin/admin/admin/admin/admin/loginAdmin 
[12/31/2025, 2:21:38 PM] GET /admin/admin/admin/admin/admin/admin/admin/admin/admin/loginAdmin 
[12/31/2025, 2:21:38 PM] GET /admin/admin/admin/admin/admin/admin/admin/admin/admin/admin/loginAdmin 
[12/31/2025, 2:21:38 PM] GET /admin/admin/admin/admin/admin/admin/admin/admin/admin/admin/admin/loginAdmin 
[12/31/2025, 2:21:38 PM] GET /admin/admin/admin/admin/admin/admin/admin/admin/admin/admin/admin/admin/loginAdmin 
[12/31/2025, 2:21:38 PM] GET /admin/admin/admin/admin/admin/admin/admin/admin/admin/admin/admin/admin/admin/loginAdmin 
[12/31/2025, 2:21:38 PM] GET /admin/admin/admin/admin/admin/admin/admin/admin/admin/admin/admin/admin/admin/admin/loginAdmin 
[12/31/2025, 2:21:38 PM] GET /admin/admin/admin/admin/admin/admin/admin/admin/admin/admin/admin/admin/admin/admin/admin/loginAdmin 
[12/31/2025, 2:21:38 PM] GET /admin/admin/admin/admin/admin/admin/admin/admin/admin/admin/admin/admin/admin/admin/admin/admin/loginAdmin 
[12/31/2025, 2:21:38 PM] GET /admin/admin/admin/admin/admin/admin/admin/admin/admin/admin/admin/admin/admin/admin/admin/admin/admin/loginAdmin 
[12/31/2025, 2:21:38 PM] GET /admin/admin/admin/admin/admin/admin/admin/admin/admin/admin/admin/admin/admin/admin/admin/admin/admin/admin/loginAdmin 
[12/31/2025, 2:21:38 PM] GET /admin/admin/admin/admin/admin/admin/admin/admin/admin/admin/admin/admin/admin/admin/admin/admin/admin/admin/admin/loginAdmin 
[12/31/2025, 2:21:39 PM] GET /admin/products 
[12/31/2025, 2:21:39 PM] GET /admin/admin/loginAdmin 
[12/31/2025, 2:21:39 PM] GET /admin/admin/admin/loginAdmin 
[12/31/2025, 2:21:39 PM] GET /admin/admin/admin/admin/loginAdmin 
[12/31/2025, 2:21:39 PM] GET /admin/admin/admin/admin/admin/loginAdmin 
[12/31/2025, 2:21:39 PM] GET /admin/admin/admin/admin/admin/admin/loginAdmin 
[12/31/2025, 2:21:39 PM] GET /admin/admin/admin/admin/admin/admin/admin/loginAdmin 
[12/31/2025, 2:21:39 PM] GET /admin/admin/admin/admin/admin/admin/admin/admin/loginAdmin 
[12/31/2025, 2:21:39 PM] GET /admin/admin/admin/admin/admin/admin/admin/admin/admin/loginAdmin 
[12/31/2025, 2:21:39 PM] GET /admin/admin/admin/admin/admin/admin/admin/admin/admin/admin/loginAdmin 
[12/31/2025, 2:21:39 PM] GET /admin/admin/admin/admin/admin/admin/admin/admin/admin/admin/admin/loginAdmin 
[12/31/2025, 2:21:39 PM] GET /admin/admin/admin/admin/admin/admin/admin/admin/admin/admin/admin/admin/loginAdmin 
[12/31/2025, 2:21:39 PM] GET /admin/admin/admin/admin/admin/admin/admin/admin/admin/admin/admin/admin/admin/loginAdmin 
[12/31/2025, 2:21:39 PM] GET /admin/admin/admin/admin/admin/admin/admin/admin/admin/admin/admin/admin/admin/admin/loginAdmin 
[12/31/2025, 2:21:39 PM] GET /admin/admin/admin/admin/admin/admin/admin/admin/admin/admin/admin/admin/admin/admin/admin/loginAdmin 
[12/31/2025, 2:21:39 PM] GET /admin/admin/admin/admin/admin/admin/admin/admin/admin/admin/admin/admin/admin/admin/admin/admin/loginAdmin 
[12/31/2025, 2:21:39 PM] GET /admin/admin/admin/admin/admin/admin/admin/admin/admin/admin/admin/admin/admin/admin/admin/admin/admin/loginAdmin 
[12/31/2025, 2:21:39 PM] GET /admin/admin/admin/admin/admin/admin/admin/admin/admin/admin/admin/admin/admin/admin/admin/admin/admin/admin/loginAdmin 
[12/31/2025, 2:21:39 PM] GET /admin/admin/admin/admin/admin/admin/admin/admin/admin/admin/admin/admin/admin/admin/admin/admin/admin/admin/admin/loginAdmin 
[12/31/2025, 2:21:39 PM] GET /admin/admin/admin/admin/admin/admin/admin/admin/admin/admin/admin/admin/admin/admin/admin/admin/admin/admin/admin/admin/loginAdmin 
[12/31/2025, 2:21:40 PM] GET /admin/admin/admin/admin/admin/admin/admin/admin/admin/admin/admin/admin/admin/admin/admin/admin/admin/admin/admin/admin/loginAdmin 
[12/31/2025, 2:21:40 PM] GET /admin/admin/admin/admin/admin/admin/admin/admin/admin/admin/admin/admin/admin/admin/admin/admin/admin/admin/admin/admin/admin/loginAdmin 
[12/31/2025, 2:21:40 PM] GET /admin/admin/admin/admin/admin/admin/admin/admin/admin/admin/admin/admin/admin/admin/admin/admin/admin/admin/admin/admin/admin/admin/loginAdmin 
[12/31/2025, 2:21:40 PM] GET /admin/admin/admin/admin/admin/admin/admin/admin/admin/admin/admin/admin/admin/admin/admin/admin/admin/admin/admin/admin/admin/admin/admin/loginAdmin 
[12/31/2025, 2:21:40 PM] GET /admin/admin/admin/admin/admin/admin/admin/admin/admin/admin/admin/admin/admin/admin/admin/admin/admin/admin/admin/admin/admin/admin/admin/admin/loginAdmin 
[12/31/2025, 2:21:40 PM] GET /admin/admin/admin/admin/admin/admin/admin/admin/admin/admin/admin/admin/admin/admin/admin/admin/admin/admin/admin/admin/admin/admin/admin/admin/admin/loginAdmin 
[12/31/2025, 2:21:40 PM] GET /admin/admin/admin/admin/admin/admin/admin/admin/admin/admin/admin/admin/admin/admin/admin/admin/admin/admin/admin/admin/admin/admin/admin/admin/admin/admin/loginAdmin 
[12/31/2025, 2:21:40 PM] GET /admin/admin/admin/admin/admin/admin/admin/admin/admin/admin/admin/admin/admin/admin/admin/admin/admin/admin/admin/admin/admin/admin/admin/admin/admin/admin/admin/loginAdmin 
[12/31/2025, 2:21:40 PM] GET /admin/admin/admin/admin/admin/admin/admin/admin/admin/admin/admin/admin/admin/admin/admin/admin/admin/admin/admin/admin/admin/admin/admin/admin/admin/admin/admin/admin/loginAdmin 
[12/31/2025, 2:21:40 PM] GET /admin/admin/admin/admin/admin/admin/admin/admin/admin/admin/admin/admin/admin/admin/admin/admin/admin/admin/admin/admin/admin/admin/admin/admin/admin/admin/admin/admin/admin/loginAdmin 
[12/31/2025, 2:21:40 PM] GET /admin/admin/admin/admin/admin/admin/admin/admin/admin/admin/admin/admin/admin/admin/admin/admin/admin/admin/admin/admin/admin/admin/admin/admin/admin/admin/admin/admin/admin/admin/loginAdmin 
[12/31/2025, 2:21:40 PM] GET /admin/admin/admin/admin/admin/admin/admin/admin/admin/admin/admin/admin/admin/admin/admin/admin/admin/admin/admin/admin/admin/admin/admin/admin/admin/admin/admin/admin/admin/admin/admin/loginAdmin 
[12/31/2025, 2:21:40 PM] GET /admin/admin/admin/admin/admin/admin/admin/admin/admin/admin/admin/admin/admin/admin/admin/admin/admin/admin/admin/admin/admin/admin/admin/admin/admin/admin/admin/admin/admin/admin/admin/admin/loginAdmin 
[12/31/2025, 2:21:40 PM] GET /admin/admin/admin/admin/admin/admin/admin/admin/admin/admin/admin/admin/admin/admin/admin/admin/admin/admin/admin/admin/admin/admin/admin/admin/admin/admin/admin/admin/admin/admin/admin/admin/admin/loginAdmin 
[12/31/2025, 2:21:40 PM] GET /admin/admin/admin/admin/admin/admin/admin/admin/admin/admin/admin/admin/admin/admin/admin/admin/admin/admin/admin/admin/admin/admin/admin/admin/admin/admin/admin/admin/admin/admin/admin/admin/admin/admin/loginAdmin 
[12/31/2025, 2:21:40 PM] GET /admin/admin/admin/admin/admin/admin/admin/admin/admin/admin/admin/admin/admin/admin/admin/admin/admin/admin/admin/admin/admin/admin/admin/admin/admin/admin/admin/admin/admin/admin/admin/admin/admin/admin/admin/loginAdmin 
[12/31/2025, 2:21:40 PM] GET /admin/admin/admin/admin/admin/admin/admin/admin/admin/admin/admin/admin/admin/admin/admin/admin/admin/admin/admin/admin/admin/admin/admin/admin/admin/admin/admin/admin/admin/admin/admin/admin/admin/admin/admin/admin/loginAdmin 
[12/31/2025, 2:21:40 PM] GET /admin/admin/admin/admin/admin/admin/admin/admin/admin/admin/admin/admin/admin/admin/admin/admin/admin/admin/admin/admin/admin/admin/admin/admin/admin/admin/admin/admin/admin/admin/admin/admin/admin/admin/admin/admin/admin/loginAdmin 
[12/31/2025, 2:21:40 PM] GET /admin/admin/admin/admin/admin/admin/admin/admin/admin/admin/admin/admin/admin/admin/admin/admin/admin/admin/admin/admin/admin/admin/admin/admin/admin/admin/admin/admin/admin/admin/admin/admin/admin/admin/admin/admin/admin/admin/loginAdmin 
[12/31/2025, 2:21:40 PM] GET /admin/admin/admin/admin/admin/admin/admin/admin/admin/admin/admin/admin/admin/admin/admin/admin/admin/admin/admin/admin/admin/admin/admin/admin/admin/admin/admin/admin/admin/admin/admin/admin/admin/admin/admin/admin/admin/admin/admin/loginAdmin 
[12/31/2025, 2:21:45 PM] GET /admin/admin/admin/admin/admin/admin/admin/admin/admin/admin/admin/admin/admin/admin/admin/admin/admin/admin/admin/admin/admin/admin/admin/admin/admin/admin/admin/admin/admin/admin/admin/admin/admin/admin/admin/admin/admin/admin/admin/loginAdmin 
[12/31/2025, 2:21:45 PM] GET /admin/admin/admin/admin/admin/admin/admin/admin/admin/admin/admin/admin/admin/admin/admin/admin/admin/admin/admin/admin/admin/admin/admin/admin/admin/admin/admin/admin/admin/admin/admin/admin/admin/admin/admin/admin/admin/admin/admin/admin/loginAdmin 
[12/31/2025, 2:21:45 PM] GET /admin/admin/admin/admin/admin/admin/admin/admin/admin/admin/admin/admin/admin/admin/admin/admin/admin/admin/admin/admin/admin/admin/admin/admin/admin/admin/admin/admin/admin/admin/admin/admin/admin/admin/admin/admin/admin/admin/admin/admin/admin/loginAdmin 
[12/31/2025, 2:21:45 PM] GET /admin/admin/admin/admin/admin/admin/admin/admin/admin/admin/admin/admin/admin/admin/admin/admin/admin/admin/admin/admin/admin/admin/admin/admin/admin/admin/admin/admin/admin/admin/admin/admin/admin/admin/admin/admin/admin/admin/admin/admin/admin/admin/loginAdmin 
[12/31/2025, 2:21:45 PM] GET /admin/admin/admin/admin/admin/admin/admin/admin/admin/admin/admin/admin/admin/admin/admin/admin/admin/admin/admin/admin/admin/admin/admin/admin/admin/admin/admin/admin/admin/admin/admin/admin/admin/admin/admin/admin/admin/admin/admin/admin/admin/admin/admin/loginAdmin 
[12/31/2025, 2:21:45 PM] GET /admin/admin/admin/admin/admin/admin/admin/admin/admin/admin/admin/admin/admin/admin/admin/admin/admin/admin/admin/admin/admin/admin/admin/admin/admin/admin/admin/admin/admin/admin/admin/admin/admin/admin/admin/admin/admin/admin/admin/admin/admin/admin/admin/admin/loginAdmin 
[12/31/2025, 2:21:45 PM] GET /admin/admin/admin/admin/admin/admin/admin/admin/admin/admin/admin/admin/admin/admin/admin/admin/admin/admin/admin/admin/admin/admin/admin/admin/admin/admin/admin/admin/admin/admin/admin/admin/admin/admin/admin/admin/admin/admin/admin/admin/admin/admin/admin/admin/admin/loginAdmin 
[12/31/2025, 2:21:45 PM] GET /admin/admin/admin/admin/admin/admin/admin/admin/admin/admin/admin/admin/admin/admin/admin/admin/admin/admin/admin/admin/admin/admin/admin/admin/admin/admin/admin/admin/admin/admin/admin/admin/admin/admin/admin/admin/admin/admin/admin/admin/admin/admin/admin/admin/admin/admin/loginAdmin 
[12/31/2025, 2:21:45 PM] GET /admin/admin/admin/admin/admin/admin/admin/admin/admin/admin/admin/admin/admin/admin/admin/admin/admin/admin/admin/admin/admin/admin/admin/admin/admin/admin/admin/admin/admin/admin/admin/admin/admin/admin/admin/admin/admin/admin/admin/admin/admin/admin/admin/admin/admin/admin/admin/loginAdmin 
[12/31/2025, 2:21:45 PM] GET /admin/admin/admin/admin/admin/admin/admin/admin/admin/admin/admin/admin/admin/admin/admin/admin/admin/admin/admin/admin/admin/admin/admin/admin/admin/admin/admin/admin/admin/admin/admin/admin/admin/admin/admin/admin/admin/admin/admin/admin/admin/admin/admin/admin/admin/admin/admin/admin/loginAdmin 
[12/31/2025, 2:21:45 PM] GET /admin/admin/admin/admin/admin/admin/admin/admin/admin/admin/admin/admin/admin/admin/admin/admin/admin/admin/admin/admin/admin/admin/admin/admin/admin/admin/admin/admin/admin/admin/admin/admin/admin/admin/admin/admin/admin/admin/admin/admin/admin/admin/admin/admin/admin/admin/admin/admin/admin/loginAdmin 
[12/31/2025, 2:21:45 PM] GET /admin/admin/admin/admin/admin/admin/admin/admin/admin/admin/admin/admin/admin/admin/admin/admin/admin/admin/admin/admin/admin/admin/admin/admin/admin/admin/admin/admin/admin/admin/admin/admin/admin/admin/admin/admin/admin/admin/admin/admin/admin/admin/admin/admin/admin/admin/admin/admin/admin/admin/loginAdmin 
[12/31/2025, 2:21:45 PM] GET /admin/admin/admin/admin/admin/admin/admin/admin/admin/admin/admin/admin/admin/admin/admin/admin/admin/admin/admin/admin/admin/admin/admin/admin/admin/admin/admin/admin/admin/admin/admin/admin/admin/admin/admin/admin/admin/admin/admin/admin/admin/admin/admin/admin/admin/admin/admin/admin/admin/admin/admin/loginAdmin 
[12/31/2025, 2:21:45 PM] GET /admin/admin/admin/admin/admin/admin/admin/admin/admin/admin/admin/admin/admin/admin/admin/admin/admin/admin/admin/admin/admin/admin/admin/admin/admin/admin/admin/admin/admin/admin/admin/admin/admin/admin/admin/admin/admin/admin/admin/admin/admin/admin/admin/admin/admin/admin/admin/admin/admin/admin/admin/admin/loginAdmin 
[12/31/2025, 2:21:45 PM] GET /admin/admin/admin/admin/admin/admin/admin/admin/admin/admin/admin/admin/admin/admin/admin/admin/admin/admin/admin/admin/admin/admin/admin/admin/admin/admin/admin/admin/admin/admin/admin/admin/admin/admin/admin/admin/admin/admin/admin/admin/admin/admin/admin/admin/admin/admin/admin/admin/admin/admin/admin/admin/admin/loginAdmin 
[12/31/2025, 2:21:45 PM] GET /admin/admin/admin/admin/admin/admin/admin/admin/admin/admin/admin/admin/admin/admin/admin/admin/admin/admin/admin/admin/admin/admin/admin/admin/admin/admin/admin/admin/admin/admin/admin/admin/admin/admin/admin/admin/admin/admin/admin/admin/admin/admin/admin/admin/admin/admin/admin/admin/admin/admin/admin/admin/admin/admin/loginAdmin 
[12/31/2025, 2:21:45 PM] GET /admin/admin/admin/admin/admin/admin/admin/admin/admin/admin/admin/admin/admin/admin/admin/admin/admin/admin/admin/admin/admin/admin/admin/admin/admin/admin/admin/admin/admin/admin/admin/admin/admin/admin/admin/admin/admin/admin/admin/admin/admin/admin/admin/admin/admin/admin/admin/admin/admin/admin/admin/admin/admin/admin/admin/loginAdmin 
[12/31/2025, 2:21:45 PM] GET /admin/admin/admin/admin/admin/admin/admin/admin/admin/admin/admin/admin/admin/admin/admin/admin/admin/admin/admin/admin/admin/admin/admin/admin/admin/admin/admin/admin/admin/admin/admin/admin/admin/admin/admin/admin/admin/admin/admin/admin/admin/admin/admin/admin/admin/admin/admin/admin/admin/admin/admin/admin/admin/admin/admin/admin/loginAdmin 
[12/31/2025, 2:21:45 PM] GET /admin/admin/admin/admin/admin/admin/admin/admin/admin/admin/admin/admin/admin/admin/admin/admin/admin/admin/admin/admin/admin/admin/admin/admin/admin/admin/admin/admin/admin/admin/admin/admin/admin/admin/admin/admin/admin/admin/admin/admin/admin/admin/admin/admin/admin/admin/admin/admin/admin/admin/admin/admin/admin/admin/admin/admin/admin/loginAdmin 
[12/31/2025, 2:21:45 PM] GET /admin/admin/admin/admin/admin/admin/admin/admin/admin/admin/admin/admin/admin/admin/admin/admin/admin/admin/admin/admin/admin/admin/admin/admin/admin/admin/admin/admin/admin/admin/admin/admin/admin/admin/admin/admin/admin/admin/admin/admin/admin/admin/admin/admin/admin/admin/admin/admin/admin/admin/admin/admin/admin/admin/admin/admin/admin/admin/loginAdmin 
[12/31/2025, 2:22:06 PM] GET / 
[12/31/2025, 2:22:07 PM] GET /admin 
[12/31/2025, 2:22:07 PM] GET /admin/loginAdmin 
[12/31/2025, 2:22:07 PM] GET /admin/admin/loginAdmin 
[12/31/2025, 2:22:07 PM] GET /admin/admin/admin/loginAdmin 
[12/31/2025, 2:22:07 PM] GET /admin/admin/admin/admin/loginAdmin 
[12/31/2025, 2:22:07 PM] GET /admin/admin/admin/admin/admin/loginAdmin 
[12/31/2025, 2:22:07 PM] GET /admin/admin/admin/admin/admin/admin/loginAdmin 
[12/31/2025, 2:22:07 PM] GET /admin/admin/admin/admin/admin/admin/admin/loginAdmin 
[12/31/2025, 2:22:07 PM] GET /admin/admin/admin/admin/admin/admin/admin/admin/loginAdmin 
[12/31/2025, 2:22:07 PM] GET /admin/admin/admin/admin/admin/admin/admin/admin/admin/loginAdmin 
[12/31/2025, 2:22:07 PM] GET /admin/admin/admin/admin/admin/admin/admin/admin/admin/admin/loginAdmin 
[12/31/2025, 2:22:07 PM] GET /admin/admin/admin/admin/admin/admin/admin/admin/admin/admin/admin/loginAdmin 
[12/31/2025, 2:22:07 PM] GET /admin/admin/admin/admin/admin/admin/admin/admin/admin/admin/admin/admin/loginAdmin 
[12/31/2025, 2:22:07 PM] GET /admin/admin/admin/admin/admin/admin/admin/admin/admin/admin/admin/admin/admin/loginAdmin 
[12/31/2025, 2:22:07 PM] GET /admin/admin/admin/admin/admin/admin/admin/admin/admin/admin/admin/admin/admin/admin/loginAdmin 
[12/31/2025, 2:22:07 PM] GET /admin/admin/admin/admin/admin/admin/admin/admin/admin/admin/admin/admin/admin/admin/admin/loginAdmin 
[12/31/2025, 2:22:07 PM] GET /admin/admin/admin/admin/admin/admin/admin/admin/admin/admin/admin/admin/admin/admin/admin/admin/loginAdmin 
[12/31/2025, 2:22:07 PM] GET /admin/admin/admin/admin/admin/admin/admin/admin/admin/admin/admin/admin/admin/admin/admin/admin/admin/loginAdmin 
[12/31/2025, 2:22:07 PM] GET /admin/admin/admin/admin/admin/admin/admin/admin/admin/admin/admin/admin/admin/admin/admin/admin/admin/admin/loginAdmin 
[12/31/2025, 2:22:07 PM] GET /admin/admin/admin/admin/admin/admin/admin/admin/admin/admin/admin/admin/admin/admin/admin/admin/admin/admin/admin/loginAdmin 
[12/31/2025, 2:22:08 PM] GET /admin/admin/admin/admin/admin/admin/admin/admin/admin/admin/admin/admin/admin/admin/admin/admin/admin/admin/admin/loginAdmin 
[12/31/2025, 2:22:09 PM] GET /admin/admin/admin/admin/admin/admin/admin/admin/admin/admin/admin/admin/admin/admin/admin/admin/admin/admin/admin/admin/loginAdmin 
[12/31/2025, 2:22:09 PM] GET /admin/admin/admin/admin/admin/admin/admin/admin/admin/admin/admin/admin/admin/admin/admin/admin/admin/admin/admin/admin/admin/loginAdmin 
[12/31/2025, 2:22:09 PM] GET /admin/admin/admin/admin/admin/admin/admin/admin/admin/admin/admin/admin/admin/admin/admin/admin/admin/admin/admin/admin/admin/admin/loginAdmin 
[12/31/2025, 2:22:09 PM] GET /admin/admin/admin/admin/admin/admin/admin/admin/admin/admin/admin/admin/admin/admin/admin/admin/admin/admin/admin/admin/admin/admin/admin/loginAdmin 
[12/31/2025, 2:22:09 PM] GET /admin/admin/admin/admin/admin/admin/admin/admin/admin/admin/admin/admin/admin/admin/admin/admin/admin/admin/admin/admin/admin/admin/admin/admin/loginAdmin 
[12/31/2025, 2:22:09 PM] GET /admin/admin/admin/admin/admin/admin/admin/admin/admin/admin/admin/admin/admin/admin/admin/admin/admin/admin/admin/admin/admin/admin/admin/admin/admin/loginAdmin 
[12/31/2025, 2:22:09 PM] GET /admin/admin/admin/admin/admin/admin/admin/admin/admin/admin/admin/admin/admin/admin/admin/admin/admin/admin/admin/admin/admin/admin/admin/admin/admin/admin/loginAdmin 
[12/31/2025, 2:22:09 PM] GET /admin/admin/admin/admin/admin/admin/admin/admin/admin/admin/admin/admin/admin/admin/admin/admin/admin/admin/admin/admin/admin/admin/admin/admin/admin/admin/admin/loginAdmin 
[12/31/2025, 2:22:09 PM] GET /admin/admin/admin/admin/admin/admin/admin/admin/admin/admin/admin/admin/admin/admin/admin/admin/admin/admin/admin/admin/admin/admin/admin/admin/admin/admin/admin/admin/loginAdmin 
[12/31/2025, 2:22:09 PM] GET /admin/admin/admin/admin/admin/admin/admin/admin/admin/admin/admin/admin/admin/admin/admin/admin/admin/admin/admin/admin/admin/admin/admin/admin/admin/admin/admin/admin/admin/loginAdmin 
[12/31/2025, 2:22:09 PM] GET /admin/admin/admin/admin/admin/admin/admin/admin/admin/admin/admin/admin/admin/admin/admin/admin/admin/admin/admin/admin/admin/admin/admin/admin/admin/admin/admin/admin/admin/admin/loginAdmin 
[12/31/2025, 2:22:09 PM] GET /admin/admin/admin/admin/admin/admin/admin/admin/admin/admin/admin/admin/admin/admin/admin/admin/admin/admin/admin/admin/admin/admin/admin/admin/admin/admin/admin/admin/admin/admin/admin/loginAdmin 
[12/31/2025, 2:22:09 PM] GET /admin/admin/admin/admin/admin/admin/admin/admin/admin/admin/admin/admin/admin/admin/admin/admin/admin/admin/admin/admin/admin/admin/admin/admin/admin/admin/admin/admin/admin/admin/admin/admin/loginAdmin 
[12/31/2025, 2:22:09 PM] GET /admin/admin/admin/admin/admin/admin/admin/admin/admin/admin/admin/admin/admin/admin/admin/admin/admin/admin/admin/admin/admin/admin/admin/admin/admin/admin/admin/admin/admin/admin/admin/admin/admin/loginAdmin 
[12/31/2025, 2:22:09 PM] GET /admin/admin/admin/admin/admin/admin/admin/admin/admin/admin/admin/admin/admin/admin/admin/admin/admin/admin/admin/admin/admin/admin/admin/admin/admin/admin/admin/admin/admin/admin/admin/admin/admin/admin/loginAdmin 
[12/31/2025, 2:22:09 PM] GET /admin/admin/admin/admin/admin/admin/admin/admin/admin/admin/admin/admin/admin/admin/admin/admin/admin/admin/admin/admin/admin/admin/admin/admin/admin/admin/admin/admin/admin/admin/admin/admin/admin/admin/admin/loginAdmin 
[12/31/2025, 2:22:09 PM] GET /admin/admin/admin/admin/admin/admin/admin/admin/admin/admin/admin/admin/admin/admin/admin/admin/admin/admin/admin/admin/admin/admin/admin/admin/admin/admin/admin/admin/admin/admin/admin/admin/admin/admin/admin/admin/loginAdmin 
[12/31/2025, 2:22:09 PM] GET /admin/admin/admin/admin/admin/admin/admin/admin/admin/admin/admin/admin/admin/admin/admin/admin/admin/admin/admin/admin/admin/admin/admin/admin/admin/admin/admin/admin/admin/admin/admin/admin/admin/admin/admin/admin/admin/loginAdmin 
[12/31/2025, 2:22:09 PM] GET /admin/admin/admin/admin/admin/admin/admin/admin/admin/admin/admin/admin/admin/admin/admin/admin/admin/admin/admin/admin/admin/admin/admin/admin/admin/admin/admin/admin/admin/admin/admin/admin/admin/admin/admin/admin/admin/admin/loginAdmin 
[12/31/2025, 2:22:14 PM] GET /admin/admin/admin/admin/admin/admin/admin/admin/admin/admin/admin/admin/admin/admin/admin/admin/admin/admin/admin/admin/admin/admin/admin/admin/admin/admin/admin/admin/admin/admin/admin/admin/admin/admin/admin/admin/admin/admin/loginAdmin 
[12/31/2025, 2:22:14 PM] GET /admin/admin/admin/admin/admin/admin/admin/admin/admin/admin/admin/admin/admin/admin/admin/admin/admin/admin/admin/admin/admin/admin/admin/admin/admin/admin/admin/admin/admin/admin/admin/admin/admin/admin/admin/admin/admin/admin/admin/loginAdmin 
[12/31/2025, 2:22:14 PM] GET /admin/admin/admin/admin/admin/admin/admin/admin/admin/admin/admin/admin/admin/admin/admin/admin/admin/admin/admin/admin/admin/admin/admin/admin/admin/admin/admin/admin/admin/admin/admin/admin/admin/admin/admin/admin/admin/admin/admin/admin/loginAdmin 
[12/31/2025, 2:22:14 PM] GET /admin/admin/admin/admin/admin/admin/admin/admin/admin/admin/admin/admin/admin/admin/admin/admin/admin/admin/admin/admin/admin/admin/admin/admin/admin/admin/admin/admin/admin/admin/admin/admin/admin/admin/admin/admin/admin/admin/admin/admin/admin/loginAdmin 
[12/31/2025, 2:22:14 PM] GET /admin/admin/admin/admin/admin/admin/admin/admin/admin/admin/admin/admin/admin/admin/admin/admin/admin/admin/admin/admin/admin/admin/admin/admin/admin/admin/admin/admin/admin/admin/admin/admin/admin/admin/admin/admin/admin/admin/admin/admin/admin/admin/loginAdmin 
[12/31/2025, 2:22:14 PM] GET /admin/admin/admin/admin/admin/admin/admin/admin/admin/admin/admin/admin/admin/admin/admin/admin/admin/admin/admin/admin/admin/admin/admin/admin/admin/admin/admin/admin/admin/admin/admin/admin/admin/admin/admin/admin/admin/admin/admin/admin/admin/admin/admin/loginAdmin 
[12/31/2025, 2:22:14 PM] GET /admin/admin/admin/admin/admin/admin/admin/admin/admin/admin/admin/admin/admin/admin/admin/admin/admin/admin/admin/admin/admin/admin/admin/admin/admin/admin/admin/admin/admin/admin/admin/admin/admin/admin/admin/admin/admin/admin/admin/admin/admin/admin/admin/admin/loginAdmin 
[12/31/2025, 2:22:14 PM] GET /admin/admin/admin/admin/admin/admin/admin/admin/admin/admin/admin/admin/admin/admin/admin/admin/admin/admin/admin/admin/admin/admin/admin/admin/admin/admin/admin/admin/admin/admin/admin/admin/admin/admin/admin/admin/admin/admin/admin/admin/admin/admin/admin/admin/admin/loginAdmin 
[12/31/2025, 2:22:14 PM] GET /admin/admin/admin/admin/admin/admin/admin/admin/admin/admin/admin/admin/admin/admin/admin/admin/admin/admin/admin/admin/admin/admin/admin/admin/admin/admin/admin/admin/admin/admin/admin/admin/admin/admin/admin/admin/admin/admin/admin/admin/admin/admin/admin/admin/admin/admin/loginAdmin 
[12/31/2025, 2:22:14 PM] GET /admin/admin/admin/admin/admin/admin/admin/admin/admin/admin/admin/admin/admin/admin/admin/admin/admin/admin/admin/admin/admin/admin/admin/admin/admin/admin/admin/admin/admin/admin/admin/admin/admin/admin/admin/admin/admin/admin/admin/admin/admin/admin/admin/admin/admin/admin/admin/loginAdmin 
[12/31/2025, 2:22:14 PM] GET /admin/admin/admin/admin/admin/admin/admin/admin/admin/admin/admin/admin/admin/admin/admin/admin/admin/admin/admin/admin/admin/admin/admin/admin/admin/admin/admin/admin/admin/admin/admin/admin/admin/admin/admin/admin/admin/admin/admin/admin/admin/admin/admin/admin/admin/admin/admin/admin/loginAdmin 
[12/31/2025, 2:22:14 PM] GET /admin/admin/admin/admin/admin/admin/admin/admin/admin/admin/admin/admin/admin/admin/admin/admin/admin/admin/admin/admin/admin/admin/admin/admin/admin/admin/admin/admin/admin/admin/admin/admin/admin/admin/admin/admin/admin/admin/admin/admin/admin/admin/admin/admin/admin/admin/admin/admin/admin/loginAdmin 
[12/31/2025, 2:22:14 PM] GET /admin/admin/admin/admin/admin/admin/admin/admin/admin/admin/admin/admin/admin/admin/admin/admin/admin/admin/admin/admin/admin/admin/admin/admin/admin/admin/admin/admin/admin/admin/admin/admin/admin/admin/admin/admin/admin/admin/admin/admin/admin/admin/admin/admin/admin/admin/admin/admin/admin/admin/loginAdmin 
[12/31/2025, 2:22:14 PM] GET /admin/admin/admin/admin/admin/admin/admin/admin/admin/admin/admin/admin/admin/admin/admin/admin/admin/admin/admin/admin/admin/admin/admin/admin/admin/admin/admin/admin/admin/admin/admin/admin/admin/admin/admin/admin/admin/admin/admin/admin/admin/admin/admin/admin/admin/admin/admin/admin/admin/admin/admin/loginAdmin 
[12/31/2025, 2:22:14 PM] GET /admin/admin/admin/admin/admin/admin/admin/admin/admin/admin/admin/admin/admin/admin/admin/admin/admin/admin/admin/admin/admin/admin/admin/admin/admin/admin/admin/admin/admin/admin/admin/admin/admin/admin/admin/admin/admin/admin/admin/admin/admin/admin/admin/admin/admin/admin/admin/admin/admin/admin/admin/admin/loginAdmin 
[12/31/2025, 2:22:14 PM] GET /admin/admin/admin/admin/admin/admin/admin/admin/admin/admin/admin/admin/admin/admin/admin/admin/admin/admin/admin/admin/admin/admin/admin/admin/admin/admin/admin/admin/admin/admin/admin/admin/admin/admin/admin/admin/admin/admin/admin/admin/admin/admin/admin/admin/admin/admin/admin/admin/admin/admin/admin/admin/admin/loginAdmin 
[12/31/2025, 2:22:14 PM] GET /admin/admin/admin/admin/admin/admin/admin/admin/admin/admin/admin/admin/admin/admin/admin/admin/admin/admin/admin/admin/admin/admin/admin/admin/admin/admin/admin/admin/admin/admin/admin/admin/admin/admin/admin/admin/admin/admin/admin/admin/admin/admin/admin/admin/admin/admin/admin/admin/admin/admin/admin/admin/admin/admin/loginAdmin 
[12/31/2025, 2:22:14 PM] GET /admin/admin/admin/admin/admin/admin/admin/admin/admin/admin/admin/admin/admin/admin/admin/admin/admin/admin/admin/admin/admin/admin/admin/admin/admin/admin/admin/admin/admin/admin/admin/admin/admin/admin/admin/admin/admin/admin/admin/admin/admin/admin/admin/admin/admin/admin/admin/admin/admin/admin/admin/admin/admin/admin/admin/loginAdmin 
[12/31/2025, 2:22:14 PM] GET /admin/admin/admin/admin/admin/admin/admin/admin/admin/admin/admin/admin/admin/admin/admin/admin/admin/admin/admin/admin/admin/admin/admin/admin/admin/admin/admin/admin/admin/admin/admin/admin/admin/admin/admin/admin/admin/admin/admin/admin/admin/admin/admin/admin/admin/admin/admin/admin/admin/admin/admin/admin/admin/admin/admin/admin/loginAdmin 
[12/31/2025, 2:22:14 PM] GET /admin/admin/admin/admin/admin/admin/admin/admin/admin/admin/admin/admin/admin/admin/admin/admin/admin/admin/admin/admin/admin/admin/admin/admin/admin/admin/admin/admin/admin/admin/admin/admin/admin/admin/admin/admin/admin/admin/admin/admin/admin/admin/admin/admin/admin/admin/admin/admin/admin/admin/admin/admin/admin/admin/admin/admin/admin/loginAdmin 
[12/31/2025, 2:22:15 PM] GET / 
[12/31/2025, 2:22:17 PM] GET /Quan 
[12/31/2025, 2:22:18 PM] GET /login 
[12/31/2025, 2:22:24 PM] POST /login 
[12/31/2025, 2:22:24 PM] GET /admin 
[12/31/2025, 2:30:53 PM] GET /admin 
[12/31/2025, 2:30:53 PM] GET /admin/loginAdmin 
[12/31/2025, 2:30:53 PM] GET /admin/admin/loginAdmin 
[12/31/2025, 2:30:53 PM] GET /admin/admin/admin/loginAdmin 
[12/31/2025, 2:30:53 PM] GET /admin/admin/admin/admin/loginAdmin 
[12/31/2025, 2:30:53 PM] GET /admin/admin/admin/admin/admin/loginAdmin 
[12/31/2025, 2:30:53 PM] GET /admin/admin/admin/admin/admin/admin/loginAdmin 
[12/31/2025, 2:30:53 PM] GET /admin/admin/admin/admin/admin/admin/admin/loginAdmin 
[12/31/2025, 2:30:53 PM] GET /admin/admin/admin/admin/admin/admin/admin/admin/loginAdmin 
[12/31/2025, 2:30:53 PM] GET /admin/admin/admin/admin/admin/admin/admin/admin/admin/loginAdmin 
[12/31/2025, 2:30:53 PM] GET /admin/admin/admin/admin/admin/admin/admin/admin/admin/admin/loginAdmin 
[12/31/2025, 2:30:53 PM] GET /admin/admin/admin/admin/admin/admin/admin/admin/admin/admin/admin/loginAdmin 
[12/31/2025, 2:30:53 PM] GET /admin/admin/admin/admin/admin/admin/admin/admin/admin/admin/admin/admin/loginAdmin 
[12/31/2025, 2:30:53 PM] GET /admin/admin/admin/admin/admin/admin/admin/admin/admin/admin/admin/admin/admin/loginAdmin 
[12/31/2025, 2:30:53 PM] GET /admin/admin/admin/admin/admin/admin/admin/admin/admin/admin/admin/admin/admin/admin/loginAdmin 
[12/31/2025, 2:30:53 PM] GET /admin/admin/admin/admin/admin/admin/admin/admin/admin/admin/admin/admin/admin/admin/admin/loginAdmin 
[12/31/2025, 2:30:53 PM] GET /admin/admin/admin/admin/admin/admin/admin/admin/admin/admin/admin/admin/admin/admin/admin/admin/loginAdmin 
[12/31/2025, 2:30:53 PM] GET /admin/admin/admin/admin/admin/admin/admin/admin/admin/admin/admin/admin/admin/admin/admin/admin/admin/loginAdmin 
[12/31/2025, 2:30:53 PM] GET /admin/admin/admin/admin/admin/admin/admin/admin/admin/admin/admin/admin/admin/admin/admin/admin/admin/admin/loginAdmin 
[12/31/2025, 2:30:53 PM] GET /admin/admin/admin/admin/admin/admin/admin/admin/admin/admin/admin/admin/admin/admin/admin/admin/admin/admin/admin/loginAdmin 
[12/31/2025, 2:30:54 PM] GET /admin/admin/admin/admin/admin/admin/admin/admin/admin/admin/admin/admin/admin/admin/admin/admin/admin/admin/admin/loginAdmin 
[12/31/2025, 2:30:54 PM] GET /admin/admin/admin/admin/admin/admin/admin/admin/admin/admin/admin/admin/admin/admin/admin/admin/admin/admin/admin/admin/loginAdmin 
[12/31/2025, 2:30:54 PM] GET /admin/admin/admin/admin/admin/admin/admin/admin/admin/admin/admin/admin/admin/admin/admin/admin/admin/admin/admin/admin/admin/loginAdmin 
[12/31/2025, 2:30:54 PM] GET /admin/admin/admin/admin/admin/admin/admin/admin/admin/admin/admin/admin/admin/admin/admin/admin/admin/admin/admin/admin/admin/admin/loginAdmin 
[12/31/2025, 2:30:54 PM] GET /admin/admin/admin/admin/admin/admin/admin/admin/admin/admin/admin/admin/admin/admin/admin/admin/admin/admin/admin/admin/admin/admin/admin/loginAdmin 
[12/31/2025, 2:30:54 PM] GET /admin/admin/admin/admin/admin/admin/admin/admin/admin/admin/admin/admin/admin/admin/admin/admin/admin/admin/admin/admin/admin/admin/admin/admin/loginAdmin 
[12/31/2025, 2:30:54 PM] GET /admin/admin/admin/admin/admin/admin/admin/admin/admin/admin/admin/admin/admin/admin/admin/admin/admin/admin/admin/admin/admin/admin/admin/admin/admin/loginAdmin 
[12/31/2025, 2:30:54 PM] GET /admin/admin/admin/admin/admin/admin/admin/admin/admin/admin/admin/admin/admin/admin/admin/admin/admin/admin/admin/admin/admin/admin/admin/admin/admin/admin/loginAdmin 
[12/31/2025, 2:30:54 PM] GET /admin/admin/admin/admin/admin/admin/admin/admin/admin/admin/admin/admin/admin/admin/admin/admin/admin/admin/admin/admin/admin/admin/admin/admin/admin/admin/admin/loginAdmin 
[12/31/2025, 2:30:54 PM] GET /admin/admin/admin/admin/admin/admin/admin/admin/admin/admin/admin/admin/admin/admin/admin/admin/admin/admin/admin/admin/admin/admin/admin/admin/admin/admin/admin/admin/loginAdmin 
[12/31/2025, 2:30:54 PM] GET /admin/admin/admin/admin/admin/admin/admin/admin/admin/admin/admin/admin/admin/admin/admin/admin/admin/admin/admin/admin/admin/admin/admin/admin/admin/admin/admin/admin/admin/loginAdmin 
[12/31/2025, 2:30:54 PM] GET /admin/admin/admin/admin/admin/admin/admin/admin/admin/admin/admin/admin/admin/admin/admin/admin/admin/admin/admin/admin/admin/admin/admin/admin/admin/admin/admin/admin/admin/admin/loginAdmin 
[12/31/2025, 2:30:54 PM] GET /admin/admin/admin/admin/admin/admin/admin/admin/admin/admin/admin/admin/admin/admin/admin/admin/admin/admin/admin/admin/admin/admin/admin/admin/admin/admin/admin/admin/admin/admin/admin/loginAdmin 
[12/31/2025, 2:30:54 PM] GET /admin/admin/admin/admin/admin/admin/admin/admin/admin/admin/admin/admin/admin/admin/admin/admin/admin/admin/admin/admin/admin/admin/admin/admin/admin/admin/admin/admin/admin/admin/admin/admin/loginAdmin 
[12/31/2025, 2:30:54 PM] GET /admin/admin/admin/admin/admin/admin/admin/admin/admin/admin/admin/admin/admin/admin/admin/admin/admin/admin/admin/admin/admin/admin/admin/admin/admin/admin/admin/admin/admin/admin/admin/admin/admin/loginAdmin 
[12/31/2025, 2:30:54 PM] GET /admin/admin/admin/admin/admin/admin/admin/admin/admin/admin/admin/admin/admin/admin/admin/admin/admin/admin/admin/admin/admin/admin/admin/admin/admin/admin/admin/admin/admin/admin/admin/admin/admin/admin/loginAdmin 
[12/31/2025, 2:30:54 PM] GET /admin/admin/admin/admin/admin/admin/admin/admin/admin/admin/admin/admin/admin/admin/admin/admin/admin/admin/admin/admin/admin/admin/admin/admin/admin/admin/admin/admin/admin/admin/admin/admin/admin/admin/admin/loginAdmin 
[12/31/2025, 2:30:54 PM] GET /admin/admin/admin/admin/admin/admin/admin/admin/admin/admin/admin/admin/admin/admin/admin/admin/admin/admin/admin/admin/admin/admin/admin/admin/admin/admin/admin/admin/admin/admin/admin/admin/admin/admin/admin/admin/loginAdmin 
[12/31/2025, 2:30:54 PM] GET /admin/admin/admin/admin/admin/admin/admin/admin/admin/admin/admin/admin/admin/admin/admin/admin/admin/admin/admin/admin/admin/admin/admin/admin/admin/admin/admin/admin/admin/admin/admin/admin/admin/admin/admin/admin/admin/loginAdmin 
[12/31/2025, 2:30:55 PM] GET /admin/admin/admin/admin/admin/admin/admin/admin/admin/admin/admin/admin/admin/admin/admin/admin/admin/admin/admin/admin/admin/admin/admin/admin/admin/admin/admin/admin/admin/admin/admin/admin/admin/admin/admin/admin/admin/admin/loginAdmin 
[12/31/2025, 2:30:58 PM] GET /login 
[12/31/2025, 2:31:02 PM] POST /login 
[12/31/2025, 2:31:02 PM] GET /admin 
[12/31/2025, 2:34:25 PM] GET /admin 
[12/31/2025, 2:34:25 PM] GET /admin/loginAdmin 
[12/31/2025, 2:34:25 PM] GET /admin/loginAdmin 
[12/31/2025, 2:34:25 PM] GET /admin/loginAdmin 
[12/31/2025, 2:34:25 PM] GET /admin/loginAdmin 
[12/31/2025, 2:34:25 PM] GET /admin/loginAdmin 
[12/31/2025, 2:34:25 PM] GET /admin/loginAdmin 
[12/31/2025, 2:34:25 PM] GET /admin/loginAdmin 
[12/31/2025, 2:34:25 PM] GET /admin/loginAdmin 
[12/31/2025, 2:34:25 PM] GET /admin/loginAdmin 
[12/31/2025, 2:34:25 PM] GET /admin/loginAdmin 
[12/31/2025, 2:34:25 PM] GET /admin/loginAdmin 
[12/31/2025, 2:34:25 PM] GET /admin/loginAdmin 
[12/31/2025, 2:34:25 PM] GET /admin/loginAdmin 
[12/31/2025, 2:34:25 PM] GET /admin/loginAdmin 
[12/31/2025, 2:34:25 PM] GET /admin/loginAdmin 
[12/31/2025, 2:34:25 PM] GET /admin/loginAdmin 
[12/31/2025, 2:34:25 PM] GET /admin/loginAdmin 
[12/31/2025, 2:34:25 PM] GET /admin/loginAdmin 
[12/31/2025, 2:34:25 PM] GET /admin/loginAdmin 
[12/31/2025, 2:34:26 PM] GET /admin/loginAdmin 
[12/31/2025, 2:34:26 PM] GET /admin/loginAdmin 
[12/31/2025, 2:34:26 PM] GET /admin/loginAdmin 
[12/31/2025, 2:34:26 PM] GET /admin/loginAdmin 
[12/31/2025, 2:34:26 PM] GET /admin/loginAdmin 
[12/31/2025, 2:34:26 PM] GET /admin/loginAdmin 
[12/31/2025, 2:34:26 PM] GET /admin/loginAdmin 
[12/31/2025, 2:34:26 PM] GET /admin/loginAdmin 
[12/31/2025, 2:34:26 PM] GET /admin/loginAdmin 
[12/31/2025, 2:34:26 PM] GET /admin/loginAdmin 
[12/31/2025, 2:34:26 PM] GET /admin/loginAdmin 
[12/31/2025, 2:34:26 PM] GET /admin/loginAdmin 
[12/31/2025, 2:34:26 PM] GET /admin/loginAdmin 
[12/31/2025, 2:34:26 PM] GET /admin/loginAdmin 
[12/31/2025, 2:34:26 PM] GET /admin/loginAdmin 
[12/31/2025, 2:34:26 PM] GET /admin/loginAdmin 
[12/31/2025, 2:34:26 PM] GET /admin/loginAdmin 
[12/31/2025, 2:34:26 PM] GET /admin/loginAdmin 
[12/31/2025, 2:34:26 PM] GET /admin/loginAdmin 
[12/31/2025, 2:34:26 PM] GET /admin/loginAdmin 
[12/31/2025, 2:34:27 PM] GET /admin/loginAdmin 
[12/31/2025, 2:34:27 PM] GET /admin/loginAdmin 
[12/31/2025, 2:34:27 PM] GET /admin/loginAdmin 
[12/31/2025, 2:34:27 PM] GET /admin/loginAdmin 
[12/31/2025, 2:34:27 PM] GET /admin/loginAdmin 
[12/31/2025, 2:34:27 PM] GET /admin/loginAdmin 
[12/31/2025, 2:34:27 PM] GET /admin/loginAdmin 
[12/31/2025, 2:34:27 PM] GET /admin/loginAdmin 
[12/31/2025, 2:34:27 PM] GET /admin/loginAdmin 
[12/31/2025, 2:34:27 PM] GET /admin/loginAdmin 
[12/31/2025, 2:34:27 PM] GET /admin/loginAdmin 
[12/31/2025, 2:34:27 PM] GET /admin/loginAdmin 
[12/31/2025, 2:34:27 PM] GET /admin/loginAdmin 
[12/31/2025, 2:34:27 PM] GET /admin/loginAdmin 
[12/31/2025, 2:34:27 PM] GET /admin/loginAdmin 
[12/31/2025, 2:34:27 PM] GET /admin/loginAdmin 
[12/31/2025, 2:34:27 PM] GET /admin/loginAdmin 
[12/31/2025, 2:34:27 PM] GET /admin/loginAdmin 
[12/31/2025, 2:34:27 PM] GET /admin/loginAdmin 
[12/31/2025, 2:34:27 PM] GET /admin/loginAdmin 
[12/31/2025, 2:34:32 PM] GET /admin/loginAdmin 
[12/31/2025, 2:34:32 PM] GET /admin/loginAdmin 
[12/31/2025, 2:34:32 PM] GET /admin/loginAdmin 
[12/31/2025, 2:34:32 PM] GET /admin/loginAdmin 
[12/31/2025, 2:34:32 PM] GET /admin/loginAdmin 
[12/31/2025, 2:34:32 PM] GET /admin/loginAdmin 
[12/31/2025, 2:34:32 PM] GET /admin/loginAdmin 
[12/31/2025, 2:34:32 PM] GET /admin/loginAdmin 
[12/31/2025, 2:34:32 PM] GET /admin/loginAdmin 
[12/31/2025, 2:34:32 PM] GET /admin/loginAdmin 
[12/31/2025, 2:34:32 PM] GET /admin/loginAdmin 
[12/31/2025, 2:34:32 PM] GET /admin/loginAdmin 
[12/31/2025, 2:34:32 PM] GET /admin/loginAdmin 
[12/31/2025, 2:34:32 PM] GET /admin/loginAdmin 
[12/31/2025, 2:34:32 PM] GET /admin/loginAdmin 
[12/31/2025, 2:34:32 PM] GET /admin/loginAdmin 
[12/31/2025, 2:34:32 PM] GET /admin/loginAdmin 
[12/31/2025, 2:34:32 PM] GET /admin/loginAdmin 
[12/31/2025, 2:34:32 PM] GET /admin/loginAdmin 
[12/31/2025, 2:34:32 PM] GET /admin/loginAdmin 
[12/31/2025, 2:34:36 PM] GET /admin/users 
[12/31/2025, 2:34:36 PM] GET /admin/loginAdmin 
[12/31/2025, 2:34:36 PM] GET /admin/loginAdmin 
[12/31/2025, 2:34:36 PM] GET /admin/loginAdmin 
[12/31/2025, 2:34:36 PM] GET /admin/loginAdmin 
[12/31/2025, 2:34:36 PM] GET /admin/loginAdmin 
[12/31/2025, 2:34:36 PM] GET /admin/loginAdmin 
[12/31/2025, 2:34:36 PM] GET /admin/loginAdmin 
[12/31/2025, 2:34:36 PM] GET /admin/loginAdmin 
[12/31/2025, 2:34:36 PM] GET /admin/loginAdmin 
[12/31/2025, 2:34:36 PM] GET /admin/loginAdmin 
[12/31/2025, 2:34:36 PM] GET /admin/loginAdmin 
[12/31/2025, 2:34:36 PM] GET /admin/loginAdmin 
[12/31/2025, 2:34:36 PM] GET /admin/loginAdmin 
[12/31/2025, 2:34:36 PM] GET /admin/loginAdmin 
[12/31/2025, 2:34:36 PM] GET /admin/loginAdmin 
[12/31/2025, 2:34:36 PM] GET /admin/loginAdmin 
[12/31/2025, 2:34:36 PM] GET /admin/loginAdmin 
[12/31/2025, 2:34:36 PM] GET /admin/loginAdmin 
[12/31/2025, 2:34:36 PM] GET /admin/loginAdmin 
[12/31/2025, 2:34:37 PM] GET /admin/loginAdmin 
[12/31/2025, 2:34:37 PM] GET /admin/loginAdmin 
[12/31/2025, 2:34:37 PM] GET /admin/loginAdmin 
[12/31/2025, 2:34:37 PM] GET /admin/loginAdmin 
[12/31/2025, 2:34:37 PM] GET /admin/loginAdmin 
[12/31/2025, 2:34:37 PM] GET /admin/loginAdmin 
[12/31/2025, 2:34:37 PM] GET /admin/loginAdmin 
[12/31/2025, 2:34:37 PM] GET /admin/loginAdmin 
[12/31/2025, 2:34:37 PM] GET /admin/loginAdmin 
[12/31/2025, 2:34:37 PM] GET /admin/loginAdmin 
[12/31/2025, 2:34:37 PM] GET /admin/loginAdmin 
[12/31/2025, 2:34:37 PM] GET /admin/loginAdmin 
[12/31/2025, 2:34:37 PM] GET /admin/loginAdmin 
[12/31/2025, 2:34:37 PM] GET /admin/loginAdmin 
[12/31/2025, 2:34:37 PM] GET /admin/loginAdmin 
[12/31/2025, 2:34:37 PM] GET /admin/loginAdmin 
[12/31/2025, 2:34:37 PM] GET /admin/loginAdmin 
[12/31/2025, 2:34:37 PM] GET /admin/loginAdmin 
[12/31/2025, 2:34:37 PM] GET /admin/loginAdmin 
[12/31/2025, 2:34:37 PM] GET /admin/loginAdmin 
[12/31/2025, 2:35:22 PM] GET /admin/loginAdmin 
[12/31/2025, 2:35:26 PM] GET /admin 
[12/31/2025, 2:35:27 PM] GET /admin 
[12/31/2025, 2:35:31 PM] GET / 
[12/31/2025, 2:35:33 PM] GET /login 
[12/31/2025, 2:35:37 PM] POST /login 
[12/31/2025, 2:35:37 PM] GET /admin 
[12/31/2025, 2:37:14 PM] GET /admin 
[12/31/2025, 2:37:18 PM] GET /admin/loginAdmin 
[12/31/2025, 2:37:20 PM] GET /admin/loginAdmin 
[12/31/2025, 2:37:23 PM] POST /login 
[12/31/2025, 2:37:23 PM] GET /admin 
[12/31/2025, 2:38:10 PM] GET /admin 
[12/31/2025, 2:38:11 PM] GET /admin 
[12/31/2025, 2:38:13 PM] POST /login 
[12/31/2025, 2:38:13 PM] GET /admin 
[12/31/2025, 2:38:19 PM] GET /loginAdmin 
[12/31/2025, 2:42:24 PM] GET / 
[12/31/2025, 2:42:26 PM] GET /login 
[12/31/2025, 2:42:32 PM] POST /login 
[12/31/2025, 2:42:32 PM] GET /admin 
[12/31/2025, 2:42:40 PM] GET /admin/loginAdmin 
[12/31/2025, 2:42:50 PM] GET /loginAdmin 
[12/31/2025, 2:44:18 PM] GET /loginAdmin 
[12/31/2025, 2:44:22 PM] POST /login 
[12/31/2025, 2:44:22 PM] GET /admin 
[12/31/2025, 2:44:25 PM] GET /admin 
[12/31/2025, 2:45:29 PM] GET /admin 
[12/31/2025, 2:45:29 PM] GET /admin/login 
[12/31/2025, 2:45:36 PM] POST /admin/login 
[12/31/2025, 2:45:36 PM] GET /admin 
[12/31/2025, 2:45:41 PM] GET /admin 
[12/31/2025, 2:45:45 PM] GET /admin/products 
[12/31/2025, 2:45:51 PM] GET /admin/users 
[12/31/2025, 2:45:56 PM] GET / 
[12/31/2025, 2:45:59 PM] GET /logout 
[12/31/2025, 2:45:59 PM] GET / 
[12/31/2025, 2:46:00 PM] GET /login 
[12/31/2025, 2:46:05 PM] POST /login 
[12/31/2025, 2:46:05 PM] GET /admin 
[12/31/2025, 2:46:10 PM] POST /login 
[12/31/2025, 2:46:10 PM] GET /admin 
[12/31/2025, 2:48:51 PM] POST /login 
[12/31/2025, 2:48:52 PM] GET / 
[12/31/2025, 2:48:54 PM] GET /order 
[12/31/2025, 2:48:56 PM] GET /cart 
[12/31/2025, 2:48:57 PM] GET /order 
[12/31/2025, 2:48:58 PM] GET /order 
[12/31/2025, 2:49:05 PM] GET /logout 
[12/31/2025, 2:49:05 PM] GET / 
[12/31/2025, 2:49:07 PM] GET /login 
[12/31/2025, 2:49:12 PM] POST /login 
[12/31/2025, 2:49:12 PM] GET /admin 
[12/31/2025, 2:50:19 PM] POST /login 
[12/31/2025, 2:50:19 PM] GET /admin 
[12/31/2025, 2:51:41 PM] GET /login 
[12/31/2025, 2:51:46 PM] POST /login 
[12/31/2025, 2:51:47 PM] GET /admin 
[12/31/2025, 2:51:47 PM] GET /admin 
[12/31/2025, 2:51:47 PM] GET /admin 
[12/31/2025, 2:51:47 PM] GET /admin 
[12/31/2025, 2:51:47 PM] GET /admin 
[12/31/2025, 2:51:47 PM] GET /admin 
[12/31/2025, 2:51:47 PM] GET /admin 
[12/31/2025, 2:51:47 PM] GET /admin 
[12/31/2025, 2:51:47 PM] GET /admin 
[12/31/2025, 2:51:47 PM] GET /admin 
[12/31/2025, 2:51:47 PM] GET /admin 
[12/31/2025, 2:51:47 PM] GET /admin 
[12/31/2025, 2:51:47 PM] GET /admin 
[12/31/2025, 2:51:47 PM] GET /admin 
[12/31/2025, 2:51:48 PM] GET /admin 
[12/31/2025, 2:51:48 PM] GET /admin 
[12/31/2025, 2:51:48 PM] GET /admin 
[12/31/2025, 2:51:48 PM] GET /admin 
[12/31/2025, 2:51:48 PM] GET /admin 
[12/31/2025, 2:51:49 PM] GET /admin 
[12/31/2025, 2:51:49 PM] GET /admin 
[12/31/2025, 2:51:49 PM] GET /admin 
[12/31/2025, 2:51:49 PM] GET /admin 
[12/31/2025, 2:51:49 PM] GET /admin 
[12/31/2025, 2:51:49 PM] GET /admin 
[12/31/2025, 2:51:49 PM] GET /admin 
[12/31/2025, 2:51:49 PM] GET /admin 
[12/31/2025, 2:51:49 PM] GET /admin 
[12/31/2025, 2:51:50 PM] GET /admin 
[12/31/2025, 2:51:50 PM] GET /admin 
[12/31/2025, 2:51:50 PM] GET /admin 
[12/31/2025, 2:51:50 PM] GET /admin 
[12/31/2025, 2:51:50 PM] GET /admin 
[12/31/2025, 2:51:50 PM] GET /admin 
[12/31/2025, 2:51:50 PM] GET /admin 
[12/31/2025, 2:51:50 PM] GET /admin 
[12/31/2025, 2:51:50 PM] GET /admin 
[12/31/2025, 2:51:50 PM] GET /admin 
[12/31/2025, 2:51:50 PM] GET /admin 
[12/31/2025, 2:51:50 PM] GET /admin 
[12/31/2025, 2:51:50 PM] GET /admin 
[12/31/2025, 2:51:50 PM] GET /admin 
[12/31/2025, 2:51:51 PM] GET /admin 
[12/31/2025, 2:51:51 PM] GET /admin 
[12/31/2025, 2:51:51 PM] GET /admin 
[12/31/2025, 2:51:51 PM] GET /admin 
[12/31/2025, 2:51:51 PM] GET /admin 
[12/31/2025, 2:51:51 PM] GET /admin 
[12/31/2025, 2:51:51 PM] GET /admin 
[12/31/2025, 2:51:51 PM] GET /admin 
[12/31/2025, 2:51:51 PM] GET /admin 
[12/31/2025, 2:51:51 PM] GET /admin 
[12/31/2025, 2:51:51 PM] GET /admin 
[12/31/2025, 2:51:51 PM] GET /admin 
[12/31/2025, 2:51:51 PM] GET /admin 
[12/31/2025, 2:51:51 PM] GET /admin 
[12/31/2025, 2:51:54 PM] POST /login 
[12/31/2025, 2:51:54 PM] GET /admin 
[12/31/2025, 2:51:54 PM] GET /admin 
[12/31/2025, 2:51:54 PM] GET /admin 
[12/31/2025, 2:51:54 PM] GET /admin 
[12/31/2025, 2:51:54 PM] GET /admin 
[12/31/2025, 2:51:54 PM] GET /admin 
[12/31/2025, 2:51:54 PM] GET /admin 
[12/31/2025, 2:51:54 PM] GET /admin 
[12/31/2025, 2:51:54 PM] GET /admin 
[12/31/2025, 2:51:54 PM] GET /admin 
[12/31/2025, 2:51:54 PM] GET /admin 
[12/31/2025, 2:51:54 PM] GET /admin 
[12/31/2025, 2:51:55 PM] GET /admin 
[12/31/2025, 2:51:55 PM] GET /admin 
[12/31/2025, 2:51:55 PM] GET /admin 
[12/31/2025, 2:51:55 PM] GET /admin 
[12/31/2025, 2:51:55 PM] GET /admin 
[12/31/2025, 2:51:55 PM] GET /admin 
[12/31/2025, 2:51:55 PM] GET /admin 
[12/31/2025, 2:51:56 PM] GET /admin 
[12/31/2025, 2:51:56 PM] GET /admin 
[12/31/2025, 2:51:56 PM] GET /admin 
[12/31/2025, 2:51:56 PM] GET /admin 
[12/31/2025, 2:51:56 PM] GET /admin 
[12/31/2025, 2:51:56 PM] GET /admin 
[12/31/2025, 2:58:21 PM] POST /login 
[12/31/2025, 2:58:21 PM] GET /admin 
[12/31/2025, 2:58:21 PM] GET /admin/getDashboard 
[12/31/2025, 2:59:07 PM] POST /login 
[12/31/2025, 2:59:07 PM] GET /admin 
[12/31/2025, 2:59:26 PM] GET /admin 
[12/31/2025, 2:59:26 PM] GET /admin/login 
[12/31/2025, 2:59:29 PM] POST /login 
[12/31/2025, 2:59:30 PM] GET /admin 
[12/31/2025, 3:00:03 PM] POST /login 
[12/31/2025, 3:00:03 PM] GET /admin 
[12/31/2025, 3:02:10 PM] POST /login 
[12/31/2025, 3:02:10 PM] GET /admin 
[12/31/2025, 3:02:14 PM] GET /admin/api/revenue-data?start=2025-11-30&end=2025-12-31 
[12/31/2025, 3:02:17 PM] GET /admin/api/revenue-data?start=2025-11-30&end=2025-12-31 
[12/31/2025, 3:02:20 PM] GET /admin/products 
[12/31/2025, 3:03:32 PM] GET /login 
[12/31/2025, 3:03:36 PM] POST /login 
[12/31/2025, 3:03:36 PM] GET /admin 
[12/31/2025, 3:03:39 PM] POST /login 
[12/31/2025, 3:03:39 PM] GET /admin 
[12/31/2025, 3:04:06 PM] POST /login 
[12/31/2025, 3:04:06 PM] GET /admin 
[12/31/2025, 3:04:37 PM] POST /login 
[12/31/2025, 3:04:38 PM] GET /admin 
[12/31/2025, 3:07:05 PM] POST /login 
[12/31/2025, 3:07:05 PM] GET /admin 
[12/31/2025, 3:07:09 PM] GET /admin/products 
[12/31/2025, 3:07:12 PM] GET /admin/api/revenue-data?start=2025-11-30&end=2025-12-31 
[12/31/2025, 3:08:17 PM] GET /admin/products 
[12/31/2025, 3:08:17 PM] GET /admin/login 
[12/31/2025, 3:08:17 PM] GET /admin/login 
[12/31/2025, 3:08:17 PM] GET /admin/login 
[12/31/2025, 3:08:17 PM] GET /admin/login 
[12/31/2025, 3:08:17 PM] GET /admin/login 
[12/31/2025, 3:08:17 PM] GET /admin/login 
[12/31/2025, 3:08:17 PM] GET /admin/login 
[12/31/2025, 3:08:17 PM] GET /admin/login 
[12/31/2025, 3:08:17 PM] GET /admin/login 
[12/31/2025, 3:08:17 PM] GET /admin/login 
[12/31/2025, 3:08:17 PM] GET /admin/login 
[12/31/2025, 3:08:17 PM] GET /admin/login 
[12/31/2025, 3:08:17 PM] GET /admin/login 
[12/31/2025, 3:08:17 PM] GET /admin/login 
[12/31/2025, 3:08:17 PM] GET /admin/login 
[12/31/2025, 3:08:17 PM] GET /admin/login 
[12/31/2025, 3:08:17 PM] GET /admin/login 
[12/31/2025, 3:08:17 PM] GET /admin/login 
[12/31/2025, 3:08:17 PM] GET /admin/login 
[12/31/2025, 3:08:18 PM] GET /admin/login 
[12/31/2025, 3:08:18 PM] GET /admin/login 
[12/31/2025, 3:08:18 PM] GET /admin/login 
[12/31/2025, 3:08:18 PM] GET /admin/login 
[12/31/2025, 3:08:18 PM] GET /admin/login 
[12/31/2025, 3:08:18 PM] GET /admin/login 
[12/31/2025, 3:08:18 PM] GET /admin/login 
[12/31/2025, 3:08:18 PM] GET /admin/login 
[12/31/2025, 3:08:18 PM] GET /admin/login 
[12/31/2025, 3:08:18 PM] GET /admin/login 
[12/31/2025, 3:08:18 PM] GET /admin/login 
[12/31/2025, 3:08:18 PM] GET /admin/login 
[12/31/2025, 3:08:18 PM] GET /admin/login 
[12/31/2025, 3:08:18 PM] GET /admin/login 
[12/31/2025, 3:08:18 PM] GET /admin/login 
[12/31/2025, 3:08:18 PM] GET /admin/login 
[12/31/2025, 3:08:18 PM] GET /admin/login 
[12/31/2025, 3:08:18 PM] GET /admin/login 
[12/31/2025, 3:08:18 PM] GET /admin/login 
[12/31/2025, 3:08:18 PM] GET /admin/login 
[12/31/2025, 3:08:21 PM] GET /admin/api/revenue-data?start=2025-11-30&end=2025-12-31 
[12/31/2025, 3:08:21 PM] GET /admin/login 
[12/31/2025, 3:08:21 PM] GET /admin/login 
[12/31/2025, 3:08:21 PM] GET /admin/login 
[12/31/2025, 3:08:21 PM] GET /admin/login 
[12/31/2025, 3:08:21 PM] GET /admin/login 
[12/31/2025, 3:08:21 PM] GET /admin/login 
[12/31/2025, 3:08:21 PM] GET /admin/login 
[12/31/2025, 3:08:21 PM] GET /admin/login 
[12/31/2025, 3:08:21 PM] GET /admin/login 
[12/31/2025, 3:08:21 PM] GET /admin/login 
[12/31/2025, 3:08:21 PM] GET /admin/login 
[12/31/2025, 3:08:21 PM] GET /admin/login 
[12/31/2025, 3:08:21 PM] GET /admin/login 
[12/31/2025, 3:08:21 PM] GET /admin/login 
[12/31/2025, 3:08:21 PM] GET /admin/login 
[12/31/2025, 3:08:21 PM] GET /admin/login 
[12/31/2025, 3:08:21 PM] GET /admin/login 
[12/31/2025, 3:08:21 PM] GET /admin/login 
[12/31/2025, 3:08:21 PM] GET /admin/login 
[12/31/2025, 3:08:21 PM] GET /admin/login 
[12/31/2025, 3:08:24 PM] POST /login 
[12/31/2025, 3:08:25 PM] GET /admin 
[12/31/2025, 3:09:23 PM] POST /login 
[12/31/2025, 3:09:23 PM] GET /admin 
[12/31/2025, 3:09:26 PM] POST /login 
[12/31/2025, 3:09:26 PM] GET /admin 
[12/31/2025, 3:09:47 PM] POST /login 
[12/31/2025, 3:09:47 PM] GET /admin 
[12/31/2025, 3:09:50 PM] POST /login 
[12/31/2025, 3:09:50 PM] GET /admin 
[12/31/2025, 3:10:59 PM] POST /login 
[12/31/2025, 3:10:59 PM] GET /admin 
[12/31/2025, 3:11:02 PM] GET /admin/users 
[12/31/2025, 3:11:06 PM] GET /admin/users 
[12/31/2025, 3:11:09 PM] GET /admin/orders 
[12/31/2025, 3:11:11 PM] GET /admin/config 
[12/31/2025, 3:11:13 PM] GET /admin/products 
[12/31/2025, 3:11:18 PM] POST /admin/users/toggle-lock/6952c5ff8b9453d369283263 
[12/31/2025, 3:11:21 PM] GET /admin/api/revenue-data?start=2025-11-30&end=2025-12-31 
[12/31/2025, 3:11:31 PM] GET /admin/api/stats 
[12/31/2025, 3:11:37 PM] GET /admin/products 
[12/31/2025, 3:16:41 PM] GET /admin/products/products 
[12/31/2025, 3:16:41 PM] GET /css/admin-style.css 
[12/31/2025, 3:17:51 PM] GET /admin 
[12/31/2025, 3:17:51 PM] GET /admin/login 
[12/31/2025, 3:17:53 PM] GET /admin/products 
[12/31/2025, 3:17:53 PM] GET /admin/login 
[12/31/2025, 3:17:56 PM] GET /admin/users 
[12/31/2025, 3:17:56 PM] GET /admin/login 
[12/31/2025, 3:17:58 PM] GET /admin/orders 
[12/31/2025, 3:17:58 PM] GET /admin/login 
[12/31/2025, 3:17:59 PM] GET /admin/config 
[12/31/2025, 3:17:59 PM] GET /admin/login 
[12/31/2025, 3:18:01 PM] GET / 
[12/31/2025, 3:18:03 PM] GET /login 
[12/31/2025, 3:18:08 PM] POST /login 
[12/31/2025, 3:18:08 PM] GET /admin 
[12/31/2025, 3:18:10 PM] GET /admin/products 
[12/31/2025, 3:18:10 PM] GET /css/admin-style.css 
[12/31/2025, 3:18:12 PM] GET /admin/users 
[12/31/2025, 3:18:13 PM] GET /admin/orders 
[12/31/2025, 3:18:16 PM] GET /admin/users 
[12/31/2025, 3:18:21 PM] POST /admin/users/toggle-lock/695140217edb9135dbfea5d1 
[12/31/2025, 3:18:26 PM] GET /admin/products 
[12/31/2025, 3:18:27 PM] GET /css/admin-style.css 
[12/31/2025, 3:18:28 PM] GET /admin/add-product 
[12/31/2025, 3:18:32 PM] GET /admin/edit-product/6953e9271e2be3f4030a6642 
[12/31/2025, 3:18:34 PM] GET /admin/config 
[12/31/2025, 3:18:35 PM] GET /socket.io/socket.io.js 
[12/31/2025, 3:18:36 PM] POST /admin/config/save 
[12/31/2025, 3:19:37 PM] GET /admin 
[12/31/2025, 3:19:37 PM] GET /admin/login 
[12/31/2025, 3:19:40 PM] GET / 
[12/31/2025, 3:19:42 PM] GET /login 
[12/31/2025, 3:19:46 PM] POST /login 
[12/31/2025, 3:19:46 PM] GET /admin 
[12/31/2025, 3:19:48 PM] GET /admin/config 
[12/31/2025, 3:19:48 PM] GET /socket.io/socket.io.js 
[12/31/2025, 3:19:50 PM] POST /admin/config/save 
[12/31/2025, 3:19:50 PM] GET /admin/config?success=true 
[12/31/2025, 3:19:51 PM] GET /socket.io/socket.io.js 
[12/31/2025, 3:19:52 PM] POST /admin/config/save 
[12/31/2025, 3:19:53 PM] GET /admin/config?success=true 
[12/31/2025, 3:19:53 PM] GET /socket.io/socket.io.js 
[12/31/2025, 3:19:59 PM] POST /admin/config/save 
[12/31/2025, 3:19:59 PM] GET /admin/config?success=true 
[12/31/2025, 3:19:59 PM] GET /socket.io/socket.io.js 
[12/31/2025, 3:20:03 PM] POST /admin/logs/clear 
[12/31/2025, 3:20:09 PM] GET /admin/orders 
[12/31/2025, 3:20:13 PM] POST /admin/orders/update-status/6954c8ef29fe3cc743c4a949 
[12/31/2025, 3:20:13 PM] GET /admin/orders 
[12/31/2025, 3:20:18 PM] POST /admin/orders/update-status/6954c8ef29fe3cc743c4a949 
[12/31/2025, 3:20:22 PM] POST /admin/orders/update-status/6954c8ef29fe3cc743c4a949 
[12/31/2025, 3:20:24 PM] GET /admin/users 
[12/31/2025, 3:20:27 PM] POST /admin/users/toggle-lock/695140217edb9135dbfea5d1 
[12/31/2025, 3:20:27 PM] GET /admin/users 
[12/31/2025, 3:20:29 PM] POST /admin/users/toggle-lock/695140217edb9135dbfea5d1 
[12/31/2025, 3:20:29 PM] GET /admin/users 
[12/31/2025, 3:20:31 PM] GET /admin/products 
[12/31/2025, 3:20:31 PM] GET /css/admin-style.css 
[12/31/2025, 3:20:33 PM] GET /admin/add-product 
[12/31/2025, 3:20:35 PM] GET /admin/edit-product/6953e9271e2be3f4030a6642 
[12/31/2025, 3:20:37 PM] POST /admin/toggle-product/6953e9271e2be3f4030a6642 
[12/31/2025, 3:20:43 PM] POST /admin/delete-product/6953e9271e2be3f4030a6642 
[12/31/2025, 3:20:47 PM] GET /admin/products 
[12/31/2025, 3:20:47 PM] GET /css/admin-style.css 
[12/31/2025, 3:20:49 PM] GET /admin 
[12/31/2025, 3:20:52 PM] GET /admin/api/revenue-data?start=2025-11-30&end=2025-12-31 
[12/31/2025, 3:20:56 PM] GET /admin/config 
[12/31/2025, 3:20:56 PM] GET /socket.io/socket.io.js 
[12/31/2025, 3:21:19 PM] POST /admin/logs/clear 
[12/31/2025, 3:29:36 PM] GET /admin 
[12/31/2025, 3:29:36 PM] GET /admin/login 
[12/31/2025, 3:29:37 PM] GET /login 
[12/31/2025, 3:29:39 PM] GET /login 
[12/31/2025, 3:29:44 PM] POST /login 
[12/31/2025, 3:29:44 PM] GET /admin 
[12/31/2025, 3:29:46 PM] GET /admin/orders 
[12/31/2025, 3:29:50 PM] GET /admin/orders?status=delivering 
[12/31/2025, 3:29:52 PM] GET /admin/orders?status=delivered 
[12/31/2025, 3:29:55 PM] GET /admin 
[12/31/2025, 3:29:58 PM] GET /admin/api/revenue-data?start=2025-11-30&end=2025-12-31 
[12/31/2025, 3:30:09 PM] GET /admin/api/revenue-data?start=2025-12-09&end=2026-01-02 
[12/31/2025, 3:30:11 PM] GET /admin/products 
[12/31/2025, 3:30:12 PM] GET /css/admin-style.css 
[12/31/2025, 3:30:13 PM] GET /admin/add-product 
[12/31/2025, 3:30:15 PM] GET /admin/edit-product/6953e9271e2be3f4030a6642 
[12/31/2025, 3:30:17 PM] POST /admin/toggle-product/6953e9271e2be3f4030a6642 
[12/31/2025, 3:30:20 PM] POST /admin/delete-product/6953e9271e2be3f4030a6642 
[12/31/2025, 3:31:59 PM] GET / 
[12/31/2025, 3:32:00 PM] GET /login 
[12/31/2025, 3:32:05 PM] POST /login 
[12/31/2025, 3:32:05 PM] GET /admin 
[12/31/2025, 3:32:08 PM] GET /admin/products 
[12/31/2025, 3:32:08 PM] GET /css/admin-style.css 
[12/31/2025, 3:32:10 PM] GET /admin/add-product 
[12/31/2025, 3:38:15 PM] GET / 
[12/31/2025, 3:38:17 PM] GET /login 
[12/31/2025, 3:38:22 PM] POST /login 
[12/31/2025, 3:38:22 PM] GET /admin 
[12/31/2025, 3:38:25 PM] GET /admin/products 
[12/31/2025, 3:38:25 PM] GET /css/admin-style.css 
[12/31/2025, 3:38:27 PM] POST /admin/products/toggle-product/6953e9271e2be3f4030a6642 
[12/31/2025, 3:38:27 PM] GET /admin/products 
[12/31/2025, 3:38:27 PM] GET /css/admin-style.css 
[12/31/2025, 3:38:30 PM] POST /admin/products/toggle-product/6953e9271e2be3f4030a6642 
[12/31/2025, 3:38:30 PM] GET /admin/products 
[12/31/2025, 3:38:30 PM] GET /css/admin-style.css 
[12/31/2025, 3:38:32 PM] GET /admin/products/add-product 
[12/31/2025, 3:38:32 PM] GET /css/admin-style.css 
[12/31/2025, 3:38:51 PM] POST /admin/products/add-product 
[12/31/2025, 3:38:55 PM] GET /admin/products 
[12/31/2025, 3:38:55 PM] GET /css/admin-style.css 
[12/31/2025, 3:39:03 PM] GET / 
[12/31/2025, 3:39:06 PM] GET /Aosomi 
[12/31/2025, 3:39:07 PM] GET /product/6954e11fed05b057267c7e34 
[12/31/2025, 3:39:14 PM] GET /admin/users 
[12/31/2025, 3:39:16 PM] GET /admin/orders 
[12/31/2025, 3:39:20 PM] GET /admin 
[12/31/2025, 3:39:23 PM] GET /admin/api/revenue-data?start=2025-11-30&end=2025-12-31 
[12/31/2025, 3:39:51 PM] GET /admin/api/stats 
[12/31/2025, 3:40:21 PM] GET /admin/api/stats 
[12/31/2025, 3:40:51 PM] GET /admin/api/stats 
[12/31/2025, 3:41:21 PM] GET /admin/api/stats 
[12/31/2025, 3:41:51 PM] GET /admin/api/stats 
[12/31/2025, 3:45:30 PM] GET /admin/api/stats 
[12/31/2025, 3:45:30 PM] GET /admin/login 
[12/31/2025, 3:45:32 PM] GET /logout 
[12/31/2025, 3:45:33 PM] GET / 
[12/31/2025, 3:45:35 PM] GET /login 
[12/31/2025, 3:45:40 PM] POST /login 
[12/31/2025, 3:45:40 PM] GET /admin 
[12/31/2025, 3:45:44 PM] GET /admin/products 
[12/31/2025, 3:45:44 PM] GET /css/admin-style.css 
[12/31/2025, 3:45:49 PM] GET /admin 
[12/31/2025, 3:45:51 PM] GET /admin/api/stats 
[12/31/2025, 3:45:52 PM] GET /orders/api/revenue-data?start=2025-11-30&end=2025-12-31 
[12/31/2025, 3:45:54 PM] GET /orders/api/revenue-data?start=2025-12-31&end=2025-12-31 
[12/31/2025, 3:46:06 PM] GET /orders/api/revenue-data?start=2025-12-15&end=2026-01-02 
[12/31/2025, 3:49:51 PM] GET /admin/api/stats 
[12/31/2025, 3:49:51 PM] GET /admin/login 
[12/31/2025, 3:49:52 PM] GET /admin/config/stats 
[12/31/2025, 3:49:52 PM] GET /admin/login 
[12/31/2025, 3:49:54 PM] GET / 
[12/31/2025, 3:49:56 PM] GET /register 
[12/31/2025, 3:49:57 PM] GET /login 
[12/31/2025, 3:50:02 PM] POST /login 
[12/31/2025, 3:50:08 PM] POST /login 
[12/31/2025, 3:50:08 PM] GET /admin 
[12/31/2025, 3:50:11 PM] GET /admin/products 
[12/31/2025, 3:50:11 PM] GET /css/admin-style.css 
[12/31/2025, 3:50:13 PM] GET /admin 
[12/31/2025, 3:50:15 PM] GET /admin/orders/api/revenue-data?start=2025-11-30&end=2025-12-31 
[12/31/2025, 3:50:18 PM] GET /admin/orders/api/revenue-data?start=2025-12-31&end=2025-12-31 
[12/31/2025, 3:50:21 PM] GET /admin/api/stats 
[12/31/2025, 3:50:25 PM] GET /admin/orders/api/revenue-data?start=2025-12-23&end=2026-01-02 
[12/31/2025, 3:50:32 PM] GET /admin/orders 
[12/31/2025, 3:50:36 PM] GET / 
[12/31/2025, 3:50:43 PM] GET /product/6952103878fe8886f673cc09 
[12/31/2025, 3:50:45 PM] GET /product/6952103878fe8886f673cc0b 
[12/31/2025, 3:50:52 PM] POST /add-to-cart 
[12/31/2025, 3:50:53 PM] GET /cart 
[12/31/2025, 3:50:54 PM] POST /update-cart 
[12/31/2025, 3:51:02 PM] POST /place-order 
[12/31/2025, 3:51:02 PM] GET /payment/simulate/momo/BIN1767171062525 
[12/31/2025, 3:51:03 PM] GET /order?msg=Simulated_Success 
[12/31/2025, 3:51:08 PM] GET /admin 
[12/31/2025, 3:51:14 PM] GET /admin/orders 
[12/31/2025, 3:51:17 PM] POST /admin/orders/update-status/6954e3f6c697178fa72b90f0 
[12/31/2025, 3:51:18 PM] GET /admin/orders 
[12/31/2025, 3:51:20 PM] GET /admin 
[12/31/2025, 3:51:51 PM] GET /admin/config/stats 
[12/31/2025, 4:01:58 PM] GET /admin/config/stats 
[12/31/2025, 4:01:58 PM] GET /admin/login 
[12/31/2025, 4:02:08 PM] GET /logout 
[12/31/2025, 4:02:08 PM] GET / 
[12/31/2025, 4:02:10 PM] GET /login 
[12/31/2025, 4:02:16 PM] POST /login 
[12/31/2025, 4:02:16 PM] GET / 
[12/31/2025, 4:02:19 PM] GET /product/6952103878fe8886f673cc05 
[12/31/2025, 4:02:21 PM] GET /admin/config/stats 
[12/31/2025, 4:02:21 PM] GET /admin/login 
[12/31/2025, 4:02:22 PM] GET / 
[12/31/2025, 4:02:25 PM] GET /logout 
[12/31/2025, 4:02:25 PM] GET / 
[12/31/2025, 4:02:27 PM] GET /login 
[12/31/2025, 4:02:31 PM] POST /login 
[12/31/2025, 4:02:32 PM] GET /admin 
[12/31/2025, 4:02:37 PM] POST /add-to-cart 
[12/31/2025, 4:02:38 PM] GET /cart 
[12/31/2025, 4:02:44 PM] POST /place-order 
[12/31/2025, 4:02:45 PM] GET /payment/simulate/momo/BIN1767171764629 
[12/31/2025, 4:02:45 PM] GET /order?msg=Simulated_Success 
[12/31/2025, 4:02:55 PM] GET /admin 
[12/31/2025, 4:06:06 PM] GET / 
[12/31/2025, 4:06:08 PM] GET /login 
[12/31/2025, 4:06:13 PM] POST /login 
[12/31/2025, 4:06:13 PM] GET /admin 
[12/31/2025, 4:06:15 PM] GET /logout 
[12/31/2025, 4:06:15 PM] GET / 
[12/31/2025, 4:06:17 PM] GET /login 
[12/31/2025, 4:06:23 PM] POST /login 
[12/31/2025, 4:06:23 PM] GET / 
[12/31/2025, 4:06:26 PM] GET /product/6952103878fe8886f673cc03 
[12/31/2025, 4:06:32 PM] GET /product/6952103878fe8886f673cc07 
[12/31/2025, 4:06:42 PM] POST /add-to-cart 
[12/31/2025, 4:06:44 PM] GET /cart 
[12/31/2025, 4:06:49 PM] POST /place-order 
[12/31/2025, 4:06:50 PM] GET /payment/simulate/momo/BIN1767172009852 
[12/31/2025, 4:06:50 PM] GET /order?msg=Simulated_Success 
[12/31/2025, 4:06:59 PM] GET /admin/orders/api/revenue-data?start=2025-11-30&end=2025-12-31 
[12/31/2025, 4:06:59 PM] GET /admin/login 
[12/31/2025, 4:07:02 PM] GET /admin/orders/api/revenue-data?start=2025-11-30&end=2025-12-31 
[12/31/2025, 4:07:02 PM] GET /admin/login 
[12/31/2025, 4:07:32 PM] GET /admin 
[12/31/2025, 4:07:32 PM] GET /admin/login 
[12/31/2025, 4:07:48 PM] POST /login 
[12/31/2025, 4:07:48 PM] GET /admin 
[12/31/2025, 4:07:57 PM] GET /admin/orders/api/revenue-data?start=2025-11-30&end=2025-12-31 
[12/31/2025, 4:07:59 PM] GET /admin/orders/api/revenue-data?start=2025-12-31&end=2025-12-31 
[12/31/2025, 4:08:02 PM] GET /Vest 
[12/31/2025, 4:08:03 PM] GET /product/6953eb87f43ead5fda718500 
[12/31/2025, 4:08:07 PM] POST /add-to-cart 
[12/31/2025, 4:08:08 PM] GET /cart 
[12/31/2025, 4:08:20 PM] POST /place-order 
[12/31/2025, 4:08:21 PM] GET /payment/simulate/momo/BIN1767172100565 
[12/31/2025, 4:08:21 PM] GET /order?msg=Simulated_Success 
[12/31/2025, 4:08:31 PM] GET /admin/orders/api/revenue-data?start=2025-11-30&end=2025-12-31 
[12/31/2025, 4:08:34 PM] GET /admin 
[12/31/2025, 4:08:39 PM] GET /admin/orders 
[12/31/2025, 4:08:43 PM] POST /admin/orders/update-status/6954e804556cb3b5c4ce9e05 
[12/31/2025, 4:08:43 PM] GET /admin/orders 
[12/31/2025, 4:08:58 PM] POST /admin/orders/update-status/6954e7a9556cb3b5c4ce9d58 
[12/31/2025, 4:08:58 PM] GET /admin/orders 
[12/31/2025, 4:09:02 PM] POST /admin/orders/update-status/6954e6b4cd6c50a991e51662 
[12/31/2025, 4:09:02 PM] GET /admin/orders 
[12/31/2025, 4:09:06 PM] GET /admin 
[12/31/2025, 4:09:13 PM] GET /admin/orders/api/revenue-data?start=2025-11-30&end=2025-12-31 
[12/31/2025, 4:09:51 PM] GET /admin/orders/api/revenue-data?start=2025-12-31&end=2025-12-31 
[12/31/2025, 4:09:52 PM] GET /admin/orders/api/revenue-data?start=2025-11-30&end=2025-12-31 
[12/31/2025, 4:10:10 PM] GET /admin 
[12/31/2025, 4:16:36 PM] GET /logout 
[12/31/2025, 4:16:36 PM] GET / 
[12/31/2025, 4:17:42 PM] GET /login 
[12/31/2025, 4:17:46 PM] POST /login 
[12/31/2025, 4:17:46 PM] GET /admin 
[12/31/2025, 4:17:51 PM] GET / 
[12/31/2025, 4:17:53 PM] GET /logout 
[12/31/2025, 4:17:53 PM] GET / 
[12/31/2025, 4:17:55 PM] GET /login 
[12/31/2025, 4:18:13 PM] GET / 
[12/31/2025, 4:18:15 PM] GET /login 
[12/31/2025, 4:18:20 PM] POST /login 
[12/31/2025, 4:18:20 PM] GET /admin 
[12/31/2025, 4:18:27 PM] POST /login 
[12/31/2025, 4:18:27 PM] GET / 
[12/31/2025, 4:18:34 PM] GET /product/6952103878fe8886f673cc0f 
[12/31/2025, 4:18:38 PM] POST /add-to-cart 
[12/31/2025, 4:18:39 PM] GET /cart 
[12/31/2025, 4:18:41 PM] POST /update-cart 
[12/31/2025, 4:18:41 PM] POST /update-cart 
[12/31/2025, 4:18:49 PM] POST /place-order 
[12/31/2025, 4:18:59 PM] POST /place-order 
[12/31/2025, 4:19:03 PM] GET /admin/orders 
[12/31/2025, 4:19:03 PM] GET /admin/login 
[12/31/2025, 4:19:06 PM] GET / 
[12/31/2025, 4:19:09 PM] GET /logout 
[12/31/2025, 4:19:09 PM] GET / 
[12/31/2025, 4:19:10 PM] GET /login 
[12/31/2025, 4:19:18 PM] POST /login 
[12/31/2025, 4:19:18 PM] GET /admin 
[12/31/2025, 4:19:21 PM] GET /admin/orders 
[12/31/2025, 4:19:26 PM] GET /cart 
[12/31/2025, 4:19:29 PM] GET / 
[12/31/2025, 4:19:31 PM] GET /product/6952103878fe8886f673cc07 
[12/31/2025, 4:19:34 PM] POST /add-to-cart 
[12/31/2025, 4:19:35 PM] GET /cart 
[12/31/2025, 4:19:40 PM] GET /admin 
[12/31/2025, 4:19:45 PM] POST /place-order 
[12/31/2025, 4:19:55 PM] GET /order 
[12/31/2025, 4:19:56 PM] GET /cart 
[12/31/2025, 4:19:59 PM] GET /cart 
[12/31/2025, 4:20:01 PM] GET /order 
[12/31/2025, 4:20:03 PM] GET /cart 
[12/31/2025, 4:20:07 PM] POST /place-order 
[12/31/2025, 4:20:12 PM] POST /place-order 
[12/31/2025, 4:20:16 PM] GET /admin 
[12/31/2025, 4:20:21 PM] GET /admin/orders 
[12/31/2025, 4:20:28 PM] GET /order 
[12/31/2025, 4:20:42 PM] GET /Vest 
[12/31/2025, 4:20:43 PM] GET /product/6952103878fe8886f673cc07 
[12/31/2025, 4:22:55 PM] GET /product/6952103878fe8886f673cc07 
[12/31/2025, 4:22:57 PM] GET /login 
[12/31/2025, 4:23:02 PM] POST /login 
[12/31/2025, 4:23:02 PM] GET /admin 
[12/31/2025, 4:23:06 PM] GET / 
[12/31/2025, 4:23:09 PM] GET /logout 
[12/31/2025, 4:23:09 PM] GET / 
[12/31/2025, 4:23:10 PM] GET /login 
[12/31/2025, 4:23:16 PM] POST /login 
[12/31/2025, 4:23:16 PM] GET / 
[12/31/2025, 4:23:19 PM] GET /product/6952103878fe8886f673cc17 
[12/31/2025, 4:23:22 PM] POST /add-to-cart 
[12/31/2025, 4:23:23 PM] GET /cart 
[12/31/2025, 4:23:30 PM] POST /place-order 
[12/31/2025, 4:23:31 PM] GET /payment/simulate/momo/BIN1767173011006 
[12/31/2025, 4:23:31 PM] GET /order?msg=Simulated_Success 
[12/31/2025, 4:24:57 PM] GET /order?msg=Simulated_Success 
[12/31/2025, 4:24:57 PM] GET /login 
[12/31/2025, 4:25:02 PM] POST /login 
[12/31/2025, 4:25:08 PM] POST /login 
[12/31/2025, 4:25:08 PM] GET /admin 
[12/31/2025, 4:25:50 PM] GET /?zarsrc=30&utm_source=zalo&utm_medium=zalo&utm_campaign=zalo&gidzl=L6N1HHzAianKUib065EoJ55ypKO5LB0UHo_2H0nIxXj4U9mJ2LVa7n0lbX4E0BWOHIx643Dw7aex74E_IW 
[12/31/2025, 4:25:51 PM] GET /favicon.ico 
[12/31/2025, 4:25:52 PM] GET /login 
[12/31/2025, 4:25:58 PM] POST /login 
[12/31/2025, 4:26:16 PM] POST /login 
[12/31/2025, 4:26:16 PM] GET / 
[12/31/2025, 4:26:27 PM] POST /login 
[12/31/2025, 4:26:27 PM] GET / 
[12/31/2025, 4:26:38 PM] GET /admin 
[12/31/2025, 4:26:43 PM] GET /product/6952103878fe8886f673cc2b 
[12/31/2025, 4:26:50 PM] POST /add-to-cart 
[12/31/2025, 4:26:52 PM] GET /logout 
[12/31/2025, 4:26:53 PM] GET / 
[12/31/2025, 4:26:54 PM] GET /login 
[12/31/2025, 4:27:05 PM] POST /login 
[12/31/2025, 4:27:05 PM] GET / 
[12/31/2025, 4:27:07 PM] GET /cart 
[12/31/2025, 4:27:13 PM] POST /place-order 
[12/31/2025, 4:27:25 PM] GET /cart 
[12/31/2025, 4:27:30 PM] POST /place-order 
[12/31/2025, 4:27:38 PM] GET /Quan 
[12/31/2025, 4:27:40 PM] GET /product/6952103878fe8886f673cc0f 
[12/31/2025, 4:27:44 PM] GET /cart 
[12/31/2025, 4:27:48 PM] POST /remove-from-cart 
[12/31/2025, 4:27:49 PM] GET /cart 
[12/31/2025, 4:27:52 PM] POST /place-order 
[12/31/2025, 4:27:59 PM] POST /place-order 
[12/31/2025, 4:28:02 PM] GET /cart 
[12/31/2025, 4:28:04 PM] GET /cart 
[12/31/2025, 4:28:08 PM] GET /order 
[12/31/2025, 4:28:10 PM] GET /cart 
[12/31/2025, 4:28:23 PM] GET /Quan 
[12/31/2025, 4:28:26 PM] GET /logout 
[12/31/2025, 4:28:26 PM] GET / 
[12/31/2025, 4:28:27 PM] GET /login 
[12/31/2025, 4:28:32 PM] POST /login 
[12/31/2025, 4:28:32 PM] GET / 
[12/31/2025, 4:28:35 PM] GET /admin 
[12/31/2025, 4:28:35 PM] GET /admin/login 
[12/31/2025, 4:28:45 PM] POST /admin/login 
[12/31/2025, 4:28:45 PM] GET /admin 
[12/31/2025, 4:28:56 PM] GET /product/6952103878fe8886f673cc07 
[12/31/2025, 4:28:59 PM] POST /add-to-cart 
[12/31/2025, 4:29:00 PM] GET /cart 
[12/31/2025, 4:29:04 PM] POST /place-order 
[12/31/2025, 4:29:14 PM] GET /order 
[12/31/2025, 4:29:17 PM] GET /cart 
[12/31/2025, 4:29:24 PM] POST /place-order 
[12/31/2025, 4:29:28 PM] GET / 
[12/31/2025, 4:29:31 PM] GET /Vest 
[12/31/2025, 4:29:32 PM] GET /product/6952103878fe8886f673cc07 
[12/31/2025, 4:31:27 PM] GET /admin 
[12/31/2025, 4:31:27 PM] GET /admin/login 
[12/31/2025, 4:31:35 PM] GET / 
[12/31/2025, 4:31:42 PM] POST /admin/login 
[12/31/2025, 4:31:42 PM] GET /admin 
[12/31/2025, 4:31:46 PM] GET /product/6952103878fe8886f673cc07 
[12/31/2025, 4:31:48 PM] GET /logout 
[12/31/2025, 4:31:48 PM] GET / 
[12/31/2025, 4:31:58 PM] POST /place-order 
[12/31/2025, 4:32:03 PM] GET /cart 
[12/31/2025, 4:32:03 PM] GET /login 
[12/31/2025, 4:32:04 PM] GET /login 
[12/31/2025, 4:32:11 PM] POST /login 
[12/31/2025, 4:32:11 PM] GET / 
[12/31/2025, 4:32:14 PM] GET /cart 
[12/31/2025, 4:32:17 PM] POST /place-order 
[12/31/2025, 4:32:24 PM] POST /remove-from-cart 
[12/31/2025, 4:32:24 PM] GET /cart 
[12/31/2025, 4:32:26 PM] GET / 
[12/31/2025, 4:32:29 PM] GET /product/6952103878fe8886f673cc07 
[12/31/2025, 4:32:31 PM] POST /add-to-cart 
[12/31/2025, 4:32:34 PM] GET /cart 
[12/31/2025, 4:32:38 PM] POST /update-cart 
[12/31/2025, 4:32:38 PM] GET /cart 
[12/31/2025, 4:32:42 PM] POST /place-order 
[12/31/2025, 4:32:43 PM] GET /payment/simulate/momo/BIN1767173562671 
[12/31/2025, 4:32:43 PM] GET /order?msg=Simulated_Success 
[12/31/2025, 4:32:47 PM] GET /Vest 
[12/31/2025, 4:32:48 PM] GET /product/6952103878fe8886f673cc03 
[12/31/2025, 4:32:51 PM] GET /product/6952103878fe8886f673cc05 
[12/31/2025, 4:32:52 PM] POST /add-to-cart 
[12/31/2025, 4:32:54 PM] GET /cart 
[12/31/2025, 4:32:57 PM] POST /place-order 
[12/31/2025, 4:32:58 PM] GET /payment/simulate/momo/BIN1767173577696 
[12/31/2025, 4:32:58 PM] GET /order?msg=Simulated_Success 
[12/31/2025, 4:33:03 PM] GET /admin/products 
[12/31/2025, 4:33:03 PM] GET /admin/login 
[12/31/2025, 4:33:09 PM] GET /admin 
[12/31/2025, 4:33:09 PM] GET /admin/login 
[12/31/2025, 4:33:15 PM] POST /admin/login 
[12/31/2025, 4:33:15 PM] GET /admin 
[12/31/2025, 4:33:16 PM] GET /admin/products 
[12/31/2025, 4:33:17 PM] GET /css/admin-style.css 
[12/31/2025, 4:33:21 PM] GET /admin/users 
[12/31/2025, 4:33:23 PM] GET /admin/config 
[12/31/2025, 4:33:26 PM] POST /admin/logs/clear 
[12/31/2025, 4:33:29 PM] GET /admin/orders 
[12/31/2025, 4:33:35 PM] POST /admin/orders/update-status/6954edc94607e88ac0d8ad31 
[12/31/2025, 4:33:35 PM] GET /admin/orders 
[12/31/2025, 4:33:42 PM] POST /admin/orders/update-status/6954edba4607e88ac0d8acf2 
[12/31/2025, 4:33:42 PM] GET /admin/orders 
[12/31/2025, 4:33:45 PM] POST /admin/orders/update-status/6954ecf4193a89391deb36f9 
[12/31/2025, 4:33:45 PM] GET /admin/orders 
[12/31/2025, 4:33:50 PM] GET /admin/orders?status=delivering 
[12/31/2025, 4:33:52 PM] GET /admin/orders?status=pending 
[12/31/2025, 4:33:55 PM] POST /admin/orders/update-status/6954ece1193a89391deb36e2 
[12/31/2025, 4:33:55 PM] GET /admin/orders 
[12/31/2025, 4:33:59 PM] POST /admin/orders/update-status/6954ec98193a89391deb3596 
[12/31/2025, 4:33:59 PM] GET /admin/orders 
[12/31/2025, 4:34:05 PM] GET /admin 
[12/31/2025, 4:34:18 PM] GET /admin/orders/api/revenue-data?start=2025-11-30&end=2025-12-31 
[12/31/2025, 4:37:10 PM] GET /admin/users 
[12/31/2025, 4:37:10 PM] GET /admin/login 
[12/31/2025, 4:37:17 PM] GET /admin/config 
[12/31/2025, 4:37:17 PM] GET /admin/login 
[12/31/2025, 4:37:28 PM] GET /admin/orders 
[12/31/2025, 4:37:28 PM] GET /admin/login 
[12/31/2025, 4:37:34 PM] POST /admin/login 
[12/31/2025, 4:37:34 PM] GET /admin 
[12/31/2025, 4:37:37 PM] GET /admin/orders 
[12/31/2025, 4:37:39 PM] GET /admin 
[12/31/2025, 4:37:47 PM] GET /admin/orders/api/revenue-data?start=2025-12-09&end=2026-01-11 
[12/31/2025, 4:37:55 PM] POST /admin/users/toggle-lock/6952c6bc11357dfb3b54ba0c 
[12/31/2025, 4:37:55 PM] GET /admin/users 
[12/31/2025, 4:37:56 PM] POST /admin/users/toggle-lock/6952c6bc11357dfb3b54ba0c 
[12/31/2025, 4:37:57 PM] GET /admin/users 
[12/31/2025, 4:37:58 PM] GET /admin/config 
[12/31/2025, 4:40:19 PM] GET /admin/config 
[12/31/2025, 4:40:19 PM] GET /admin/login 
[12/31/2025, 4:40:24 PM] POST /admin/login 
[12/31/2025, 4:40:24 PM] GET /admin 
[12/31/2025, 4:40:27 PM] GET /admin/config 
[12/31/2025, 4:40:30 PM] POST /admin/config/logs/clear 
[12/31/2025, 4:40:30 PM] GET /admin/config 
[12/31/2025, 4:40:32 PM] POST /admin/config/save 
[12/31/2025, 4:40:32 PM] GET /admin/config?success=true 
[12/31/2025, 4:40:35 PM] GET /admin/orders 
[12/31/2025, 4:40:55 PM] GET /admin/orders?status=delivering 
[12/31/2025, 4:41:00 PM] GET /admin/orders?status=cancelled 
[12/31/2025, 4:41:05 PM] POST /admin/orders/update-status/69540cbc21cf424309ac9b25 
[12/31/2025, 4:41:09 PM] GET /admin/orders?status=pending 
[12/31/2025, 4:47:18 PM] GET /admin/orders?status=pending 
[12/31/2025, 4:47:18 PM] GET /admin/login 
[12/31/2025, 4:47:23 PM] POST /admin/login 
[12/31/2025, 4:47:24 PM] GET /admin 
[12/31/2025, 4:47:27 PM] GET /admin/orders 
[12/31/2025, 4:47:31 PM] GET /admin/orders?status=pending 
[12/31/2025, 4:47:34 PM] GET /admin/orders?status=delivering 
[12/31/2025, 4:47:38 PM] GET /admin/orders?status=delivered 
[12/31/2025, 4:47:40 PM] GET /admin/orders?status=cancelled 
[12/31/2025, 4:47:44 PM] GET /admin 
[12/31/2025, 4:47:47 PM] GET / 
[12/31/2025, 5:00:25 PM] GET / 
[12/31/2025, 5:09:30 PM] GET / 
[12/31/2025, 5:09:38 PM] GET /product/6952103878fe8886f673cc07 
[12/31/2025, 5:09:47 PM] POST /add-to-cart 
[12/31/2025, 5:09:54 PM] GET / 
[12/31/2025, 5:10:00 PM] GET /product/6952103878fe8886f673cc17 
[12/31/2025, 5:10:04 PM] GET /product/6953e9271e2be3f4030a6642 
[12/31/2025, 5:10:10 PM] GET /product/6953fac86bc413cd3c99a6e5 
[12/31/2025, 5:10:14 PM] GET /product/6952103878fe8886f673cc3f 
[12/31/2025, 5:10:44 PM] GET / 
[12/31/2025, 5:10:47 PM] GET /product/6952103878fe8886f673cc05 
[12/31/2025, 5:10:58 PM] GET /product/6952a0d353541cde43388467 
[12/31/2025, 5:11:01 PM] GET /product/6953fe084a7cbb8ae5fd23de 
[12/31/2025, 5:11:03 PM] GET /product/6953e9271e2be3f4030a6642 
[12/31/2025, 5:11:13 PM] GET /product/6954e11fed05b057267c7e34 
[12/31/2025, 5:11:19 PM] GET / 
[12/31/2025, 5:11:22 PM] GET / 
[12/31/2025, 5:11:27 PM] GET / 
[12/31/2025, 5:11:31 PM] GET / 
[12/31/2025, 5:13:59 PM] GET / 
[12/31/2025, 5:14:03 PM] GET /product/6952103878fe8886f673cc27 
[12/31/2025, 5:14:42 PM] GET / 
[12/31/2025, 5:15:01 PM] GET /product/6952103878fe8886f673cc07 
[12/31/2025, 5:15:13 PM] GET /Vest 
[12/31/2025, 5:15:44 PM] GET /product/6952103878fe8886f673cc09 
[12/31/2025, 5:17:26 PM] GET / 
[12/31/2025, 5:17:28 PM] GET / 
[12/31/2025, 5:17:31 PM] GET / 
[12/31/2025, 5:17:34 PM] GET / 
[12/31/2025, 5:17:35 PM] GET / 
[12/31/2025, 5:17:35 PM] GET / 
[12/31/2025, 5:17:37 PM] GET / 
[12/31/2025, 5:17:38 PM] GET / 
[12/31/2025, 5:17:39 PM] GET / 
[12/31/2025, 5:18:04 PM] GET / 
[12/31/2025, 5:18:06 PM] GET / 
[12/31/2025, 5:18:08 PM] GET / 
[12/31/2025, 5:18:09 PM] GET / 
[12/31/2025, 5:18:11 PM] GET / 
[12/31/2025, 5:18:37 PM] GET / 
[12/31/2025, 5:18:39 PM] GET / 
[12/31/2025, 5:18:40 PM] GET / 
[12/31/2025, 5:18:41 PM] GET / 
[12/31/2025, 5:18:42 PM] GET / 
[12/31/2025, 5:18:43 PM] GET / 
[12/31/2025, 5:18:43 PM] GET / 
[12/31/2025, 5:18:45 PM] GET /Vest 
[12/31/2025, 5:18:46 PM] GET /Quan 
[12/31/2025, 5:18:46 PM] GET /Aosomi 
[12/31/2025, 5:18:49 PM] GET /register 
[12/31/2025, 5:18:49 PM] GET /login 
[12/31/2025, 5:18:50 PM] GET /order 
[12/31/2025, 5:18:50 PM] GET /login 
[12/31/2025, 5:18:52 PM] GET /cart 
[12/31/2025, 5:18:52 PM] GET /login 
[12/31/2025, 5:25:27 PM] GET / 
[12/31/2025, 5:25:41 PM] GET /Vest 
[12/31/2025, 5:25:54 PM] GET /product/6952103878fe8886f673cc05 
[12/31/2025, 5:25:59 PM] GET /product/695405b206e5d094d3f07e06 
[12/31/2025, 5:26:04 PM] GET /Aosomi 
[12/31/2025, 5:26:07 PM] GET /product/6952103878fe8886f673cc23 
[12/31/2025, 5:26:13 PM] GET / 
[12/31/2025, 5:26:18 PM] GET /Quan 
[12/31/2025, 5:26:23 PM] GET /product/6952103878fe8886f673cc1b 
[12/31/2025, 5:26:27 PM] GET /login 
[12/31/2025, 5:26:28 PM] GET /register 
[12/31/2025, 5:26:30 PM] GET /order 
[12/31/2025, 5:26:30 PM] GET /login 
[12/31/2025, 5:26:31 PM] GET /cart 
[12/31/2025, 5:26:31 PM] GET /login 
[12/31/2025, 5:26:33 PM] GET / 
[12/31/2025, 5:26:37 PM] GET /Quan 
[12/31/2025, 5:26:39 PM] GET /Aosomi 
[12/31/2025, 5:26:40 PM] GET /Aodai 
[12/31/2025, 5:26:41 PM] GET /Phukien 
[12/31/2025, 5:26:42 PM] GET /Vest 
[12/31/2025, 5:26:44 PM] GET / 
[12/31/2025, 5:26:50 PM] GET /product/6953e9271e2be3f4030a6642 
[12/31/2025, 5:30:59 PM] GET / 
[12/31/2025, 5:31:03 PM] GET / 
[12/31/2025, 5:31:07 PM] GET /product/6952103878fe8886f673cc05 
[12/31/2025, 5:31:17 PM] GET /Quan 
[12/31/2025, 5:31:26 PM] GET /login 
[12/31/2025, 5:33:55 PM] GET / 
[12/31/2025, 5:34:06 PM] GET /Quan 
[12/31/2025, 5:34:24 PM] GET / 
[12/31/2025, 5:37:40 PM] GET / 
[12/31/2025, 5:37:45 PM] GET /product/6952103878fe8886f673cc07 
[12/31/2025, 5:37:50 PM] GET /Quan 
[12/31/2025, 5:37:53 PM] GET /product/6952103878fe8886f673cc0f 
[12/31/2025, 5:37:58 PM] GET / 
[12/31/2025, 5:39:15 PM] GET / 
[12/31/2025, 5:43:10 PM] GET /admin 
[12/31/2025, 5:43:10 PM] GET /admin/login 
[12/31/2025, 5:43:15 PM] POST /admin/login 
[12/31/2025, 5:43:15 PM] GET /admin 
[12/31/2025, 5:43:20 PM] GET /admin/products 
[12/31/2025, 5:43:20 PM] GET /css/admin-style.css 
[12/31/2025, 5:43:26 PM] POST /admin/products/toggle-product/6953e9271e2be3f4030a6642 
[12/31/2025, 5:43:27 PM] GET /admin/products 
[12/31/2025, 5:43:27 PM] GET /css/admin-style.css 
[12/31/2025, 5:43:29 PM] POST /admin/products/toggle-product/6953e9271e2be3f4030a6642 
[12/31/2025, 5:43:29 PM] GET /admin/products 
[12/31/2025, 5:43:30 PM] GET /css/admin-style.css 
[12/31/2025, 5:43:31 PM] GET /admin/products/toggle-hot/6953e9271e2be3f4030a6642 
[12/31/2025, 5:46:15 PM] GET /admin/products 
[12/31/2025, 5:46:15 PM] GET /admin/login 
[12/31/2025, 5:46:20 PM] POST /admin/login 
[12/31/2025, 5:46:20 PM] GET /admin 
[12/31/2025, 5:46:24 PM] GET /admin/orders 
[12/31/2025, 5:46:26 PM] GET /admin/products 
[12/31/2025, 5:46:26 PM] GET /css/admin-style.css 
[12/31/2025, 5:46:34 PM] GET /admin/products/toggle-hot/6953e9271e2be3f4030a6642 
[12/31/2025, 5:46:36 PM] POST /admin/products/toggle-product/6953e9271e2be3f4030a6642 
[12/31/2025, 5:46:36 PM] GET /admin/products 
[12/31/2025, 5:46:37 PM] GET /css/admin-style.css 
[12/31/2025, 5:48:32 PM] GET /admin/products 
[12/31/2025, 5:48:32 PM] GET /admin/login 
[12/31/2025, 5:48:38 PM] POST /admin/login 
[12/31/2025, 5:48:38 PM] GET /admin 
[12/31/2025, 5:48:41 PM] GET /admin/products 
[12/31/2025, 5:48:41 PM] GET /css/admin-style.css 
[12/31/2025, 5:48:47 PM] POST /admin/products/toggle-hot/6953e9271e2be3f4030a6642 
[12/31/2025, 5:48:50 PM] POST /admin/products/toggle-product/6953e9271e2be3f4030a6642 
[12/31/2025, 5:48:50 PM] GET /admin/products 
[12/31/2025, 5:48:50 PM] GET /css/admin-style.css 
[12/31/2025, 5:52:12 PM] GET /admin/products 
[12/31/2025, 5:52:12 PM] GET /admin/login 
[12/31/2025, 5:52:18 PM] POST /admin/login 
[12/31/2025, 5:52:18 PM] GET /admin 
[12/31/2025, 5:52:20 PM] GET /admin/products 
[12/31/2025, 5:52:20 PM] GET /css/admin-style.css 
[12/31/2025, 5:52:26 PM] POST /admin/products/toggle-product/6953e9271e2be3f4030a6642 
[12/31/2025, 5:52:26 PM] GET /admin/products 
[12/31/2025, 5:52:27 PM] GET /css/admin-style.css 
[12/31/2025, 5:52:29 PM] POST /admin/products/toggle-product/6953e9271e2be3f4030a6642 
[12/31/2025, 5:52:30 PM] GET /admin/products 
[12/31/2025, 5:52:30 PM] GET /css/admin-style.css 
[12/31/2025, 5:52:32 PM] GET /admin/products/toggle-hot/6953e9271e2be3f4030a6642 
[12/31/2025, 5:56:53 PM] GET /admin/products 
[12/31/2025, 5:56:53 PM] GET /admin/login 
[12/31/2025, 5:56:59 PM] POST /admin/login 
[12/31/2025, 5:57:00 PM] GET /admin 
[12/31/2025, 5:57:04 PM] GET /admin/products 
[12/31/2025, 5:57:05 PM] GET /css/admin-style.css 
[12/31/2025, 5:59:16 PM] GET /admin/products 
[12/31/2025, 5:59:16 PM] GET /admin/login 
[12/31/2025, 5:59:20 PM] POST /admin/login 
[12/31/2025, 5:59:20 PM] GET /admin 
[12/31/2025, 5:59:23 PM] GET /admin/products 
[12/31/2025, 5:59:24 PM] GET /css/admin-style.css 
[12/31/2025, 5:59:27 PM] POST /admin/products/toggle-hot/6953e9271e2be3f4030a6642 
[12/31/2025, 5:59:47 PM] POST /admin/products/toggle-product/6953e9271e2be3f4030a6642 
[12/31/2025, 5:59:47 PM] GET /admin/products 
[12/31/2025, 5:59:47 PM] GET /css/admin-style.css 
[12/31/2025, 5:59:49 PM] POST /admin/products/toggle-product/6953e9271e2be3f4030a6642 
[12/31/2025, 5:59:50 PM] GET /admin/products 
[12/31/2025, 5:59:50 PM] GET /css/admin-style.css 
[12/31/2025, 5:59:52 PM] GET / 
[12/31/2025, 5:59:58 PM] POST /admin/products/toggle-hot/6952103878fe8886f673cc43 
[12/31/2025, 6:00:02 PM] GET /admin/products 
[12/31/2025, 6:00:02 PM] GET /css/admin-style.css 
[12/31/2025, 6:00:03 PM] GET /admin/products 
[12/31/2025, 6:00:03 PM] GET /css/admin-style.css 
[12/31/2025, 6:00:14 PM] POST /admin/products/toggle-product/6953e9271e2be3f4030a6642 
[12/31/2025, 6:00:15 PM] GET /admin/products 
[12/31/2025, 6:00:15 PM] GET /css/admin-style.css 
[12/31/2025, 6:00:18 PM] GET / 
[12/31/2025, 6:00:23 PM] GET / 
[12/31/2025, 6:01:33 PM] GET / 
[12/31/2025, 6:01:37 PM] GET /product/6953e9271e2be3f4030a6642 
[12/31/2025, 6:01:41 PM] GET /Vest 
[12/31/2025, 6:01:43 PM] GET /product/6953eb87f43ead5fda718500 
[12/31/2025, 6:01:46 PM] GET /Vest 
[12/31/2025, 6:01:51 PM] GET /Aodai 
[12/31/2025, 6:01:55 PM] GET /Phukien 
[12/31/2025, 6:01:56 PM] GET /Quan 
[12/31/2025, 6:01:58 PM] GET /Aosomi 
[12/31/2025, 6:02:00 PM] GET /Vest 
[12/31/2025, 6:02:04 PM] GET / 
[12/31/2025, 6:02:05 PM] GET / 
[12/31/2025, 6:05:20 PM] GET / 
[12/31/2025, 6:05:28 PM] GET /admin/products 
[12/31/2025, 6:05:28 PM] GET /admin/login 
[12/31/2025, 6:05:34 PM] POST /admin/login 
[12/31/2025, 6:05:34 PM] GET /admin 
[12/31/2025, 6:05:39 PM] GET /admin/products 
[12/31/2025, 6:05:40 PM] GET /css/admin-style.css 
[12/31/2025, 6:05:43 PM] POST /admin/products/toggle-product/6953e9271e2be3f4030a6642 
[12/31/2025, 6:05:44 PM] GET /admin/products 
[12/31/2025, 6:05:45 PM] GET /css/admin-style.css 
[12/31/2025, 6:05:47 PM] POST /admin/products/toggle-hot/6953e9271e2be3f4030a6642 
[12/31/2025, 6:05:52 PM] GET / 
[12/31/2025, 6:05:54 PM] GET /product/6953e9271e2be3f4030a6642 
[12/31/2025, 6:06:08 PM] GET /Vest 
[12/31/2025, 6:08:05 PM] GET / 
[12/31/2025, 6:08:14 PM] POST /admin/products/toggle-hot/6953e9271e2be3f4030a6642 
[12/31/2025, 6:08:14 PM] GET /admin/login 
[12/31/2025, 6:08:19 PM] POST /admin/login 
[12/31/2025, 6:08:19 PM] GET /admin 
[12/31/2025, 6:08:22 PM] GET /admin/products 
[12/31/2025, 6:08:22 PM] GET /css/admin-style.css 
[12/31/2025, 6:08:32 PM] GET /admin/products/toggle-hot/6952103878fe8886f673cc43 
[12/31/2025, 6:08:33 PM] GET /admin/products 
[12/31/2025, 6:08:33 PM] GET /css/admin-style.css 
[12/31/2025, 6:08:46 PM] GET /Vest 
[12/31/2025, 6:08:47 PM] GET / 
[12/31/2025, 6:08:51 PM] GET /product/6952103878fe8886f673cc43 
[12/31/2025, 6:09:14 PM] GET /admin/products 
[12/31/2025, 6:09:14 PM] GET /admin/login 
[12/31/2025, 6:09:18 PM] POST /admin/login 
[12/31/2025, 6:09:19 PM] GET /admin 
[12/31/2025, 6:09:23 PM] GET /admin/products 
[12/31/2025, 6:09:24 PM] GET /css/admin-style.css 
[12/31/2025, 6:10:07 PM] GET /admin/products 
[12/31/2025, 6:10:07 PM] GET /admin/login 
[12/31/2025, 6:10:13 PM] POST /admin/login 
[12/31/2025, 6:10:13 PM] GET /admin 
[12/31/2025, 6:10:15 PM] GET /admin/products 
[12/31/2025, 6:10:15 PM] GET /css/admin-style.css 
[12/31/2025, 6:10:21 PM] POST /admin/products/toggle-hot/6952103878fe8886f673cc3f 
[12/31/2025, 6:10:25 PM] POST /admin/products/toggle-product/6952103878fe8886f673cc3f 
[12/31/2025, 6:10:25 PM] GET /admin/products 
[12/31/2025, 6:10:25 PM] GET /css/admin-style.css 
[12/31/2025, 6:10:28 PM] POST /admin/products/toggle-product/6952103878fe8886f673cc3f 
[12/31/2025, 6:10:28 PM] GET /admin/products 
[12/31/2025, 6:10:28 PM] GET /css/admin-style.css 
[12/31/2025, 6:10:31 PM] GET /admin/products/add-product 
[12/31/2025, 6:10:31 PM] GET /css/admin-style.css 
[12/31/2025, 6:10:33 PM] GET /admin/products 
[12/31/2025, 6:10:33 PM] GET /css/admin-style.css 
[12/31/2025, 6:10:35 PM] GET /admin/products/edit-product/6952103878fe8886f673cc43 
[12/31/2025, 6:10:36 PM] GET /css/admin-style.css 
[12/31/2025, 6:12:27 PM] GET /admin/products 
[12/31/2025, 6:12:27 PM] GET /admin/login 
[12/31/2025, 6:12:33 PM] POST /admin/login 
[12/31/2025, 6:12:34 PM] GET /admin 
[12/31/2025, 6:12:41 PM] GET /admin/products 
[12/31/2025, 6:12:42 PM] GET /css/admin-style.css 
[12/31/2025, 6:12:44 PM] POST /admin/products/toggle-hot/6952103878fe8886f673cc3f 
[12/31/2025, 6:12:44 PM] GET /admin/products 
[12/31/2025, 6:12:44 PM] GET /css/admin-style.css 
[12/31/2025, 6:12:47 PM] POST /admin/products/toggle-hot/6952103878fe8886f673cc3b 
[12/31/2025, 6:12:47 PM] GET /admin/products 
[12/31/2025, 6:12:48 PM] GET /css/admin-style.css 
[12/31/2025, 6:12:49 PM] POST /admin/products/toggle-hot/6952103878fe8886f673cc37 
[12/31/2025, 6:12:50 PM] GET /admin/products 
[12/31/2025, 6:12:50 PM] GET /css/admin-style.css 
[12/31/2025, 6:12:52 PM] POST /admin/products/toggle-hot/6952103878fe8886f673cc33 
[12/31/2025, 6:12:53 PM] GET /admin/products 
[12/31/2025, 6:12:53 PM] GET /css/admin-style.css 
[12/31/2025, 6:12:55 PM] POST /admin/products/toggle-hot/6954e11fed05b057267c7e34 
[12/31/2025, 6:12:55 PM] GET /admin/products 
[12/31/2025, 6:12:56 PM] GET /css/admin-style.css 
[12/31/2025, 6:12:59 PM] POST /admin/products/toggle-hot/6952103878fe8886f673cc2f 
[12/31/2025, 6:12:59 PM] GET /admin/products 
[12/31/2025, 6:12:59 PM] GET /css/admin-style.css 
[12/31/2025, 6:13:01 PM] POST /admin/products/toggle-hot/6952103878fe8886f673cc2b 
[12/31/2025, 6:13:01 PM] GET /admin/products 
[12/31/2025, 6:13:02 PM] GET /css/admin-style.css 
[12/31/2025, 6:13:04 PM] POST /admin/products/toggle-hot/6952103878fe8886f673cc27 
[12/31/2025, 6:13:04 PM] GET /admin/products 
[12/31/2025, 6:13:04 PM] GET /css/admin-style.css 
[12/31/2025, 6:13:10 PM] GET / 
[12/31/2025, 6:13:27 PM] GET /product/6952103878fe8886f673cc27 
[12/31/2025, 6:14:15 PM] GET /Vest 
[12/31/2025, 6:14:23 PM] GET / 
[12/31/2025, 6:14:23 PM] GET /favicon.ico 
[12/31/2025, 6:14:30 PM] GET /Vest 
[12/31/2025, 6:14:36 PM] GET /Aosomi 
[12/31/2025, 6:14:40 PM] GET /Aodai 
[12/31/2025, 6:14:43 PM] GET /product/6953e9271e2be3f4030a6642 
[12/31/2025, 6:14:49 PM] GET /Phukien 
[12/31/2025, 6:14:56 PM] GET /cart 
[12/31/2025, 6:14:56 PM] GET /login 
[12/31/2025, 6:14:59 PM] GET /register 
[12/31/2025, 6:15:00 PM] GET /order 
[12/31/2025, 6:15:00 PM] GET /login 
[12/31/2025, 6:15:02 PM] GET /login 
[12/31/2025, 6:15:03 PM] GET /cart 
[12/31/2025, 6:15:03 PM] GET /login 
[12/31/2025, 6:15:04 PM] GET /login 
[12/31/2025, 6:15:10 PM] POST /login 
[12/31/2025, 6:15:10 PM] GET / 
[12/31/2025, 6:15:27 PM] GET /Vest 
[12/31/2025, 6:17:21 PM] GET /?zarsrc=30&utm_source=zalo&utm_medium=zalo&utm_campaign=zalo 
[12/31/2025, 6:17:22 PM] GET /favicon.ico 
[12/31/2025, 6:17:24 PM] GET /?zarsrc=30&utm_source=zalo&utm_medium=zalo&utm_campaign=zalo 
[12/31/2025, 6:17:26 PM] GET /?zarsrc=30&utm_source=zalo&utm_medium=zalo&utm_campaign=zalo 
[12/31/2025, 6:17:27 PM] GET /favicon.ico 
[12/31/2025, 6:17:32 PM] GET /?zarsrc=30&utm_source=zalo&utm_medium=zalo&utm_campaign=zalo 
[12/31/2025, 6:17:48 PM] GET /product/6952103878fe8886f673cc37 
[12/31/2025, 6:18:03 PM] GET /Quan 
[12/31/2025, 6:18:06 PM] GET /Aosomi 
[12/31/2025, 6:18:08 PM] GET /Aodai 
[12/31/2025, 6:18:09 PM] GET /Phukien 
[12/31/2025, 6:18:30 PM] GET /order 
[12/31/2025, 6:18:31 PM] GET /login 
[12/31/2025, 6:18:38 PM] GET /product/6952103878fe8886f673cc43 
[12/31/2025, 6:18:50 PM] GET /cart 
[12/31/2025, 6:18:50 PM] GET /login 
[12/31/2025, 6:18:57 PM] POST /login 
[12/31/2025, 6:18:57 PM] GET / 
[12/31/2025, 6:19:06 PM] GET /cart 
[12/31/2025, 6:23:57 PM] GET / 
[12/31/2025, 6:24:04 PM] GET /Vest 
[12/31/2025, 6:24:06 PM] GET /product/6952103878fe8886f673cc05 
[12/31/2025, 6:24:09 PM] GET /Aosomi 
[12/31/2025, 6:24:14 PM] GET /login 
[12/31/2025, 6:24:15 PM] GET /register 
[12/31/2025, 6:24:16 PM] GET /order 
[12/31/2025, 6:24:16 PM] GET /login 
[12/31/2025, 6:24:17 PM] GET /cart 
[12/31/2025, 6:24:17 PM] GET /login 
[12/31/2025, 6:24:19 PM] GET / 
[12/31/2025, 6:24:30 PM] GET /?zarsrc=30&utm_source=zalo&utm_medium=zalo&utm_campaign=zalo 
[12/31/2025, 6:24:30 PM] GET /?zarsrc=30&utm_source=zalo&utm_medium=zalo&utm_campaign=zalo 
[12/31/2025, 6:24:31 PM] GET /favicon.ico 
[12/31/2025, 6:24:32 PM] GET /?zarsrc=30&utm_source=zalo&utm_medium=zalo&utm_campaign=zalo 
[12/31/2025, 6:24:33 PM] GET /favicon.ico 
[12/31/2025, 6:24:41 PM] GET /login 
[12/31/2025, 6:24:48 PM] POST /login 
[12/31/2025, 6:24:49 PM] GET / 
[12/31/2025, 6:25:00 PM] GET /product/6952103878fe8886f673cc33 
[12/31/2025, 6:25:05 PM] GET /Aosomi 
[12/31/2025, 6:25:08 PM] GET /Phukien 
[12/31/2025, 6:25:10 PM] GET /Vest 
[12/31/2025, 6:25:16 PM] GET /Vest 
[12/31/2025, 6:25:18 PM] GET / 
[12/31/2025, 6:25:21 PM] GET /Quan 
[12/31/2025, 6:26:56 PM] GET / 
[12/31/2025, 6:26:59 PM] GET /Vest 
[12/31/2025, 6:27:02 PM] GET /Aodai 
[12/31/2025, 6:27:07 PM] GET /product/6953e9271e2be3f4030a6642 
[12/31/2025, 6:27:09 PM] GET /product/6952103878fe8886f673cc43 
[12/31/2025, 6:27:19 PM] GET /product/6952103878fe8886f673cc37 
[12/31/2025, 6:27:21 PM] GET /Aodai 
[12/31/2025, 6:27:22 PM] GET /product/6952103878fe8886f673cc3f 
[12/31/2025, 6:34:32 PM] GET / 
[12/31/2025, 6:34:34 PM] GET /favicon.ico 
[12/31/2025, 6:34:36 PM] GET / 
[12/31/2025, 6:34:54 PM] GET / 
[12/31/2025, 6:35:06 PM] GET /product/6952103878fe8886f673cc43 
[12/31/2025, 6:35:09 PM] GET /product/6952103878fe8886f673cc43 
[12/31/2025, 6:35:34 PM] GET / 
[12/31/2025, 6:35:37 PM] GET /product/6952103878fe8886f673cc37 
[12/31/2025, 6:35:48 PM] GET /admin/products 
[12/31/2025, 6:35:48 PM] GET /admin/login 
[12/31/2025, 6:35:55 PM] POST /admin/login 
[12/31/2025, 6:35:55 PM] GET /admin 
[12/31/2025, 6:36:00 PM] POST /admin/users/toggle-lock/695140217edb9135dbfea5d1 
[12/31/2025, 6:36:00 PM] GET /admin/users 
[12/31/2025, 6:36:02 PM] POST /admin/users/toggle-lock/695140217edb9135dbfea5d1 
[12/31/2025, 6:36:02 PM] GET /admin/users 
[12/31/2025, 6:36:04 PM] GET /admin/config 
[12/31/2025, 6:36:06 PM] POST /admin/config/save 
[12/31/2025, 6:36:07 PM] GET /admin/config?success=true 
[12/31/2025, 6:36:09 PM] GET /admin/orders 
[12/31/2025, 6:36:15 PM] POST /admin/orders/update-status/6954eb93346132b6b27c6f70 
[12/31/2025, 6:36:15 PM] GET /admin/orders 
[12/31/2025, 6:36:18 PM] POST /admin/orders/update-status/6954eacd7195373da9662def 
[12/31/2025, 6:36:18 PM] GET /admin/orders 
[12/31/2025, 6:36:22 PM] POST /admin/orders/update-status/6954eac87195373da9662de7 
[12/31/2025, 6:36:23 PM] GET /admin/orders 
[12/31/2025, 6:36:27 PM] POST /admin/orders/update-status/6954eac87195373da9662de7 
[12/31/2025, 6:36:27 PM] GET /admin/orders 
[12/31/2025, 6:36:33 PM] POST /admin/orders/update-status/6954eab17195373da9662dc1 
[12/31/2025, 6:36:33 PM] GET /admin/orders 
[12/31/2025, 6:36:37 PM] POST /admin/orders/update-status/6954ea797195373da9662bec 
[12/31/2025, 6:36:37 PM] GET /admin/orders 
[12/31/2025, 6:36:42 PM] GET /admin/orders?status=pending 
[12/31/2025, 6:36:44 PM] GET /admin/orders?status=delivered 
[12/31/2025, 6:36:50 PM] GET /admin/orders?status=cancelled 
[12/31/2025, 6:36:55 PM] GET /admin/orders?status= 
[12/31/2025, 6:37:01 PM] GET /admin 
[12/31/2025, 6:37:06 PM] GET /admin 
[12/31/2025, 6:37:18 PM] GET /admin/orders/api/revenue-data?start=2025-12-09&end=2025-12-24 
[12/31/2025, 6:39:34 PM] GET /admin 
[12/31/2025, 6:39:34 PM] GET /admin/login 
[12/31/2025, 6:39:41 PM] POST /admin/login 
[12/31/2025, 6:39:42 PM] GET /admin 
[12/31/2025, 6:39:45 PM] GET /admin 
[12/31/2025, 6:39:52 PM] GET /admin/orders/api/revenue-data?start=2025-12-31&end=2025-12-31 
[12/31/2025, 6:39:53 PM] GET /admin/orders/api/revenue-data?start=2025-11-30&end=2025-12-31 
[12/31/2025, 6:40:20 PM] GET /admin/orders 
[12/31/2025, 6:40:23 PM] GET /admin/products 
[12/31/2025, 6:40:23 PM] GET /css/admin-style.css 
[12/31/2025, 6:40:26 PM] POST /admin/products/toggle-hot/6953e9271e2be3f4030a6642 
[12/31/2025, 6:40:26 PM] GET /admin/products 
[12/31/2025, 6:40:26 PM] GET /css/admin-style.css 
[12/31/2025, 6:40:28 PM] POST /admin/products/toggle-hot/6952103878fe8886f673cc43 
[12/31/2025, 6:40:28 PM] GET /admin/products 
[12/31/2025, 6:40:28 PM] GET /css/admin-style.css 
[12/31/2025, 6:40:31 PM] POST /admin/products/toggle-hot/6952103878fe8886f673cc3f 
[12/31/2025, 6:40:31 PM] GET /admin/products 
[12/31/2025, 6:40:31 PM] GET /css/admin-style.css 
[12/31/2025, 6:40:37 PM] GET /admin/products/edit-product/6952103878fe8886f673cc3f 
[12/31/2025, 6:40:37 PM] GET /css/admin-style.css 
[12/31/2025, 6:40:40 PM] GET /admin/products/edit-product/6952103878fe8886f673cc3f 
[12/31/2025, 6:40:40 PM] GET /css/admin-style.css 
[12/31/2025, 6:40:43 PM] GET /admin/products/edit-product/6954e11fed05b057267c7e34 
[12/31/2025, 6:40:43 PM] GET /css/admin-style.css 
[12/31/2025, 6:40:49 PM] GET /admin/products/edit-product/6952103878fe8886f673cc33 
[12/31/2025, 6:40:49 PM] GET /css/admin-style.css 
[12/31/2025, 6:41:01 PM] POST /admin/products/edit-product/6952103878fe8886f673cc33 
[12/31/2025, 9:05:03 PM] GET /admin 
[12/31/2025, 9:05:03 PM] GET /admin/login 
[12/31/2025, 9:05:04 PM] GET /favicon.ico 
[12/31/2025, 9:05:08 PM] POST /admin/login 
[12/31/2025, 9:05:08 PM] GET /admin 
[12/31/2025, 9:05:14 PM] GET /admin/orders/api/revenue-data?start=2025-11-30&end=2025-12-31 
[12/31/2025, 9:05:15 PM] GET /admin/orders/api/revenue-data?start=2025-12-31&end=2025-12-31 
[12/31/2025, 9:05:15 PM] GET /admin/orders/api/revenue-data?start=2025-11-30&end=2025-12-31 
[12/31/2025, 9:05:20 PM] GET /admin/products 
[12/31/2025, 9:05:20 PM] GET /css/admin-style.css 
[12/31/2025, 9:05:34 PM] POST /admin/products/toggle-hot/6953e9271e2be3f4030a6642 
[12/31/2025, 9:05:34 PM] GET /admin/products 
[12/31/2025, 9:05:35 PM] GET /css/admin-style.css 
[12/31/2025, 9:05:52 PM] GET /admin/users 
[12/31/2025, 9:05:54 PM] GET /admin/orders 
[12/31/2025, 9:05:57 PM] GET /admin/config 
[12/31/2025, 9:06:44 PM] GET /admin/products 
[12/31/2025, 9:06:44 PM] GET /css/admin-style.css 
[12/31/2025, 9:06:57 PM] POST /admin/products/toggle-hot/6952103878fe8886f673cc37 
[12/31/2025, 9:06:58 PM] GET /admin/products 
[12/31/2025, 9:06:58 PM] GET /css/admin-style.css 
[12/31/2025, 9:07:01 PM] POST /admin/products/toggle-hot/6953e9271e2be3f4030a6642 
[12/31/2025, 9:07:02 PM] GET /admin/products 
[12/31/2025, 9:07:02 PM] GET /css/admin-style.css 
[12/31/2025, 9:09:11 PM] GET /admin/products 
[12/31/2025, 9:09:11 PM] GET /admin/login 
[12/31/2025, 9:09:15 PM] POST /admin/login 
[12/31/2025, 9:09:16 PM] GET /admin 
[12/31/2025, 9:09:19 PM] GET /admin/orders 
[12/31/2025, 9:09:23 PM] GET /admin/users 
[12/31/2025, 9:09:26 PM] GET /admin/products 
[12/31/2025, 9:09:26 PM] GET /css/admin-style.css 
[12/31/2025, 9:09:31 PM] POST /admin/products/toggle-hot/6953e9271e2be3f4030a6642 
[12/31/2025, 9:09:31 PM] GET /admin/products 
[12/31/2025, 9:09:31 PM] GET /css/admin-style.css 
[12/31/2025, 9:09:33 PM] POST /admin/products/toggle-hot/6953e9271e2be3f4030a6642 
[12/31/2025, 9:09:34 PM] GET /admin/products 
[12/31/2025, 9:09:34 PM] GET /css/admin-style.css 
[12/31/2025, 9:10:12 PM] GET /admin/config 
[12/31/2025, 9:10:16 PM] GET /admin/users 
[12/31/2025, 9:10:20 PM] GET /admin/orders 
[12/31/2025, 9:10:25 PM] GET /admin 
[12/31/2025, 9:10:32 PM] GET /admin/orders/api/revenue-data?start=2025-12-31&end=2025-12-31 
[12/31/2025, 9:10:36 PM] GET /admin/orders/api/revenue-data?start=2025-11-30&end=2025-12-31 
[12/31/2025, 9:10:51 PM] GET /admin/orders/api/revenue-data?start=2025-12-16&end=2026-01-01 
[12/31/2025, 9:13:55 PM] GET /admin/config 
[12/31/2025, 9:59:59 PM] GET / 
[12/31/2025, 10:00:02 PM] GET /login 
[12/31/2025, 10:00:06 PM] POST /login 
[12/31/2025, 10:00:06 PM] GET / 
[12/31/2025, 10:00:08 PM] GET /product/6952103878fe8886f673cc2f 
[12/31/2025, 10:00:19 PM] GET /Quan 
[12/31/2025, 10:00:20 PM] GET /product/6953fc286077faa2b433cfca 
[12/31/2025, 10:01:21 PM] GET /cart 
[12/31/2025, 10:01:21 PM] GET /api/ghn/provinces 
[12/31/2025, 10:02:15 PM] GET /logout 
[12/31/2025, 10:02:15 PM] GET / 
[12/31/2025, 10:02:17 PM] GET /login 
[12/31/2025, 10:02:22 PM] POST /login 
[12/31/2025, 10:02:22 PM] GET / 
[12/31/2025, 10:02:24 PM] GET /product/6952103878fe8886f673cc2f 
[12/31/2025, 10:02:26 PM] POST /add-to-cart 
[12/31/2025, 10:02:30 PM] GET /cart 
[12/31/2025, 10:02:30 PM] GET /api/ghn/provinces 
[12/31/2025, 10:04:09 PM] GET / 
[12/31/2025, 10:04:11 PM] GET /product/6952103878fe8886f673cc2b 
[12/31/2025, 10:04:13 PM] GET /login 
[12/31/2025, 10:04:19 PM] GET /register 
[12/31/2025, 10:04:37 PM] GET /login 
[12/31/2025, 10:04:46 PM] POST /login 
[12/31/2025, 10:04:46 PM] GET / 
[12/31/2025, 10:04:49 PM] GET /product/6952103878fe8886f673cc2f 
[12/31/2025, 10:04:51 PM] GET /Quan 
[12/31/2025, 10:04:59 PM] GET / 
[12/31/2025, 10:07:19 PM] GET / 
[12/31/2025, 10:07:25 PM] GET /product/6952103878fe8886f673cc2b 
[12/31/2025, 10:07:27 PM] GET /login 
[12/31/2025, 10:07:32 PM] GET / 
[12/31/2025, 10:07:38 PM] GET /product/6952103878fe8886f673cc3b 
[12/31/2025, 10:08:35 PM] GET / 
[12/31/2025, 10:08:43 PM] GET /login 
[12/31/2025, 10:08:45 PM] GET /product/6952103878fe8886f673cc2f 
[12/31/2025, 10:08:51 PM] GET /Quan 
[12/31/2025, 10:09:01 PM] GET / 
[12/31/2025, 10:09:36 PM] GET / 
[12/31/2025, 10:09:40 PM] GET /login 
[12/31/2025, 10:10:43 PM] POST /login 
[12/31/2025, 10:10:43 PM] GET / 
[12/31/2025, 10:10:45 PM] GET /cart 
[12/31/2025, 10:10:46 PM] GET /api/ghn/provinces 
[12/31/2025, 10:18:04 PM] GET /cart 
[12/31/2025, 10:18:04 PM] GET /login 
[12/31/2025, 10:18:11 PM] POST /login 
[12/31/2025, 10:18:11 PM] GET / 
[12/31/2025, 10:18:13 PM] GET /cart 
[12/31/2025, 10:18:13 PM] GET /api/ghn/provinces 
[12/31/2025, 10:18:18 PM] GET /cart 
[12/31/2025, 10:18:18 PM] GET /api/ghn/provinces 
[12/31/2025, 10:21:29 PM] GET /cart 
[12/31/2025, 10:21:29 PM] GET /login 
[12/31/2025, 10:21:34 PM] POST /login 
[12/31/2025, 10:21:34 PM] GET / 
[12/31/2025, 10:21:36 PM] GET /cart 
[12/31/2025, 10:21:36 PM] GET /api/ghn/provinces 
[12/31/2025, 10:21:45 PM] POST /save-profile 
[12/31/2025, 10:21:48 PM] GET /cart 
[12/31/2025, 10:21:48 PM] GET /api/ghn/provinces 
[12/31/2025, 10:22:08 PM] GET /.well-known/appspecific/com.chrome.devtools.json 
[12/31/2025, 10:22:18 PM] POST /save-profile 
[12/31/2025, 10:22:22 PM] POST /save-profile 
[12/31/2025, 10:22:26 PM] GET /cart 
[12/31/2025, 10:22:26 PM] GET /.well-known/appspecific/com.chrome.devtools.json 
[12/31/2025, 10:22:26 PM] GET /api/ghn/provinces 
[12/31/2025, 10:28:57 PM] GET /logout 
[12/31/2025, 10:28:57 PM] GET / 
[12/31/2025, 10:29:00 PM] GET /login 
[12/31/2025, 10:29:09 PM] POST /login 
[12/31/2025, 10:29:09 PM] GET / 
[12/31/2025, 10:29:11 PM] GET /cart 
[12/31/2025, 10:29:12 PM] GET /api/ghn/provinces 
[12/31/2025, 10:29:24 PM] GET /cart 
[12/31/2025, 10:29:24 PM] GET /api/ghn/provinces 
[12/31/2025, 10:29:28 PM] GET /.well-known/appspecific/com.chrome.devtools.json 
[12/31/2025, 10:29:33 PM] GET /cart 
[12/31/2025, 10:29:33 PM] GET /.well-known/appspecific/com.chrome.devtools.json 
[12/31/2025, 10:29:33 PM] GET /api/ghn/provinces 
[12/31/2025, 10:29:36 PM] GET /api/ghn/provinces 
[12/31/2025, 10:30:46 PM] GET /cart 
[12/31/2025, 10:30:46 PM] GET /login 
[12/31/2025, 10:30:46 PM] GET /.well-known/appspecific/com.chrome.devtools.json 
[12/31/2025, 10:31:00 PM] POST /login 
[12/31/2025, 10:31:01 PM] GET / 
[12/31/2025, 10:31:02 PM] GET /cart 
[12/31/2025, 10:31:03 PM] GET /api/ghn/provinces 
[12/31/2025, 10:31:09 PM] GET /.well-known/appspecific/com.chrome.devtools.json 
[12/31/2025, 10:31:13 PM] GET /cart 
[12/31/2025, 10:31:13 PM] GET /.well-known/appspecific/com.chrome.devtools.json 
[12/31/2025, 10:31:13 PM] GET /api/ghn/provinces 
[12/31/2025, 10:31:32 PM] GET /api/ghn/provinces 
[12/31/2025, 10:33:28 PM] GET /api/ghn/provinces 
[12/31/2025, 10:33:32 PM] GET /cart 
[12/31/2025, 10:33:32 PM] GET /login 
[12/31/2025, 10:33:32 PM] GET /.well-known/appspecific/com.chrome.devtools.json 
[12/31/2025, 10:33:41 PM] POST /login 
[12/31/2025, 10:33:41 PM] GET / 
[12/31/2025, 10:33:45 PM] GET /cart 
[12/31/2025, 10:33:45 PM] GET /api/ghn/provinces 
[12/31/2025, 10:33:52 PM] GET /api/ghn/districts/202 
[12/31/2025, 10:33:55 PM] GET /api/ghn/wards/1457 
[12/31/2025, 10:33:58 PM] POST /api/calc-shipping 
[12/31/2025, 10:34:33 PM] POST /save-profile 
[12/31/2025, 10:34:35 PM] POST /save-profile 
[12/31/2025, 10:34:36 PM] POST /save-profile 
[12/31/2025, 10:34:56 PM] POST /save-profile 
[12/31/2025, 10:34:57 PM] POST /save-profile 
[12/31/2025, 10:45:07 PM] GET /Quan 
[12/31/2025, 10:45:09 PM] GET /favicon.ico 
[12/31/2025, 10:45:16 PM] GET / 
[12/31/2025, 10:46:02 PM] GET /login 
[12/31/2025, 10:46:07 PM] POST /login 
[12/31/2025, 10:46:07 PM] GET / 
[12/31/2025, 10:46:09 PM] GET /cart 
[12/31/2025, 10:46:09 PM] GET /api/ghn/provinces 
[12/31/2025, 10:46:09 PM] GET /api/ghn/districts/202 
[12/31/2025, 10:46:09 PM] GET /api/ghn/wards/1457 
[12/31/2025, 10:46:10 PM] POST /api/calc-shipping 
[12/31/2025, 10:46:22 PM] POST /api/calc-shipping 
[12/31/2025, 10:46:23 PM] POST /api/calc-shipping 
[12/31/2025, 10:53:42 PM] GET /cart 
[12/31/2025, 10:53:42 PM] GET /login 
[12/31/2025, 10:53:48 PM] POST /login 
[12/31/2025, 10:53:48 PM] GET / 
[12/31/2025, 10:53:50 PM] GET /cart 
[12/31/2025, 10:53:50 PM] GET /api/ghn/provinces 
[12/31/2025, 10:53:51 PM] GET /api/ghn/districts/202 
[12/31/2025, 10:53:51 PM] GET /api/ghn/wards/1457 
[12/31/2025, 10:53:51 PM] POST /api/calc-shipping 
[12/31/2025, 10:55:27 PM] POST /save-profile 
[12/31/2025, 10:55:33 PM] GET / 
[12/31/2025, 10:55:34 PM] GET /product/6952103878fe8886f673cc27 
[12/31/2025, 10:55:44 PM] GET /cart 
[12/31/2025, 10:55:44 PM] GET /api/ghn/provinces 
[12/31/2025, 10:55:45 PM] GET /api/ghn/districts/202 
[12/31/2025, 10:55:45 PM] GET /api/ghn/wards/1457 
[12/31/2025, 10:55:45 PM] POST /api/calc-shipping 
[12/31/2025, 10:55:49 PM] GET /product/6952103878fe8886f673cc2f 
[12/31/2025, 10:55:53 PM] GET /Aosomi 
[12/31/2025, 10:55:54 PM] GET / 
[12/31/2025, 10:57:21 PM] GET /product/6952103878fe8886f673cc2f 
[12/31/2025, 10:57:22 PM] GET /login 
[12/31/2025, 10:57:28 PM] POST /login 
[12/31/2025, 10:57:28 PM] GET / 
[12/31/2025, 10:57:30 PM] GET /product/6952103878fe8886f673cc2f 
[12/31/2025, 10:58:04 PM] GET /Aosomi 
[12/31/2025, 10:58:10 PM] GET /product/6952103878fe8886f673cc27 
[12/31/2025, 10:58:12 PM] POST /add-to-cart 
[12/31/2025, 10:58:15 PM] GET /Quan 
[12/31/2025, 10:58:16 PM] GET /product/6952103878fe8886f673cc0f 
[12/31/2025, 10:58:19 PM] GET /cart 
[12/31/2025, 10:58:19 PM] GET /api/ghn/provinces 
[12/31/2025, 10:58:19 PM] GET /api/ghn/districts/202 
[12/31/2025, 10:58:19 PM] GET /api/ghn/wards/1457 
[12/31/2025, 10:58:20 PM] POST /api/calc-shipping 
[12/31/2025, 10:58:31 PM] POST /api/calc-shipping 
[12/31/2025, 10:58:32 PM] POST /api/calc-shipping 
[12/31/2025, 10:58:37 PM] POST /api/calc-shipping 
[12/31/2025, 10:59:33 PM] GET /cart 
[12/31/2025, 10:59:33 PM] GET /login 
[12/31/2025, 10:59:38 PM] POST /login 
[12/31/2025, 10:59:38 PM] GET / 
[12/31/2025, 10:59:40 PM] GET /product/6954e11fed05b057267c7e34 
[12/31/2025, 10:59:43 PM] GET /product/6952103878fe8886f673cc2f 
[12/31/2025, 10:59:46 PM] POST /add-to-cart 
[12/31/2025, 10:59:47 PM] GET /cart 
[12/31/2025, 10:59:47 PM] GET /api/ghn/provinces 
[12/31/2025, 10:59:48 PM] GET /api/ghn/districts/202 
[12/31/2025, 10:59:48 PM] GET /api/ghn/wards/1457 
[12/31/2025, 10:59:48 PM] POST /api/calc-shipping 
[12/31/2025, 10:59:56 PM] POST /api/calc-shipping 
[12/31/2025, 11:00:00 PM] POST /api/calc-shipping 
[12/31/2025, 11:00:02 PM] POST /api/calc-shipping 
[12/31/2025, 11:00:03 PM] POST /api/calc-shipping 
[12/31/2025, 11:00:59 PM] POST /api/calc-shipping 
[12/31/2025, 11:01:04 PM] GET /cart 
[12/31/2025, 11:01:05 PM] GET /api/ghn/provinces 
[12/31/2025, 11:01:05 PM] GET /api/ghn/districts/202 
[12/31/2025, 11:01:05 PM] GET /api/ghn/wards/1457 
[12/31/2025, 11:01:05 PM] POST /api/calc-shipping 
[12/31/2025, 11:01:09 PM] POST /api/calc-shipping 
[12/31/2025, 11:01:10 PM] POST /save-profile 
[12/31/2025, 11:01:15 PM] POST /api/calc-shipping 
[12/31/2025, 11:01:17 PM] GET /api/ghn/districts/205 
[12/31/2025, 11:01:19 PM] GET /api/ghn/wards/1992 
[12/31/2025, 11:01:21 PM] POST /api/calc-shipping 
[12/31/2025, 11:01:22 PM] POST /save-profile 
[12/31/2025, 11:01:26 PM] GET /cart 
[12/31/2025, 11:01:26 PM] GET /api/ghn/provinces 
[12/31/2025, 11:01:26 PM] GET /api/ghn/districts/205 
[12/31/2025, 11:01:27 PM] GET /api/ghn/wards/1992 
[12/31/2025, 11:01:27 PM] POST /api/calc-shipping 
[12/31/2025, 11:01:29 PM] POST /api/calc-shipping 
[12/31/2025, 11:01:30 PM] POST /api/calc-shipping 
[12/31/2025, 11:01:48 PM] GET /cart 
[12/31/2025, 11:01:49 PM] GET /api/ghn/provinces 
[12/31/2025, 11:01:49 PM] GET /api/ghn/districts/205 
[12/31/2025, 11:01:49 PM] GET /api/ghn/wards/1992 
[12/31/2025, 11:01:50 PM] POST /api/calc-shipping 
[12/31/2025, 11:01:53 PM] GET /api/ghn/districts/266 
[12/31/2025, 11:01:55 PM] GET /api/ghn/wards/2204 
[12/31/2025, 11:01:56 PM] POST /api/calc-shipping 
[12/31/2025, 11:02:00 PM] POST /save-profile 
[12/31/2025, 11:02:07 PM] POST /api/calc-shipping 
[12/31/2025, 11:02:08 PM] POST /api/calc-shipping 
[12/31/2025, 11:02:10 PM] GET / 
[12/31/2025, 11:02:11 PM] GET /cart 
[12/31/2025, 11:02:11 PM] GET /api/ghn/provinces 
[12/31/2025, 11:02:12 PM] GET /api/ghn/districts/266 
[12/31/2025, 11:02:12 PM] GET /api/ghn/wards/2204 
[12/31/2025, 11:02:12 PM] POST /api/calc-shipping 
[12/31/2025, 11:02:14 PM] POST /api/calc-shipping 
[12/31/2025, 11:02:39 PM] GET /api/ghn/districts/201 
[12/31/2025, 11:02:43 PM] GET /api/ghn/wards/1809 
[12/31/2025, 11:02:44 PM] POST /api/calc-shipping 
[12/31/2025, 11:02:49 PM] POST /save-profile 
[12/31/2025, 11:02:52 PM] GET /cart 
[12/31/2025, 11:02:53 PM] GET /api/ghn/provinces 
[12/31/2025, 11:02:53 PM] GET /api/ghn/districts/201 
[12/31/2025, 11:02:53 PM] GET /api/ghn/wards/1809 
[12/31/2025, 11:02:53 PM] POST /api/calc-shipping 
[12/31/2025, 11:02:56 PM] POST /api/calc-shipping 
[12/31/2025, 11:02:57 PM] POST /api/calc-shipping 
[12/31/2025, 11:02:58 PM] POST /api/calc-shipping 
[12/31/2025, 11:02:58 PM] POST /api/calc-shipping 
[12/31/2025, 11:10:12 PM] GET /logout 
[12/31/2025, 11:10:12 PM] GET / 
[12/31/2025, 11:10:15 PM] GET /login 
[12/31/2025, 11:10:21 PM] POST /login 
[12/31/2025, 11:10:21 PM] GET / 
[12/31/2025, 11:10:23 PM] GET /product/6952103878fe8886f673cc2f 
[12/31/2025, 11:10:25 PM] GET /cart 
[12/31/2025, 11:10:25 PM] GET /api/ghn/provinces 
[12/31/2025, 11:10:25 PM] GET /api/ghn/districts/201 
[12/31/2025, 11:10:26 PM] GET /api/ghn/wards/1809 
[12/31/2025, 11:10:26 PM] POST /api/calc-shipping 
[1/1/2026, 2:25:21 PM] GET /Quan 
[1/1/2026, 2:25:22 PM] GET /favicon.ico 
[1/1/2026, 2:25:23 PM] GET /login 
[1/1/2026, 2:25:33 PM] POST /login 
[1/1/2026, 2:25:33 PM] GET / 
[1/1/2026, 2:25:41 PM] GET /product/6952103878fe8886f673cc2b 
[1/1/2026, 2:25:54 PM] POST /add-to-cart 
[1/1/2026, 2:25:55 PM] GET /cart 
[1/1/2026, 2:25:55 PM] GET /api/ghn/provinces 
[1/1/2026, 2:25:56 PM] GET /api/ghn/districts/201 
[1/1/2026, 2:25:56 PM] GET /api/ghn/wards/1809 
[1/1/2026, 2:25:56 PM] POST /api/calc-shipping 
[1/1/2026, 2:26:11 PM] POST /place-order 
[1/1/2026, 2:26:11 PM] GET /payment/simulate/momo/BIN1767252371370 
[1/1/2026, 2:26:11 PM] GET /order?msg=Simulated_Success 
[1/1/2026, 2:26:32 PM] GET /admin 
[1/1/2026, 2:26:32 PM] GET /admin/login 
[1/1/2026, 2:26:45 PM] POST /admin/login 
[1/1/2026, 2:26:45 PM] GET /admin 
[1/1/2026, 2:26:51 PM] GET /admin/orders 
[1/1/2026, 2:26:57 PM] GET /admin/orders 
[1/1/2026, 2:27:03 PM] POST /admin/orders/update-status/695621937ea242e5d723459f 
[1/1/2026, 2:27:03 PM] GET /admin/orders 
[1/1/2026, 2:27:11 PM] GET /admin 
[1/1/2026, 2:27:22 PM] GET /admin/orders/api/revenue-data?start=2025-12-17&end=2026-01-03 
[1/1/2026, 2:27:33 PM] GET /admin/orders/api/revenue-data?start=2025-12-31&end=2026-01-01 
[1/1/2026, 2:27:36 PM] GET /admin/orders/api/revenue-data?start=2026-01-01&end=2026-01-01 
[1/1/2026, 2:27:41 PM] GET /admin/config 
[1/1/2026, 2:28:01 PM] GET /cart 
[1/1/2026, 2:28:01 PM] GET /api/ghn/provinces 
[1/1/2026, 2:28:04 PM] GET /order 
[1/1/2026, 2:28:06 PM] GET /cart 
[1/1/2026, 2:28:06 PM] GET /api/ghn/provinces 
[1/1/2026, 2:28:15 PM] GET /order 
[1/1/2026, 2:28:18 PM] GET /logout 
[1/1/2026, 2:28:18 PM] GET / 
[1/1/2026, 2:28:20 PM] GET /admin/orders 
[1/1/2026, 2:28:20 PM] GET /admin/login 
[1/1/2026, 2:28:23 PM] GET /login 
[1/1/2026, 2:28:27 PM] POST /login 
[1/1/2026, 2:28:27 PM] GET / 
[1/1/2026, 2:28:29 PM] GET /cart 
[1/1/2026, 2:28:29 PM] GET /api/ghn/provinces 
[1/1/2026, 2:28:30 PM] GET /api/ghn/districts/201 
[1/1/2026, 2:28:30 PM] GET /api/ghn/wards/1809 
[1/1/2026, 2:28:30 PM] POST /api/calc-shipping 
[1/1/2026, 2:28:31 PM] GET /order 
[1/1/2026, 2:28:34 PM] GET /cart 
[1/1/2026, 2:28:34 PM] GET /api/ghn/provinces 
[1/1/2026, 2:28:34 PM] GET /api/ghn/districts/201 
[1/1/2026, 2:28:34 PM] GET /api/ghn/wards/1809 
[1/1/2026, 2:28:34 PM] POST /api/calc-shipping 
[1/1/2026, 2:41:35 PM] GET /cart 
[1/1/2026, 2:41:35 PM] GET /login 
[1/1/2026, 2:41:42 PM] POST /login 
[1/1/2026, 2:41:48 PM] POST /login 
[1/1/2026, 2:41:49 PM] GET / 
[1/1/2026, 2:41:50 PM] GET /cart 
[1/1/2026, 2:41:50 PM] GET /api/ghn/provinces 
[1/1/2026, 2:41:51 PM] GET /api/ghn/districts/201 
[1/1/2026, 2:41:51 PM] GET /api/ghn/wards/1809 
[1/1/2026, 2:42:00 PM] POST /api/calc-shipping 
[1/1/2026, 2:42:05 PM] POST /api/calc-shipping 
[1/1/2026, 2:42:05 PM] POST /api/calc-shipping 
[1/1/2026, 2:42:08 PM] POST /api/calc-shipping 
[1/1/2026, 2:42:08 PM] POST /api/calc-shipping 
[1/1/2026, 2:42:13 PM] GET /api/ghn/districts/202 
[1/1/2026, 2:42:15 PM] GET /api/ghn/wards/1457 
[1/1/2026, 2:42:18 PM] POST /api/calc-shipping 
[1/1/2026, 2:42:21 PM] POST /save-profile 
[1/1/2026, 2:42:21 PM] POST /api/calc-shipping 
[1/1/2026, 2:42:24 PM] GET /cart 
[1/1/2026, 2:42:24 PM] GET /api/ghn/provinces 
[1/1/2026, 2:42:24 PM] GET /api/ghn/districts/202 
[1/1/2026, 2:42:24 PM] GET /api/ghn/wards/1457 
[1/1/2026, 2:42:30 PM] POST /api/calc-shipping 
[1/1/2026, 2:49:16 PM] GET /cart 
[1/1/2026, 2:49:16 PM] GET /login 
[1/1/2026, 2:49:21 PM] POST /login 
[1/1/2026, 2:49:21 PM] GET / 
[1/1/2026, 2:49:23 PM] GET /cart 
[1/1/2026, 2:49:23 PM] GET /api/ghn/provinces 
[1/1/2026, 2:49:23 PM] GET /api/ghn/districts/202 
[1/1/2026, 2:49:24 PM] GET /api/ghn/wards/1457 
[1/1/2026, 2:49:29 PM] POST /api/calc-shipping 
[1/1/2026, 2:49:36 PM] POST /api/calc-shipping 
[1/1/2026, 2:49:38 PM] POST /api/calc-shipping 
[1/1/2026, 2:49:38 PM] POST /api/calc-shipping 
[1/1/2026, 2:49:39 PM] POST /api/calc-shipping 
[1/1/2026, 2:49:39 PM] POST /api/calc-shipping 
[1/1/2026, 2:49:44 PM] GET /cart 
[1/1/2026, 2:49:45 PM] GET /api/ghn/provinces 
[1/1/2026, 2:49:45 PM] GET /api/ghn/districts/202 
[1/1/2026, 2:49:45 PM] GET /api/ghn/wards/1457 
[1/1/2026, 2:49:47 PM] POST /api/calc-shipping 
[1/1/2026, 2:49:50 PM] POST /save-profile 
[1/1/2026, 2:49:51 PM] POST /api/calc-shipping 
[1/1/2026, 2:49:55 PM] GET /cart 
[1/1/2026, 2:49:55 PM] GET /api/ghn/provinces 
[1/1/2026, 2:49:55 PM] GET /api/ghn/districts/202 
[1/1/2026, 2:49:56 PM] GET /api/ghn/wards/1457 
[1/1/2026, 2:49:59 PM] POST /save-profile 
[1/1/2026, 2:50:01 PM] POST /api/calc-shipping 
[1/1/2026, 2:50:15 PM] POST /save-profile 
[1/1/2026, 2:50:15 PM] POST /api/calc-shipping 
[1/1/2026, 2:56:17 PM] GET /cart 
[1/1/2026, 2:56:18 PM] GET /login 
[1/1/2026, 2:56:23 PM] POST /login 
[1/1/2026, 2:56:23 PM] GET / 
[1/1/2026, 2:56:25 PM] GET /cart 
[1/1/2026, 2:56:25 PM] GET /api/ghn/provinces 
[1/1/2026, 2:56:25 PM] GET /api/ghn/districts/202 
[1/1/2026, 2:56:25 PM] GET /api/ghn/wards/1457 
[1/1/2026, 2:56:35 PM] POST /api/calc-shipping 
[1/1/2026, 2:56:38 PM] POST /save-profile 
[1/1/2026, 2:56:38 PM] POST /api/calc-shipping 
[1/1/2026, 2:56:41 PM] GET /cart 
[1/1/2026, 2:56:42 PM] GET /api/ghn/provinces 
[1/1/2026, 2:56:42 PM] GET /api/ghn/districts/202 
[1/1/2026, 2:56:42 PM] GET /api/ghn/wards/1457 
[1/1/2026, 2:56:47 PM] POST /api/calc-shipping 
[1/1/2026, 2:56:56 PM] POST /api/calc-shipping 
[1/1/2026, 2:56:56 PM] POST /api/calc-shipping 
[1/1/2026, 2:57:13 PM] POST /save-profile 
[1/1/2026, 2:57:13 PM] POST /api/calc-shipping 
[1/1/2026, 2:57:21 PM] GET /cart 
[1/1/2026, 2:57:22 PM] GET /api/ghn/provinces 
[1/1/2026, 2:57:22 PM] GET /api/ghn/districts/202 
[1/1/2026, 2:57:23 PM] GET /api/ghn/wards/1457 
[1/1/2026, 2:57:27 PM] POST /api/calc-shipping 
[1/1/2026, 2:57:30 PM] POST /api/calc-shipping 
[1/1/2026, 2:57:35 PM] POST /api/calc-shipping 
[1/1/2026, 2:57:35 PM] POST /api/calc-shipping 
[1/1/2026, 2:57:38 PM] POST /api/calc-shipping 
[1/1/2026, 2:57:38 PM] POST /api/calc-shipping 
[1/1/2026, 2:57:39 PM] POST /save-profile 
[1/1/2026, 2:57:39 PM] POST /api/calc-shipping 
[1/1/2026, 2:57:45 PM] POST /place-order 
[1/1/2026, 2:57:46 PM] GET /payment/simulate/momo/BIN1767254265626 
[1/1/2026, 2:57:46 PM] GET /order?msg=Simulated_Success 
[1/1/2026, 2:57:54 PM] GET /cart 
[1/1/2026, 2:57:54 PM] GET /api/ghn/provinces 
[1/1/2026, 2:57:54 PM] GET /api/ghn/districts/202 
[1/1/2026, 2:57:54 PM] GET /api/ghn/wards/1457 
[1/1/2026, 2:58:01 PM] POST /save-profile 
[1/1/2026, 2:58:03 PM] GET /cart 
[1/1/2026, 2:58:03 PM] GET /api/ghn/provinces 
[1/1/2026, 2:58:03 PM] GET /api/ghn/districts/202 
[1/1/2026, 2:58:03 PM] GET /api/ghn/wards/1457 
[1/1/2026, 2:58:06 PM] GET / 
[1/1/2026, 2:58:07 PM] GET /product/6952103878fe8886f673cc2b 
[1/1/2026, 2:58:10 PM] POST /add-to-cart 
[1/1/2026, 2:58:11 PM] GET /cart 
[1/1/2026, 2:58:11 PM] GET /api/ghn/provinces 
[1/1/2026, 2:58:12 PM] GET /api/ghn/districts/202 
[1/1/2026, 2:58:12 PM] GET /api/ghn/wards/1457 
[1/1/2026, 2:58:14 PM] POST /api/calc-shipping 
[1/1/2026, 2:58:21 PM] POST /save-profile 
[1/1/2026, 2:58:22 PM] POST /api/calc-shipping 
[1/1/2026, 2:58:22 PM] POST /api/calc-shipping 
[1/1/2026, 2:58:27 PM] GET /cart 
[1/1/2026, 2:58:28 PM] GET /api/ghn/provinces 
[1/1/2026, 2:58:28 PM] GET /api/ghn/districts/202 
[1/1/2026, 2:58:28 PM] GET /api/ghn/wards/1457 
[1/1/2026, 2:58:45 PM] GET /api/ghn/districts/216 
[1/1/2026, 2:58:48 PM] GET /api/ghn/wards/2026 
[1/1/2026, 2:58:55 PM] POST /save-profile 
[1/1/2026, 2:59:00 PM] POST /api/calc-shipping 
[1/1/2026, 2:59:06 PM] POST /place-order 
[1/1/2026, 2:59:06 PM] GET /payment/simulate/momo/BIN1767254346476 
[1/1/2026, 2:59:07 PM] GET /order?msg=Simulated_Success 
[1/1/2026, 2:59:10 PM] GET /cart 
[1/1/2026, 2:59:10 PM] GET /api/ghn/provinces 
[1/1/2026, 2:59:10 PM] GET /api/ghn/districts/216 
[1/1/2026, 2:59:11 PM] GET /api/ghn/wards/2026 
[1/1/2026, 3:01:47 PM] GET /cart 
[1/1/2026, 3:01:47 PM] GET /login 
[1/1/2026, 3:01:52 PM] POST /login 
[1/1/2026, 3:01:53 PM] GET / 
[1/1/2026, 3:01:54 PM] GET /cart 
[1/1/2026, 3:01:54 PM] GET /api/ghn/provinces 
[1/1/2026, 3:01:55 PM] GET /api/ghn/districts/216 
[1/1/2026, 3:01:55 PM] GET /api/ghn/wards/2026 
[1/1/2026, 3:01:58 PM] GET / 
[1/1/2026, 3:02:00 PM] GET /product/6952103878fe8886f673cc27 
[1/1/2026, 3:02:03 PM] POST /add-to-cart 
[1/1/2026, 3:02:04 PM] GET /cart 
[1/1/2026, 3:02:05 PM] GET /api/ghn/provinces 
[1/1/2026, 3:02:05 PM] GET /api/ghn/districts/216 
[1/1/2026, 3:02:05 PM] GET /api/ghn/wards/2026 
[1/1/2026, 3:02:07 PM] POST /api/calc-shipping 
[1/1/2026, 3:02:11 PM] POST /api/calc-shipping 
[1/1/2026, 3:02:11 PM] POST /api/calc-shipping 
[1/1/2026, 3:02:15 PM] POST /save-profile 
[1/1/2026, 3:02:15 PM] POST /api/calc-shipping 
[1/1/2026, 3:02:23 PM] POST /place-order 
[1/1/2026, 3:02:29 PM] POST /place-order 
[1/1/2026, 3:02:41 PM] POST /place-order 
[1/1/2026, 3:02:42 PM] GET /payment/simulate/momo/BIN1767254562175 
[1/1/2026, 3:02:42 PM] GET /order?msg=Simulated_Success 
[1/1/2026, 3:06:54 PM] GET /order?msg=Simulated_Success 
[1/1/2026, 3:06:54 PM] GET /login 
[1/1/2026, 3:07:00 PM] POST /login 
[1/1/2026, 3:07:00 PM] GET / 
[1/1/2026, 3:07:20 PM] GET /Vest 
[1/1/2026, 3:07:25 PM] GET /Phukien 
[1/1/2026, 3:07:27 PM] GET /Aodai 
[1/1/2026, 3:07:28 PM] GET /Aosomi 
[1/1/2026, 3:07:31 PM] GET /order 
[1/1/2026, 3:07:33 PM] GET /cart 
[1/1/2026, 3:07:34 PM] GET /api/ghn/provinces 
[1/1/2026, 3:07:34 PM] GET /api/ghn/districts/216 
[1/1/2026, 3:07:34 PM] GET /api/ghn/wards/2026 
[1/1/2026, 3:07:41 PM] GET / 
[1/1/2026, 3:07:43 PM] GET /product/6952103878fe8886f673cc2b 
[1/1/2026, 3:07:46 PM] POST /add-to-cart 
[1/1/2026, 3:07:48 PM] GET /cart 
[1/1/2026, 3:07:48 PM] GET /api/ghn/provinces 
[1/1/2026, 3:07:48 PM] GET /api/ghn/districts/216 
[1/1/2026, 3:07:48 PM] GET /api/ghn/wards/2026 
[1/1/2026, 3:07:51 PM] POST /api/calc-shipping 
[1/1/2026, 3:07:57 PM] POST /api/calc-shipping 
[1/1/2026, 3:07:57 PM] POST /api/calc-shipping 
[1/1/2026, 3:07:59 PM] POST /save-profile 
[1/1/2026, 3:07:59 PM] POST /api/calc-shipping 
[1/1/2026, 3:08:01 PM] GET /cart 
[1/1/2026, 3:08:01 PM] GET /api/ghn/provinces 
[1/1/2026, 3:08:01 PM] GET /api/ghn/districts/216 
[1/1/2026, 3:08:01 PM] GET /api/ghn/wards/2026 
[1/1/2026, 3:08:05 PM] POST /api/calc-shipping 
[1/1/2026, 3:08:56 PM] POST /place-order 
[1/1/2026, 3:08:56 PM] GET /payment/simulate/momo/BIN1767254936321 
[1/1/2026, 3:08:56 PM] GET /order?msg=Simulated_Success 
[1/1/2026, 3:12:23 PM] GET /order?msg=Simulated_Success 
[1/1/2026, 3:12:23 PM] GET /login 
[1/1/2026, 3:12:29 PM] POST /login 
[1/1/2026, 3:12:29 PM] GET / 
[1/1/2026, 3:12:31 PM] GET /cart 
[1/1/2026, 3:12:31 PM] GET /api/ghn/provinces 
[1/1/2026, 3:12:32 PM] GET /api/ghn/districts/216 
[1/1/2026, 3:12:32 PM] GET /api/ghn/wards/2026 
[1/1/2026, 3:12:38 PM] GET /product/6954e11fed05b057267c7e34 
[1/1/2026, 3:12:40 PM] POST /add-to-cart 
[1/1/2026, 3:12:42 PM] GET /cart 
[1/1/2026, 3:12:42 PM] GET /api/ghn/provinces 
[1/1/2026, 3:12:42 PM] GET /api/ghn/districts/216 
[1/1/2026, 3:12:42 PM] GET /api/ghn/wards/2026 
[1/1/2026, 3:12:48 PM] POST /api/calc-shipping 
[1/1/2026, 3:12:52 PM] GET /cart 
[1/1/2026, 3:12:53 PM] GET /api/ghn/provinces 
[1/1/2026, 3:12:53 PM] GET /api/ghn/districts/216 
[1/1/2026, 3:12:53 PM] GET /api/ghn/wards/2026 
[1/1/2026, 3:12:56 PM] POST /api/calc-shipping 
[1/1/2026, 3:12:59 PM] GET /api/ghn/districts/219 
[1/1/2026, 3:13:00 PM] GET /api/ghn/wards/2251 
[1/1/2026, 3:13:02 PM] POST /api/calc-shipping 
[1/1/2026, 3:13:06 PM] GET /api/ghn/wards/1831 
[1/1/2026, 3:13:08 PM] POST /api/calc-shipping 
[1/1/2026, 3:13:12 PM] GET /api/ghn/districts/264 
[1/1/2026, 3:13:14 PM] GET /api/ghn/wards/2006 
[1/1/2026, 3:13:16 PM] POST /api/calc-shipping 
[1/1/2026, 3:13:22 PM] POST /save-profile 
[1/1/2026, 3:13:23 PM] POST /api/calc-shipping 
[1/1/2026, 3:13:29 PM] POST /api/calc-shipping 
[1/1/2026, 3:13:29 PM] POST /api/calc-shipping 
[1/1/2026, 3:13:34 PM] GET /cart 
[1/1/2026, 3:13:34 PM] GET /api/ghn/provinces 
[1/1/2026, 3:13:34 PM] GET /api/ghn/districts/264 
[1/1/2026, 3:13:34 PM] GET /api/ghn/wards/2006 
[1/1/2026, 3:13:37 PM] POST /api/calc-shipping 
[1/1/2026, 3:16:43 PM] GET /cart 
[1/1/2026, 3:16:43 PM] GET /login 
[1/1/2026, 3:16:48 PM] POST /login 
[1/1/2026, 3:16:48 PM] GET / 
[1/1/2026, 3:16:49 PM] GET /cart 
[1/1/2026, 3:16:49 PM] GET /api/ghn/provinces 
[1/1/2026, 3:16:50 PM] GET /api/ghn/districts/264 
[1/1/2026, 3:16:50 PM] GET /api/ghn/wards/2006 
[1/1/2026, 3:16:52 PM] POST /api/calc-shipping 
[1/1/2026, 3:16:58 PM] GET /api/ghn/districts/201 
[1/1/2026, 3:16:59 PM] GET /api/ghn/wards/1806 
[1/1/2026, 3:17:01 PM] POST /api/calc-shipping 
[1/1/2026, 3:17:05 PM] POST /save-profile 
[1/1/2026, 3:17:05 PM] POST /api/calc-shipping 
[1/1/2026, 3:17:09 PM] GET /api/ghn/districts/202 
[1/1/2026, 3:17:13 PM] GET /api/ghn/wards/1457 
[1/1/2026, 3:17:15 PM] POST /api/calc-shipping 
[1/1/2026, 3:17:17 PM] POST /save-profile 
[1/1/2026, 3:17:17 PM] POST /api/calc-shipping 
[1/1/2026, 3:17:23 PM] GET /cart 
[1/1/2026, 3:17:23 PM] GET /api/ghn/provinces 
[1/1/2026, 3:17:23 PM] GET /api/ghn/districts/202 
[1/1/2026, 3:17:23 PM] GET /api/ghn/wards/1457 
[1/1/2026, 3:17:25 PM] POST /api/calc-shipping 
[1/1/2026, 3:17:31 PM] GET /api/ghn/districts/213 
[1/1/2026, 3:17:33 PM] GET /api/ghn/wards/2028 
[1/1/2026, 3:17:37 PM] POST /api/calc-shipping 
[1/1/2026, 3:17:37 PM] POST /api/calc-shipping 
[1/1/2026, 3:17:39 PM] POST /api/calc-shipping 
[1/1/2026, 3:17:39 PM] POST /api/calc-shipping 
[1/1/2026, 3:17:43 PM] POST /place-order 
[1/1/2026, 3:17:43 PM] GET /payment/simulate/momo/BIN1767255463335 
[1/1/2026, 3:17:43 PM] GET /order?msg=Simulated_Success 
[1/1/2026, 3:20:58 PM] GET /order?msg=Simulated_Success 
[1/1/2026, 3:20:58 PM] GET /login 
[1/1/2026, 3:21:06 PM] POST /login 
[1/1/2026, 3:21:06 PM] GET / 
[1/1/2026, 3:21:08 PM] GET /product/6952103878fe8886f673cc2f 
[1/1/2026, 3:21:10 PM] POST /add-to-cart 
[1/1/2026, 3:21:11 PM] GET /cart 
[1/1/2026, 3:21:12 PM] GET /api/ghn/provinces 
[1/1/2026, 3:21:12 PM] GET /api/ghn/districts/202 
[1/1/2026, 3:21:12 PM] GET /api/ghn/wards/1457 
[1/1/2026, 3:21:19 PM] POST /api/calc-shipping 
[1/1/2026, 3:21:24 PM] POST /api/calc-shipping 
[1/1/2026, 3:21:24 PM] POST /api/calc-shipping 
[1/1/2026, 3:21:27 PM] POST /api/calc-shipping 
[1/1/2026, 3:21:27 PM] POST /api/calc-shipping 
[1/1/2026, 3:21:32 PM] GET /cart 
[1/1/2026, 3:21:32 PM] GET /api/ghn/provinces 
[1/1/2026, 3:21:33 PM] GET /api/ghn/districts/202 
[1/1/2026, 3:21:33 PM] GET /api/ghn/wards/1457 
[1/1/2026, 3:21:34 PM] POST /api/calc-shipping 
[1/1/2026, 3:21:37 PM] POST /api/calc-shipping 
[1/1/2026, 3:21:37 PM] POST /api/calc-shipping 
[1/1/2026, 3:28:38 PM] GET /cart 
[1/1/2026, 3:28:38 PM] GET /login 
[1/1/2026, 3:28:45 PM] POST /login 
[1/1/2026, 3:28:45 PM] GET / 
[1/1/2026, 3:28:47 PM] GET /cart 
[1/1/2026, 3:28:48 PM] GET /api/ghn/provinces 
[1/1/2026, 3:28:48 PM] GET /api/ghn/districts/202 
[1/1/2026, 3:28:48 PM] GET /api/ghn/wards/1457 
[1/1/2026, 3:28:53 PM] POST /api/calc-shipping 
[1/1/2026, 3:28:57 PM] POST /api/calc-shipping 
[1/1/2026, 3:28:57 PM] POST /api/calc-shipping 
[1/1/2026, 3:29:00 PM] GET /api/ghn/districts/206 
[1/1/2026, 3:29:02 PM] GET /api/ghn/wards/1709 
[1/1/2026, 3:29:02 PM] POST /api/calc-shipping 
[1/1/2026, 3:29:03 PM] POST /api/calc-shipping 
[1/1/2026, 3:29:05 PM] POST /api/calc-shipping 
[1/1/2026, 3:29:05 PM] POST /api/calc-shipping 
[1/1/2026, 3:29:14 PM] POST /place-order 
[1/1/2026, 3:29:15 PM] GET /payment/simulate/momo/BIN1767256155189 
[1/1/2026, 3:29:15 PM] GET /order?msg=Simulated_Success 
[1/1/2026, 3:29:18 PM] GET /cart 
[1/1/2026, 3:29:19 PM] GET /api/ghn/provinces 
[1/1/2026, 3:29:19 PM] GET /api/ghn/districts/202 
[1/1/2026, 3:29:19 PM] GET /api/ghn/wards/1457 
[1/1/2026, 3:29:21 PM] GET / 
[1/1/2026, 3:29:23 PM] GET /product/6952103878fe8886f673cc2b 
[1/1/2026, 3:29:26 PM] POST /add-to-cart 
[1/1/2026, 3:29:28 PM] GET /cart 
[1/1/2026, 3:29:28 PM] GET /api/ghn/provinces 
[1/1/2026, 3:29:29 PM] GET /api/ghn/districts/202 
[1/1/2026, 3:29:29 PM] GET /api/ghn/wards/1457 
[1/1/2026, 3:29:33 PM] POST /api/calc-shipping 
[1/1/2026, 3:29:36 PM] GET /api/ghn/districts/212 
[1/1/2026, 3:29:37 PM] GET /api/ghn/wards/2084 
[1/1/2026, 3:29:37 PM] POST /api/calc-shipping 
[1/1/2026, 3:29:39 PM] POST /api/calc-shipping 
[1/1/2026, 3:29:41 PM] POST /save-profile 
[1/1/2026, 3:29:42 PM] POST /api/calc-shipping 
[1/1/2026, 3:29:44 PM] POST /api/calc-shipping 
[1/1/2026, 3:29:44 PM] POST /api/calc-shipping 
[1/1/2026, 3:42:28 PM] GET /cart 
[1/1/2026, 3:42:28 PM] GET /login 
[1/1/2026, 3:42:35 PM] POST /login 
[1/1/2026, 3:42:36 PM] GET / 
[1/1/2026, 3:42:37 PM] GET /cart 
[1/1/2026, 3:42:38 PM] GET /api/ghn/provinces 
[1/1/2026, 3:42:38 PM] GET /api/ghn/districts/212 
[1/1/2026, 3:42:38 PM] GET /api/ghn/wards/2084 
[1/1/2026, 3:42:49 PM] POST /save-profile 
[1/1/2026, 3:42:51 PM] GET /cart 
[1/1/2026, 3:42:51 PM] GET /api/ghn/provinces 
[1/1/2026, 3:42:52 PM] GET /api/ghn/districts/212 
[1/1/2026, 3:42:52 PM] GET /api/ghn/wards/2084 
[1/1/2026, 3:42:56 PM] GET /api/ghn/districts/202 
[1/1/2026, 3:42:58 PM] GET /api/ghn/wards/1457 
[1/1/2026, 3:43:06 PM] POST /save-profile 
[1/1/2026, 3:43:11 PM] POST /place-order 
[1/1/2026, 3:43:11 PM] GET /payment/simulate/momo/BIN1767256991423 
[1/1/2026, 3:43:12 PM] GET /order?msg=Simulated_Success 
[1/1/2026, 3:43:14 PM] GET /cart 
[1/1/2026, 3:43:15 PM] GET /api/ghn/provinces 
[1/1/2026, 3:43:15 PM] GET /api/ghn/districts/202 
[1/1/2026, 3:43:15 PM] GET /api/ghn/wards/1457 
[1/1/2026, 3:43:37 PM] GET /admin 
[1/1/2026, 3:43:37 PM] GET /admin/login 
[1/1/2026, 3:43:37 PM] GET /favicon.ico 
[1/1/2026, 3:44:39 PM] POST /admin/login 
[1/1/2026, 3:44:39 PM] GET /admin 
[1/1/2026, 3:44:51 PM] GET /admin/orders/api/revenue-data?start=2026-01-01&end=2026-01-01 
[1/1/2026, 3:44:53 PM] GET /admin/orders/api/revenue-data?start=2025-12-31&end=2026-01-01 
[1/1/2026, 3:45:05 PM] GET /admin/orders/api/revenue-data?start=2025-12-02&end=2026-01-23 
[1/1/2026, 3:45:12 PM] GET /admin/products 
[1/1/2026, 3:45:12 PM] GET /css/admin-style.css 
[1/1/2026, 3:45:21 PM] GET /admin/products/add-product 
[1/1/2026, 3:45:21 PM] GET /css/admin-style.css 
[1/1/2026, 3:45:24 PM] GET /admin/products/edit-product/6953e9271e2be3f4030a6642 
[1/1/2026, 3:45:24 PM] GET /css/admin-style.css 
[1/1/2026, 3:45:31 PM] POST /admin/products/toggle-hot/6953e9271e2be3f4030a6642 
[1/1/2026, 3:45:31 PM] GET /admin/products 
[1/1/2026, 3:45:31 PM] GET /css/admin-style.css 
[1/1/2026, 3:45:33 PM] POST /admin/products/toggle-hot/6953e9271e2be3f4030a6642 
[1/1/2026, 3:45:33 PM] GET /admin/products 
[1/1/2026, 3:45:34 PM] GET /css/admin-style.css 
[1/1/2026, 3:45:37 PM] GET /admin/config 
[1/1/2026, 3:45:41 PM] GET /admin/orders 
[1/1/2026, 3:45:49 PM] POST /admin/orders/update-status/6956339fd20f9d5b257381f2 
[1/1/2026, 3:45:49 PM] GET /admin/orders 
[1/1/2026, 3:45:56 PM] GET /admin/users 
[1/1/2026, 3:45:59 PM] POST /admin/users/toggle-lock/695140217edb9135dbfea5d1 
[1/1/2026, 3:46:00 PM] GET /admin/users 
[1/1/2026, 3:46:01 PM] POST /admin/users/toggle-lock/695140217edb9135dbfea5d1 
[1/1/2026, 3:46:01 PM] GET /admin/users 
[1/1/2026, 3:46:03 PM] GET /admin/users 
[1/1/2026, 3:46:04 PM] GET /admin 
[1/1/2026, 3:46:07 PM] GET / 
[1/1/2026, 3:46:09 PM] GET /cart 
[1/1/2026, 3:46:10 PM] GET /api/ghn/provinces 
[1/1/2026, 3:46:16 PM] GET /api/ghn/districts/202 
[1/1/2026, 3:46:25 PM] GET /api/ghn/wards/1457 
[1/1/2026, 3:46:38 PM] POST /save-profile 
[1/1/2026, 3:46:40 PM] GET /cart 
[1/1/2026, 3:46:41 PM] GET /api/ghn/provinces 
[1/1/2026, 3:46:41 PM] GET /api/ghn/districts/202 
[1/1/2026, 3:46:41 PM] GET /api/ghn/wards/1457 
[1/1/2026, 3:46:43 PM] GET / 
[1/1/2026, 3:46:46 PM] GET /cart 
[1/1/2026, 3:46:46 PM] GET /api/ghn/provinces 
[1/1/2026, 3:46:46 PM] GET /api/ghn/districts/202 
[1/1/2026, 3:46:46 PM] GET /api/ghn/wards/1457 
[1/1/2026, 3:47:02 PM] POST /save-profile 
[1/1/2026, 3:47:13 PM] GET /cart 
[1/1/2026, 3:47:13 PM] GET /api/ghn/provinces 
[1/1/2026, 3:47:13 PM] GET /api/ghn/districts/202 
[1/1/2026, 3:47:13 PM] GET /api/ghn/wards/1457 
[1/1/2026, 3:48:04 PM] GET / 
[1/1/2026, 3:48:07 PM] GET /login 
[1/1/2026, 3:48:14 PM] POST /login 
[1/1/2026, 3:48:14 PM] GET / 
[1/1/2026, 3:48:31 PM] GET /Vest 
[1/1/2026, 3:48:37 PM] GET /product/695405b206e5d094d3f07e06 
[1/1/2026, 3:48:41 PM] POST /add-to-cart 
[1/1/2026, 3:48:43 PM] GET /cart 
[1/1/2026, 3:48:43 PM] GET /api/ghn/provinces 
[1/1/2026, 3:48:43 PM] GET /api/ghn/districts/202 
[1/1/2026, 3:48:44 PM] GET /api/ghn/wards/1457 
[1/1/2026, 3:50:41 PM] GET / 
[1/1/2026, 3:50:42 PM] GET /login 
[1/1/2026, 3:50:50 PM] POST /login 
[1/1/2026, 3:50:50 PM] GET / 
[1/1/2026, 3:51:06 PM] GET /cart 
[1/1/2026, 3:51:07 PM] GET /api/ghn/provinces 
[1/1/2026, 3:51:07 PM] GET /api/ghn/districts/202 
[1/1/2026, 3:51:07 PM] GET /api/ghn/wards/1457 
[1/1/2026, 3:51:23 PM] POST /place-order 
[1/1/2026, 3:51:24 PM] GET /payment/simulate/momo/BIN1767257483812 
[1/1/2026, 3:51:24 PM] GET /order?msg=Simulated_Success 
[1/1/2026, 3:53:36 PM] GET /cart 
[1/1/2026, 3:53:36 PM] GET /api/ghn/provinces 
[1/1/2026, 3:53:37 PM] GET /api/ghn/districts/202 
[1/1/2026, 3:53:37 PM] GET /api/ghn/wards/1457 
[1/1/2026, 3:53:40 PM] GET /.well-known/appspecific/com.chrome.devtools.json 
[1/1/2026, 3:53:55 PM] GET / 
[1/1/2026, 3:53:56 PM] GET /.well-known/appspecific/com.chrome.devtools.json 
[1/1/2026, 3:53:59 PM] GET /product/6952103878fe8886f673cc2b 
[1/1/2026, 3:53:59 PM] GET /.well-known/appspecific/com.chrome.devtools.json 
[1/1/2026, 3:54:04 PM] POST /add-to-cart 
[1/1/2026, 3:54:08 PM] GET / 
[1/1/2026, 3:54:08 PM] GET /.well-known/appspecific/com.chrome.devtools.json 
[1/1/2026, 3:54:12 PM] GET /cart 
[1/1/2026, 3:54:13 PM] GET /.well-known/appspecific/com.chrome.devtools.json 
[1/1/2026, 3:54:13 PM] GET /api/ghn/provinces 
[1/1/2026, 3:54:13 PM] GET /api/ghn/districts/202 
[1/1/2026, 3:54:13 PM] GET /api/ghn/wards/1457 
[1/1/2026, 3:54:52 PM] GET /api/ghn/districts/202 
[1/1/2026, 3:55:21 PM] POST /save-profile 
[1/1/2026, 3:58:25 PM] GET / 
[1/1/2026, 3:58:29 PM] GET /login 
[1/1/2026, 3:58:36 PM] POST /login 
[1/1/2026, 3:58:37 PM] GET / 
[1/1/2026, 3:58:39 PM] GET /cart 
[1/1/2026, 3:58:39 PM] GET /api/ghn/provinces 
[1/1/2026, 3:58:40 PM] GET /api/ghn/districts/202 
[1/1/2026, 3:58:40 PM] GET /api/ghn/wards/1457 
[1/1/2026, 3:58:51 PM] GET /.well-known/appspecific/com.chrome.devtools.json 
[1/1/2026, 3:58:57 PM] GET /cart 
[1/1/2026, 3:58:58 PM] GET /.well-known/appspecific/com.chrome.devtools.json 
[1/1/2026, 3:58:58 PM] GET /api/ghn/provinces 
[1/1/2026, 3:58:58 PM] GET /api/ghn/districts/202 
[1/1/2026, 3:58:58 PM] GET /api/ghn/wards/1457 
[1/1/2026, 3:59:02 PM] POST /save-profile 
[1/1/2026, 3:59:04 PM] GET /api/ghn/districts/215 
[1/1/2026, 3:59:05 PM] GET /api/ghn/wards/2054 
[1/1/2026, 3:59:10 PM] POST /save-profile 
[1/1/2026, 3:59:15 PM] POST /place-order 
[1/1/2026, 3:59:16 PM] GET /payment/simulate/momo/BIN1767257955823 
[1/1/2026, 3:59:16 PM] GET /order?msg=Simulated_Success 
[1/1/2026, 3:59:16 PM] GET /.well-known/appspecific/com.chrome.devtools.json 
[1/1/2026, 4:01:07 PM] GET / 
[1/1/2026, 4:01:09 PM] GET /login 
[1/1/2026, 4:01:14 PM] POST /login 
[1/1/2026, 4:01:15 PM] GET / 
[1/1/2026, 4:01:17 PM] GET /product/6952103878fe8886f673cc2f 
[1/1/2026, 4:01:19 PM] POST /add-to-cart 
[1/1/2026, 4:01:21 PM] GET /cart 
[1/1/2026, 4:01:22 PM] GET /api/ghn/provinces 
[1/1/2026, 4:01:22 PM] GET /api/ghn/districts/215 
[1/1/2026, 4:01:22 PM] GET /api/ghn/wards/2054 
[1/1/2026, 4:01:30 PM] POST /place-order 
[1/1/2026, 4:01:31 PM] GET /payment/simulate/momo/BIN1767258090901 
[1/1/2026, 4:01:31 PM] GET /order?msg=Simulated_Success 
[1/1/2026, 4:01:37 PM] GET /cart 
[1/1/2026, 4:01:37 PM] GET /api/ghn/provinces 
[1/1/2026, 4:01:37 PM] GET /api/ghn/districts/215 
[1/1/2026, 4:01:38 PM] GET /api/ghn/wards/2054 
[1/1/2026, 4:01:41 PM] GET /.well-known/appspecific/com.chrome.devtools.json 
[1/1/2026, 4:01:47 PM] GET /api/ghn/districts/202 
[1/1/2026, 4:05:16 PM] GET / 
[1/1/2026, 4:07:17 PM] GET / 
[1/1/2026, 4:07:50 PM] GET /login 
[1/1/2026, 4:08:01 PM] POST /login 
[1/1/2026, 4:08:01 PM] GET / 
[1/1/2026, 4:08:03 PM] GET /cart 
[1/1/2026, 4:08:03 PM] GET /api/ghn/provinces 
[1/1/2026, 4:08:03 PM] GET /api/ghn/districts/215 
[1/1/2026, 4:08:03 PM] GET /api/ghn/wards/2054 
[1/1/2026, 4:08:10 PM] GET /api/ghn/districts/202 
[1/1/2026, 4:08:12 PM] GET /api/ghn/wards/1457 
[1/1/2026, 4:08:19 PM] GET /cart 
[1/1/2026, 4:08:20 PM] GET /api/ghn/provinces 
[1/1/2026, 4:08:20 PM] GET /api/ghn/districts/215 
[1/1/2026, 4:08:20 PM] GET /api/ghn/wards/2054 
[1/1/2026, 4:08:24 PM] GET /api/ghn/districts/202 
[1/1/2026, 4:08:26 PM] GET /api/ghn/wards/1457 
[1/1/2026, 4:08:29 PM] POST /save-profile 
[1/1/2026, 4:08:36 PM] GET / 
[1/1/2026, 4:08:37 PM] GET /cart 
[1/1/2026, 4:08:38 PM] GET /api/ghn/provinces 
[1/1/2026, 4:08:38 PM] GET /api/ghn/districts/202 
[1/1/2026, 4:08:38 PM] GET /api/ghn/wards/1457 
[1/1/2026, 4:08:48 PM] GET / 
[1/1/2026, 4:08:50 PM] GET /product/6952103878fe8886f673cc3b 
[1/1/2026, 4:08:56 PM] GET /product/6952103878fe8886f673cc3b 
[1/1/2026, 4:08:58 PM] POST /add-to-cart 
[1/1/2026, 4:08:59 PM] GET /cart 
[1/1/2026, 4:09:00 PM] GET /api/ghn/provinces 
[1/1/2026, 4:09:00 PM] GET /api/ghn/districts/202 
[1/1/2026, 4:09:00 PM] GET /api/ghn/wards/1457 
[1/1/2026, 4:09:13 PM] POST /update-cart 
[1/1/2026, 4:09:13 PM] POST /update-cart 
[1/1/2026, 4:09:14 PM] GET /cart 
[1/1/2026, 4:09:14 PM] POST /update-cart 
[1/1/2026, 4:09:14 PM] GET /cart 
[1/1/2026, 4:09:14 PM] POST /update-cart 
[1/1/2026, 4:09:14 PM] GET /cart 
[1/1/2026, 4:09:14 PM] GET /api/ghn/provinces 
[1/1/2026, 4:09:14 PM] GET /api/ghn/districts/202 
[1/1/2026, 4:09:14 PM] GET /api/ghn/wards/1457 
[1/1/2026, 4:09:29 PM] POST /place-order 
[1/1/2026, 4:09:29 PM] GET /payment/simulate/momo/BIN1767258569410 
[1/1/2026, 4:09:29 PM] GET /order?msg=Simulated_Success 
[1/1/2026, 4:09:46 PM] GET /cart 
[1/1/2026, 4:09:46 PM] GET /api/ghn/provinces 
[1/1/2026, 4:09:46 PM] GET /api/ghn/districts/202 
[1/1/2026, 4:09:46 PM] GET /api/ghn/wards/1457 
[1/1/2026, 4:09:50 PM] GET /api/ghn/districts/201 
[1/1/2026, 4:09:52 PM] GET /api/ghn/wards/1711 
[1/1/2026, 4:09:56 PM] POST /save-profile 
[1/1/2026, 4:09:57 PM] GET /cart 
[1/1/2026, 4:09:58 PM] GET /api/ghn/provinces 
[1/1/2026, 4:09:58 PM] GET /api/ghn/districts/201 
[1/1/2026, 4:09:58 PM] GET /api/ghn/wards/1711 
[1/1/2026, 4:09:58 PM] GET / 
[1/1/2026, 4:10:01 PM] GET /product/6952103878fe8886f673cc2b 
[1/1/2026, 4:10:04 PM] POST /add-to-cart 
[1/1/2026, 4:10:05 PM] GET /cart 
[1/1/2026, 4:10:05 PM] GET /api/ghn/provinces 
[1/1/2026, 4:10:06 PM] GET /api/ghn/districts/201 
[1/1/2026, 4:10:06 PM] GET /api/ghn/wards/1711 
[1/1/2026, 4:10:10 PM] POST /update-cart 
[1/1/2026, 4:10:10 PM] POST /update-cart 
[1/1/2026, 4:10:10 PM] GET /cart 
[1/1/2026, 4:10:10 PM] POST /update-cart 
[1/1/2026, 4:10:10 PM] GET /cart 
[1/1/2026, 4:10:11 PM] GET /api/ghn/provinces 
[1/1/2026, 4:10:11 PM] GET /api/ghn/districts/201 
[1/1/2026, 4:10:11 PM] GET /api/ghn/wards/1711 
[1/1/2026, 4:10:15 PM] GET /logout 
[1/1/2026, 4:10:15 PM] GET / 
[1/1/2026, 4:10:17 PM] GET /login 
[1/1/2026, 4:10:22 PM] POST /login 
[1/1/2026, 4:10:23 PM] GET / 
[1/1/2026, 4:10:24 PM] GET /cart 
[1/1/2026, 4:10:25 PM] GET /api/ghn/provinces 
[1/1/2026, 4:10:25 PM] GET /api/ghn/districts/201 
[1/1/2026, 4:10:25 PM] GET /api/ghn/wards/1711 
[1/1/2026, 4:10:31 PM] POST /update-cart 
[1/1/2026, 4:10:32 PM] GET /cart 
[1/1/2026, 4:10:32 PM] GET /api/ghn/provinces 
[1/1/2026, 4:10:32 PM] GET /api/ghn/districts/201 
[1/1/2026, 4:10:32 PM] GET /api/ghn/wards/1711 
[1/1/2026, 4:10:45 PM] GET /login 
[1/1/2026, 4:10:50 PM] GET / 
[1/1/2026, 4:10:50 PM] GET /admin 
[1/1/2026, 4:10:50 PM] GET /admin/login 
[1/1/2026, 4:10:57 PM] POST /admin/login 
[1/1/2026, 4:11:03 PM] POST /admin/login 
[1/1/2026, 4:11:03 PM] GET /admin 
[1/1/2026, 4:11:07 PM] GET /admin/orders 
[1/1/2026, 4:11:14 PM] POST /admin/orders/update-status/695639c9bbfd22c25979acbc 
[1/1/2026, 4:11:14 PM] GET /admin/orders 
[1/1/2026, 4:11:18 PM] POST /admin/orders/update-status/695637ea092b26a66508444c 
[1/1/2026, 4:11:18 PM] GET /admin/orders 
[1/1/2026, 4:11:24 PM] GET /admin 
[1/1/2026, 4:11:45 PM] GET / 
[1/1/2026, 4:11:51 PM] GET /admin/products 
[1/1/2026, 4:11:51 PM] GET /css/admin-style.css 
[1/1/2026, 4:11:54 PM] POST /admin/products/toggle-hot/6952103878fe8886f673cc3b 
[1/1/2026, 4:11:54 PM] GET /admin/products 
[1/1/2026, 4:11:54 PM] GET /css/admin-style.css 
[1/1/2026, 4:11:56 PM] POST /admin/products/toggle-hot/6952103878fe8886f673cc33 
[1/1/2026, 4:11:56 PM] GET /admin/products 
[1/1/2026, 4:11:57 PM] GET /css/admin-style.css 
[1/1/2026, 4:11:58 PM] POST /admin/products/toggle-hot/6954e11fed05b057267c7e34 
[1/1/2026, 4:11:58 PM] GET /admin/products 
[1/1/2026, 4:11:59 PM] GET /css/admin-style.css 
[1/1/2026, 4:12:00 PM] POST /admin/products/toggle-hot/6952103878fe8886f673cc2f 
[1/1/2026, 4:12:01 PM] GET /admin/products 
[1/1/2026, 4:12:01 PM] GET /css/admin-style.css 
[1/1/2026, 4:12:02 PM] POST /admin/products/toggle-hot/6952103878fe8886f673cc2b 
[1/1/2026, 4:12:03 PM] GET /admin/products 
[1/1/2026, 4:12:03 PM] GET /css/admin-style.css 
[1/1/2026, 4:12:07 PM] POST /admin/products/toggle-hot/6952103878fe8886f673cc27 
[1/1/2026, 4:12:07 PM] GET /admin/products 
[1/1/2026, 4:12:07 PM] GET /css/admin-style.css 
[1/1/2026, 4:12:16 PM] POST /admin/products/toggle-hot/6953fc286077faa2b433cfca 
[1/1/2026, 4:12:16 PM] GET /admin/products 
[1/1/2026, 4:12:16 PM] GET /css/admin-style.css 
[1/1/2026, 4:12:20 PM] POST /admin/products/toggle-hot/6953fe084a7cbb8ae5fd23de 
[1/1/2026, 4:12:20 PM] GET /admin/products 
[1/1/2026, 4:12:20 PM] GET /css/admin-style.css 
[1/1/2026, 4:12:25 PM] POST /admin/products/toggle-hot/695405b206e5d094d3f07e06 
[1/1/2026, 4:12:25 PM] GET /admin/products 
[1/1/2026, 4:12:26 PM] GET /css/admin-style.css 
[1/1/2026, 4:12:29 PM] POST /admin/products/toggle-hot/6953eb87f43ead5fda718500 
[1/1/2026, 4:12:29 PM] GET /admin/products 
[1/1/2026, 4:12:30 PM] GET /css/admin-style.css 
[1/1/2026, 4:12:32 PM] GET / 
[1/1/2026, 4:13:16 PM] POST /admin/products/toggle-product/6953e9271e2be3f4030a6642 
[1/1/2026, 4:13:16 PM] GET /admin/products 
[1/1/2026, 4:13:16 PM] GET /css/admin-style.css 
[1/1/2026, 4:13:18 PM] POST /admin/products/toggle-product/6953e9271e2be3f4030a6642 
[1/1/2026, 4:13:18 PM] GET /admin/products 
[1/1/2026, 4:13:19 PM] GET /css/admin-style.css 
[1/1/2026, 4:13:26 PM] POST /admin/products/delete-product/6953e9271e2be3f4030a6642 
[1/1/2026, 4:13:29 PM] GET /admin/products?success=true 
[1/1/2026, 4:13:29 PM] GET /css/admin-style.css 
[1/1/2026, 4:18:29 PM] GET /admin/products?success=true 
[1/1/2026, 4:18:29 PM] GET /admin/login 
[1/1/2026, 4:18:34 PM] POST /admin/login 
[1/1/2026, 4:18:35 PM] GET /admin 
[1/1/2026, 4:18:39 PM] GET /admin/products 
[1/1/2026, 4:18:39 PM] GET /css/admin-style.css 
[1/1/2026, 4:18:42 PM] POST /admin/products/toggle-hot/6952103878fe8886f673cc3f 
[1/1/2026, 4:18:49 PM] GET /admin/products 
[1/1/2026, 4:18:50 PM] GET /css/admin-style.css 
[1/1/2026, 4:18:52 PM] POST /admin/products/toggle-hot/6952103878fe8886f673cc43 
[1/1/2026, 4:19:43 PM] POST /admin/products/toggle-hot/6952103878fe8886f673cc43 
[1/1/2026, 4:19:43 PM] GET /admin/login 
[1/1/2026, 4:19:49 PM] POST /admin/login 
[1/1/2026, 4:19:49 PM] GET /admin 
[1/1/2026, 4:19:53 PM] GET /admin/products 
[1/1/2026, 4:19:53 PM] GET /css/admin-style.css 
[1/1/2026, 4:20:52 PM] GET /admin/products 
[1/1/2026, 4:20:52 PM] GET /admin/login 
[1/1/2026, 4:20:56 PM] POST /admin/login 
[1/1/2026, 4:20:56 PM] GET /admin 
[1/1/2026, 4:21:01 PM] GET /admin/products 
[1/1/2026, 4:21:01 PM] GET /css/admin-style.css 
[1/1/2026, 4:21:03 PM] POST /admin/products/toggle-hot/6952103878fe8886f673cc43 
[1/1/2026, 4:21:03 PM] GET /admin/products 
[1/1/2026, 4:21:03 PM] GET /css/admin-style.css 
[1/1/2026, 4:21:06 PM] POST /admin/products/toggle-hot/6952103878fe8886f673cc3f 
[1/1/2026, 4:21:07 PM] GET /admin/products 
[1/1/2026, 4:21:07 PM] GET /css/admin-style.css 
[1/1/2026, 4:21:11 PM] POST /admin/products/toggle-product/6952103878fe8886f673cc4f 
[1/1/2026, 4:21:11 PM] GET /admin/products 
[1/1/2026, 4:21:11 PM] GET /css/admin-style.css 
[1/1/2026, 4:21:16 PM] POST /admin/products/toggle-product/6952103878fe8886f673cc4f 
[1/1/2026, 4:21:16 PM] GET /admin/products 
[1/1/2026, 4:21:16 PM] GET /css/admin-style.css 
[1/1/2026, 4:21:24 PM] GET /cart 
[1/1/2026, 4:21:24 PM] GET /api/ghn/provinces 
[1/5/2026, 12:23:41 AM] GET / 
[1/5/2026, 12:23:44 AM] GET /favicon.ico 
[1/5/2026, 12:23:55 AM] GET /Vest 
[1/5/2026, 12:24:00 AM] GET /product/6952a0d353541cde43388467 
[1/5/2026, 12:24:08 AM] GET /product/6952103878fe8886f673cc09 
[1/5/2026, 12:24:15 AM] GET /product/6952103878fe8886f673cc05 
[1/5/2026, 12:24:20 AM] POST /add-to-cart 
[1/5/2026, 12:24:24 AM] GET /login 
[1/5/2026, 12:24:30 AM] POST /login 
[1/5/2026, 12:24:31 AM] GET /admin 
[1/5/2026, 12:24:34 AM] GET / 
[1/5/2026, 12:24:37 AM] GET /product/6953fe084a7cbb8ae5fd23de 
[1/5/2026, 12:24:41 AM] GET /Quan 
[1/5/2026, 12:24:43 AM] GET /product/6952103878fe8886f673cc13 
[1/5/2026, 12:24:53 AM] GET /product/6952103878fe8886f673cc17 
[1/5/2026, 12:24:58 AM] POST /add-to-cart 
[1/5/2026, 12:25:00 AM] GET /cart 
[1/5/2026, 12:25:00 AM] GET /api/ghn/provinces 
[1/5/2026, 12:25:01 AM] GET /api/ghn/districts/202 
[1/5/2026, 12:25:01 AM] GET /api/ghn/wards/1457 
[1/5/2026, 12:25:01 AM] POST /api/calc-shipping 
[1/5/2026, 12:25:03 AM] POST /api/calc-shipping 
[1/5/2026, 12:25:04 AM] POST /api/calc-shipping 
[1/5/2026, 12:25:10 AM] POST /api/calc-shipping 
[1/5/2026, 12:25:11 AM] POST /api/calc-shipping 
[1/5/2026, 12:25:13 AM] POST /api/calc-shipping 
[1/5/2026, 12:25:14 AM] POST /api/calc-shipping 
[1/5/2026, 12:25:15 AM] POST /api/calc-shipping 
[1/5/2026, 12:25:15 AM] POST /api/calc-shipping 
[1/5/2026, 12:25:17 AM] POST /update-cart 
[1/5/2026, 12:25:17 AM] GET /cart 
[1/5/2026, 12:25:18 AM] GET /api/ghn/provinces 
[1/5/2026, 12:25:18 AM] GET /api/ghn/districts/202 
[1/5/2026, 12:25:18 AM] GET /api/ghn/wards/1457 
[1/5/2026, 12:25:18 AM] POST /api/calc-shipping 
[1/5/2026, 12:25:19 AM] POST /update-cart 
[1/5/2026, 12:25:19 AM] GET /cart 
[1/5/2026, 12:25:20 AM] GET /api/ghn/provinces 
[1/5/2026, 12:25:20 AM] GET /api/ghn/districts/202 
[1/5/2026, 12:25:20 AM] GET /api/ghn/wards/1457 
[1/5/2026, 12:25:20 AM] POST /api/calc-shipping 
[1/5/2026, 12:25:20 AM] POST /update-cart 
[1/5/2026, 12:25:21 AM] GET /cart 
[1/5/2026, 12:25:21 AM] GET /api/ghn/provinces 
[1/5/2026, 12:25:21 AM] GET /api/ghn/districts/202 
[1/5/2026, 12:25:22 AM] GET /api/ghn/wards/1457 
[1/5/2026, 12:25:22 AM] POST /api/calc-shipping 
[1/5/2026, 12:25:23 AM] POST /update-cart 
[1/5/2026, 12:25:23 AM] GET /cart 
[1/5/2026, 12:25:23 AM] GET /api/ghn/provinces 
[1/5/2026, 12:25:23 AM] GET /api/ghn/districts/202 
[1/5/2026, 12:25:24 AM] GET /api/ghn/wards/1457 
[1/5/2026, 12:25:24 AM] POST /api/calc-shipping 
[1/5/2026, 12:25:25 AM] POST /update-cart 
[1/5/2026, 12:25:25 AM] GET /cart 
[1/5/2026, 12:25:26 AM] GET /api/ghn/provinces 
[1/5/2026, 12:25:26 AM] GET /api/ghn/districts/202 
[1/5/2026, 12:25:26 AM] GET /api/ghn/wards/1457 
[1/5/2026, 12:25:26 AM] POST /api/calc-shipping 
[1/5/2026, 12:25:30 AM] POST /remove-from-cart 
[1/5/2026, 12:25:30 AM] GET /cart 
[1/5/2026, 12:25:31 AM] GET /api/ghn/provinces 
[1/5/2026, 12:25:31 AM] GET /api/ghn/districts/202 
[1/5/2026, 12:25:31 AM] GET /api/ghn/wards/1457 
[1/5/2026, 12:25:31 AM] POST /api/calc-shipping 
[1/5/2026, 12:25:34 AM] POST /api/calc-shipping 
[1/5/2026, 12:25:42 AM] POST /api/calc-shipping 
[1/5/2026, 12:25:42 AM] POST /api/calc-shipping 
[1/5/2026, 12:25:47 AM] POST /place-order 
[1/5/2026, 12:25:47 AM] GET /payment/simulate/momo/BIN1767547547292 
[1/5/2026, 12:25:48 AM] GET /order?msg=Simulated_Success 
[1/5/2026, 12:25:56 AM] GET /admin 
[1/5/2026, 12:26:02 AM] GET /admin/orders 
[1/5/2026, 12:26:07 AM] POST /admin/orders/update-status/695aa29b91b4ffb9948310c9 
[1/5/2026, 12:26:07 AM] GET /admin/orders 
[1/5/2026, 12:26:11 AM] POST /admin/orders/update-status/69563763a472717af5e975c0 
[1/5/2026, 12:26:11 AM] GET /admin/orders 
[1/5/2026, 12:26:15 AM] POST /admin/orders/update-status/6956358bcde125a6777ba624 
[1/5/2026, 12:26:15 AM] GET /admin/orders 
[1/5/2026, 12:26:19 AM] POST /admin/orders/update-status/6956305bc1c8484aaeefd533 
[1/5/2026, 12:26:19 AM] GET /admin/orders 
[1/5/2026, 12:26:28 AM] POST /admin/orders/update-status/69562b98dcf95bff819e7128 
[1/5/2026, 12:26:28 AM] GET /admin/orders 
[1/5/2026, 12:26:32 AM] POST /admin/orders/update-status/69562a220baf3f27f38e53c1 
[1/5/2026, 12:26:33 AM] GET /admin/orders 
[1/5/2026, 12:26:41 AM] GET /order?msg=Simulated_Success 
[1/5/2026, 12:26:43 AM] GET /Aosomi 
[1/5/2026, 12:26:46 AM] GET /product/6952103878fe8886f673cc27 
[1/5/2026, 12:26:50 AM] POST /add-to-cart 
[1/5/2026, 12:26:51 AM] GET /cart 
[1/5/2026, 12:26:51 AM] GET /api/ghn/provinces 
[1/5/2026, 12:26:51 AM] GET /api/ghn/districts/202 
[1/5/2026, 12:26:52 AM] GET /api/ghn/wards/1457 
[1/5/2026, 12:26:52 AM] POST /api/calc-shipping 
[1/5/2026, 12:26:54 AM] POST /api/calc-shipping 
[1/5/2026, 12:26:58 AM] POST /place-order 
[1/5/2026, 12:26:59 AM] GET /payment/simulate/momo/BIN1767547618646 
[1/5/2026, 12:26:59 AM] GET /order?msg=Simulated_Success 
[1/5/2026, 12:27:04 AM] GET /admin 
[1/5/2026, 12:27:16 AM] GET /Vest 
[1/5/2026, 12:27:17 AM] GET /product/6953eb87f43ead5fda718500 
[1/5/2026, 12:27:19 AM] GET /product/6953eb87f43ead5fda718500 
[1/5/2026, 12:27:22 AM] GET /product/6953fac86bc413cd3c99a6e5 
[1/5/2026, 12:27:24 AM] GET /product/6952103878fe8886f673cc03 
[1/5/2026, 12:27:30 AM] GET /product/6952103878fe8886f673cc07 
[1/5/2026, 12:27:33 AM] POST /add-to-cart 
[1/5/2026, 12:27:34 AM] GET /cart 
[1/5/2026, 12:27:34 AM] GET /api/ghn/provinces 
[1/5/2026, 12:27:35 AM] GET /api/ghn/districts/202 
[1/5/2026, 12:27:35 AM] GET /api/ghn/wards/1457 
[1/5/2026, 12:27:35 AM] POST /api/calc-shipping 
[1/5/2026, 12:27:36 AM] POST /api/calc-shipping 
[1/5/2026, 12:27:41 AM] POST /place-order 
[1/5/2026, 12:27:42 AM] GET /payment/simulate/momo/BIN1767547662190 
[1/5/2026, 12:27:42 AM] GET /order?msg=Simulated_Success 
[1/5/2026, 12:27:53 AM] GET /admin/orders 
[1/5/2026, 12:27:53 AM] GET /admin/orders 
[1/5/2026, 12:27:59 AM] POST /admin/orders/update-status/695aa30e91b4ffb9948313a6 
[1/5/2026, 12:27:59 AM] GET /admin/orders 
[1/5/2026, 12:28:01 AM] GET /order?msg=Simulated_Success 
[1/5/2026, 12:28:04 AM] POST /admin/orders/update-status/695aa2e291b4ffb994831311 
[1/5/2026, 12:28:05 AM] GET /admin/orders 
[1/5/2026, 12:28:06 AM] GET /order?msg=Simulated_Success 
[1/5/2026, 12:28:16 AM] GET /admin 
[1/5/2026, 12:28:22 AM] GET /admin/orders/api/revenue-data?start=2025-12-31&end=2026-01-04 
[1/5/2026, 12:28:35 AM] GET /admin/orders/api/revenue-data?start=2026-01-04&end=2026-01-04 
[1/5/2026, 12:28:39 AM] GET /admin/orders/api/revenue-data?start=2025-12-31&end=2026-01-04 
[1/5/2026, 12:28:51 AM] GET /admin/orders/api/revenue-data?start=2026-01-01&end=2026-01-15 
[1/5/2026, 12:29:01 AM] GET /admin/orders/api/revenue-data?start=2025-12-31&end=2026-01-04 
[1/5/2026, 12:29:07 AM] GET /admin/orders 
[1/5/2026, 12:29:14 AM] GET /admin/orders?status=pending 
[1/5/2026, 12:29:22 AM] GET /admin/users 
[1/5/2026, 12:29:26 AM] GET /admin/products 
[1/5/2026, 12:29:27 AM] GET /css/admin-style.css 
[1/5/2026, 12:29:33 AM] GET /admin/products/edit-product/6952103878fe8886f673cc3f 
[1/5/2026, 12:29:33 AM] GET /css/admin-style.css 
[1/5/2026, 12:29:36 AM] POST /admin/products/edit-product/6952103878fe8886f673cc3f 
[1/5/2026, 12:29:36 AM] GET /admin/products?success=true 
[1/5/2026, 12:29:37 AM] GET /css/admin-style.css 
[1/5/2026, 12:29:42 AM] GET /admin/products/edit-product/6952103878fe8886f673cc3f 
[1/5/2026, 12:29:43 AM] GET /css/admin-style.css 
[1/5/2026, 12:29:46 AM] POST /admin/products/edit-product/6952103878fe8886f673cc3f 
[1/5/2026, 12:29:46 AM] GET /admin/products?success=true 
[1/5/2026, 12:29:46 AM] GET /css/admin-style.css 
[1/5/2026, 12:29:57 AM] GET /admin 
[1/5/2026, 12:30:04 AM] GET /admin/orders/api/revenue-data?start=2026-01-04&end=2026-01-04 
[1/5/2026, 12:30:07 AM] GET /admin/orders/api/revenue-data?start=2025-12-31&end=2026-01-04 
[1/5/2026, 12:30:18 AM] GET / 
[1/5/2026, 12:30:22 AM] GET /product/6953eb87f43ead5fda718500 
[1/5/2026, 12:33:35 AM] GET / 
[1/5/2026, 12:33:45 AM] GET /order 
[1/5/2026, 12:33:46 AM] GET /logout 
[1/5/2026, 12:33:46 AM] GET / 
[1/5/2026, 12:33:48 AM] GET /login 
[1/5/2026, 12:33:53 AM] GET /admin 
[1/5/2026, 12:33:53 AM] GET /admin/login 
[1/5/2026, 12:34:23 AM] POST /login 
[1/5/2026, 12:34:26 AM] GET /register 
[1/5/2026, 12:34:30 AM] POST /get-otp 
[1/5/2026, 12:34:35 AM] POST /get-otp 
[1/5/2026, 12:34:44 AM] GET /login 
[1/5/2026, 10:27:28 PM] GET /Quan 
[1/5/2026, 10:27:30 PM] GET /favicon.ico 
[1/5/2026, 10:27:33 PM] GET /login 
[1/5/2026, 10:27:40 PM] POST /login 
[1/5/2026, 10:27:40 PM] GET / 
[1/5/2026, 10:27:42 PM] GET /cart 
[1/5/2026, 10:27:42 PM] GET /api/ghn/provinces 
[1/5/2026, 10:27:53 PM] GET / 
[1/5/2026, 10:27:55 PM] GET /product/6953fe084a7cbb8ae5fd23de 
[1/5/2026, 10:27:57 PM] POST /add-to-cart 
[1/5/2026, 10:27:59 PM] GET /cart 
[1/5/2026, 10:27:59 PM] GET /api/ghn/provinces 
[1/5/2026, 10:28:11 PM] GET /api/ghn/districts/202 
[1/5/2026, 10:28:13 PM] GET /api/ghn/wards/1457 
[1/5/2026, 10:28:16 PM] POST /api/calc-shipping 
[1/5/2026, 10:28:23 PM] POST /save-profile 
[1/5/2026, 10:28:24 PM] POST /api/calc-shipping 
[1/5/2026, 10:28:25 PM] POST /api/calc-shipping 
[1/5/2026, 10:28:25 PM] POST /api/calc-shipping 
[1/5/2026, 10:28:29 PM] POST /place-order 
[1/5/2026, 10:44:22 PM] GET /cart 
[1/5/2026, 10:44:23 PM] GET /login 
[1/5/2026, 10:44:34 PM] POST /login 
[1/5/2026, 10:44:34 PM] GET / 
[1/5/2026, 10:44:36 PM] GET /cart 
[1/5/2026, 10:44:37 PM] GET /api/ghn/provinces 
[1/5/2026, 10:44:37 PM] GET /api/ghn/districts/202 
[1/5/2026, 10:44:37 PM] GET /api/ghn/wards/1457 
[1/5/2026, 10:44:37 PM] POST /api/calc-shipping 
[1/5/2026, 10:44:41 PM] POST /api/calc-shipping 
[1/5/2026, 10:44:43 PM] POST /api/calc-shipping 
[1/5/2026, 10:44:43 PM] POST /api/calc-shipping 
[1/5/2026, 10:44:48 PM] POST /place-order 
[1/5/2026, 10:44:51 PM] GET /cart 
[1/5/2026, 10:44:51 PM] GET /api/ghn/provinces 
[1/5/2026, 10:44:53 PM] GET /api/ghn/districts/202 
[1/5/2026, 10:44:53 PM] GET /api/ghn/wards/1457 
[1/5/2026, 10:44:53 PM] POST /api/calc-shipping 
[1/5/2026, 10:44:56 PM] GET / 
[1/5/2026, 10:44:59 PM] GET /product/6953fe084a7cbb8ae5fd23de 
[1/5/2026, 10:45:02 PM] GET /cart 
[1/5/2026, 10:45:02 PM] GET /api/ghn/provinces 
[1/5/2026, 10:45:02 PM] GET /api/ghn/districts/202 
[1/5/2026, 10:45:02 PM] GET /api/ghn/wards/1457 
[1/5/2026, 10:45:03 PM] POST /api/calc-shipping 
[1/5/2026, 10:45:04 PM] GET /order 
[1/5/2026, 10:45:06 PM] GET /cart 
[1/5/2026, 10:45:07 PM] GET /api/ghn/provinces 
[1/5/2026, 10:45:07 PM] GET /api/ghn/districts/202 
[1/5/2026, 10:45:07 PM] GET /api/ghn/wards/1457 
[1/5/2026, 10:45:08 PM] POST /api/calc-shipping 
[1/5/2026, 10:45:12 PM] GET /admin 
[1/5/2026, 10:45:12 PM] GET /admin/login 
[1/5/2026, 10:45:22 PM] GET /admin 
[1/5/2026, 10:45:22 PM] GET /admin/login 
[1/5/2026, 10:45:22 PM] GET /favicon.ico 
[1/5/2026, 10:45:27 PM] POST /admin/login 
[1/5/2026, 10:45:27 PM] GET /admin 
[1/5/2026, 10:45:35 PM] GET /admin/orders 
[1/5/2026, 10:45:42 PM] GET /admin/orders?status=pending 
[1/5/2026, 10:45:54 PM] POST /update-cart 
[1/5/2026, 10:45:59 PM] GET / 
[1/5/2026, 10:46:01 PM] GET /product/6953fe084a7cbb8ae5fd23de 
[1/5/2026, 10:46:04 PM] POST /add-to-cart 
[1/5/2026, 10:46:05 PM] GET /cart 
[1/5/2026, 10:46:05 PM] GET /api/ghn/provinces 
[1/5/2026, 10:46:06 PM] GET /api/ghn/districts/202 
[1/5/2026, 10:46:06 PM] GET /api/ghn/wards/1457 
[1/5/2026, 10:46:06 PM] POST /api/calc-shipping 
[1/5/2026, 10:46:08 PM] POST /api/calc-shipping 
[1/5/2026, 10:46:10 PM] POST /api/calc-shipping 
[1/5/2026, 10:46:10 PM] POST /api/calc-shipping 
[1/5/2026, 10:46:14 PM] POST /api/calc-shipping 
[1/5/2026, 10:46:16 PM] POST /api/calc-shipping 
[1/5/2026, 10:46:16 PM] POST /api/calc-shipping 
[1/5/2026, 10:46:19 PM] POST /api/calc-shipping 
[1/5/2026, 10:46:21 PM] POST /api/calc-shipping 
[1/5/2026, 10:46:22 PM] POST /api/calc-shipping 
[1/5/2026, 10:46:25 PM] POST /place-order 
[1/5/2026, 10:47:24 PM] POST /place-order 
[1/5/2026, 10:47:28 PM] GET /order 
[1/5/2026, 10:47:32 PM] GET / 
[1/5/2026, 10:47:34 PM] GET /product/6953fc286077faa2b433cfca 
[1/5/2026, 10:47:37 PM] GET /product/695405b206e5d094d3f07e06 
[1/5/2026, 10:47:39 PM] POST /add-to-cart 
[1/5/2026, 10:47:40 PM] GET /cart 
[1/5/2026, 10:47:41 PM] GET /api/ghn/provinces 
[1/5/2026, 10:47:42 PM] GET /api/ghn/districts/202 
[1/5/2026, 10:47:42 PM] GET /api/ghn/wards/1457 
[1/5/2026, 10:47:43 PM] POST /api/calc-shipping 
[1/5/2026, 10:47:44 PM] POST /remove-from-cart 
[1/5/2026, 10:47:45 PM] GET /cart 
[1/5/2026, 10:47:45 PM] GET /api/ghn/provinces 
[1/5/2026, 10:47:45 PM] GET /api/ghn/districts/202 
[1/5/2026, 10:47:45 PM] GET /api/ghn/wards/1457 
[1/5/2026, 10:47:45 PM] POST /api/calc-shipping 
[1/5/2026, 10:47:46 PM] POST /api/calc-shipping 
[1/5/2026, 10:47:50 PM] POST /place-order 
[1/5/2026, 10:50:13 PM] GET /order 
[1/5/2026, 10:50:22 PM] GET /cart 
[1/5/2026, 10:50:23 PM] GET /api/ghn/provinces 
[1/5/2026, 10:50:23 PM] GET /api/ghn/districts/202 
[1/5/2026, 10:50:23 PM] GET /api/ghn/wards/1457 
[1/5/2026, 10:50:23 PM] POST /api/calc-shipping 
[1/5/2026, 10:50:25 PM] GET /cart 
[1/5/2026, 10:50:25 PM] GET /api/ghn/provinces 
[1/5/2026, 10:50:25 PM] GET /api/ghn/districts/202 
[1/5/2026, 10:50:25 PM] GET /api/ghn/wards/1457 
[1/5/2026, 10:50:26 PM] POST /api/calc-shipping 
[1/5/2026, 10:50:28 PM] GET / 
[1/5/2026, 10:50:30 PM] GET /product/695405b206e5d094d3f07e06 
[1/5/2026, 10:50:31 PM] POST /add-to-cart 
[1/5/2026, 10:50:32 PM] GET /cart 
[1/5/2026, 10:50:33 PM] GET /api/ghn/provinces 
[1/5/2026, 10:50:33 PM] GET /api/ghn/districts/202 
[1/5/2026, 10:50:33 PM] GET /api/ghn/wards/1457 
[1/5/2026, 10:50:34 PM] POST /api/calc-shipping 
[1/5/2026, 10:50:36 PM] POST /api/calc-shipping 
[1/5/2026, 10:50:39 PM] POST /place-order 
[1/5/2026, 10:50:44 PM] GET /cart 
[1/5/2026, 10:50:44 PM] GET /api/ghn/provinces 
[1/5/2026, 10:50:45 PM] GET /api/ghn/districts/202 
[1/5/2026, 10:50:45 PM] GET /api/ghn/wards/1457 
[1/5/2026, 10:50:45 PM] POST /api/calc-shipping 
[1/5/2026, 10:50:46 PM] GET /order 
[1/5/2026, 10:50:48 PM] GET / 
[1/5/2026, 10:50:50 PM] GET /product/695405b206e5d094d3f07e06 
[1/5/2026, 10:51:39 PM] GET /product/695405b206e5d094d3f07e06 
[1/5/2026, 10:51:41 PM] GET /login 
[1/5/2026, 10:51:47 PM] POST /login 
[1/5/2026, 10:51:48 PM] GET / 
[1/5/2026, 10:51:49 PM] GET /cart 
[1/5/2026, 10:51:49 PM] GET /api/ghn/provinces 
[1/5/2026, 10:51:49 PM] GET /api/ghn/districts/202 
[1/5/2026, 10:51:50 PM] GET /api/ghn/wards/1457 
[1/5/2026, 10:51:50 PM] POST /api/calc-shipping 
[1/5/2026, 10:51:51 PM] GET / 
[1/5/2026, 10:51:53 PM] GET /product/695405b206e5d094d3f07e06 
[1/5/2026, 10:51:54 PM] POST /add-to-cart 
[1/5/2026, 10:51:55 PM] GET /cart 
[1/5/2026, 10:51:55 PM] GET /api/ghn/provinces 
[1/5/2026, 10:51:55 PM] GET /api/ghn/districts/202 
[1/5/2026, 10:51:56 PM] GET /api/ghn/wards/1457 
[1/5/2026, 10:51:56 PM] POST /api/calc-shipping 
[1/5/2026, 10:51:58 PM] POST /api/calc-shipping 
[1/5/2026, 10:52:00 PM] POST /api/calc-shipping 
[1/5/2026, 10:52:00 PM] POST /api/calc-shipping 
[1/5/2026, 10:52:03 PM] POST /place-order 
[1/5/2026, 10:53:55 PM] GET /cart 
[1/5/2026, 10:53:55 PM] GET /login 
[1/5/2026, 10:54:02 PM] POST /login 
[1/5/2026, 10:54:02 PM] GET / 
[1/5/2026, 10:54:04 PM] GET /cart 
[1/5/2026, 10:54:04 PM] GET /api/ghn/provinces 
[1/5/2026, 10:54:05 PM] GET /api/ghn/districts/202 
[1/5/2026, 10:54:05 PM] GET /api/ghn/wards/1457 
[1/5/2026, 10:54:05 PM] POST /api/calc-shipping 
[1/5/2026, 10:54:05 PM] GET /order 
[1/5/2026, 10:54:07 PM] GET / 
[1/5/2026, 10:54:10 PM] GET /product/695405b206e5d094d3f07e06 
[1/5/2026, 10:54:11 PM] POST /add-to-cart 
[1/5/2026, 10:54:12 PM] GET /cart 
[1/5/2026, 10:54:12 PM] GET /api/ghn/provinces 
[1/5/2026, 10:54:12 PM] GET /api/ghn/districts/202 
[1/5/2026, 10:54:13 PM] GET /api/ghn/wards/1457 
[1/5/2026, 10:54:13 PM] POST /api/calc-shipping 
[1/5/2026, 10:54:14 PM] POST /api/calc-shipping 
[1/5/2026, 10:54:16 PM] POST /api/calc-shipping 
[1/5/2026, 10:54:16 PM] POST /api/calc-shipping 
[1/5/2026, 10:54:19 PM] POST /place-order 
[1/5/2026, 10:54:28 PM] GET /cart 
[1/5/2026, 10:54:28 PM] GET /api/ghn/provinces 
[1/5/2026, 10:54:29 PM] GET /api/ghn/districts/202 
[1/5/2026, 10:54:29 PM] GET /api/ghn/wards/1457 
[1/5/2026, 10:54:29 PM] POST /api/calc-shipping 
[1/5/2026, 10:55:55 PM] GET /cart 
[1/5/2026, 10:55:55 PM] GET /login 
[1/5/2026, 10:56:01 PM] POST /login 
[1/5/2026, 10:56:01 PM] GET / 
[1/5/2026, 10:56:04 PM] GET /product/6953fe084a7cbb8ae5fd23de 
[1/5/2026, 10:56:06 PM] POST /add-to-cart 
[1/5/2026, 10:56:08 PM] GET /cart 
[1/5/2026, 10:56:08 PM] GET /api/ghn/provinces 
[1/5/2026, 10:56:09 PM] GET /api/ghn/districts/202 
[1/5/2026, 10:56:09 PM] GET /api/ghn/wards/1457 
[1/5/2026, 10:56:09 PM] POST /api/calc-shipping 
[1/5/2026, 10:56:13 PM] POST /api/calc-shipping 
[1/5/2026, 10:56:16 PM] POST /api/calc-shipping 
[1/5/2026, 10:56:16 PM] POST /api/calc-shipping 
[1/5/2026, 10:56:18 PM] POST /place-order 
[1/5/2026, 10:58:45 PM] GET /admin/orders?status=pending 
[1/5/2026, 10:58:45 PM] GET /admin/login 
[1/5/2026, 10:58:51 PM] POST /admin/login 
[1/5/2026, 10:58:51 PM] GET /admin 
[1/5/2026, 10:58:55 PM] GET /admin/orders 
[1/5/2026, 10:58:59 PM] POST /admin/orders/update-status/695bdf2269c1e2e6d5c10b83 
[1/5/2026, 10:58:59 PM] GET /admin/orders 
[1/5/2026, 11:07:44 PM] GET /cart 
[1/5/2026, 11:07:44 PM] GET /login 
[1/5/2026, 11:07:52 PM] POST /login 
[1/5/2026, 11:07:52 PM] GET / 
[1/5/2026, 11:07:53 PM] GET /cart 
[1/5/2026, 11:07:54 PM] GET /api/ghn/provinces 
[1/5/2026, 11:07:55 PM] GET /api/ghn/districts/201 
[1/5/2026, 11:07:55 PM] GET /api/ghn/wards/1711 
[1/5/2026, 11:07:55 PM] POST /api/calc-shipping 
[1/5/2026, 11:07:55 PM] GET / 
[1/5/2026, 11:07:57 PM] GET /product/6953fe084a7cbb8ae5fd23de 
[1/5/2026, 11:07:59 PM] GET /product/695405b206e5d094d3f07e06 
[1/5/2026, 11:08:01 PM] POST /add-to-cart 
[1/5/2026, 11:08:02 PM] GET /cart 
[1/5/2026, 11:08:02 PM] GET /api/ghn/provinces 
[1/5/2026, 11:08:02 PM] GET /api/ghn/districts/201 
[1/5/2026, 11:08:03 PM] GET /api/ghn/wards/1711 
[1/5/2026, 11:08:03 PM] POST /api/calc-shipping 
[1/5/2026, 11:08:04 PM] POST /api/calc-shipping 
[1/5/2026, 11:08:07 PM] GET /api/ghn/districts/202 
[1/5/2026, 11:08:09 PM] GET /api/ghn/wards/1457 
[1/5/2026, 11:08:11 PM] POST /api/calc-shipping 
[1/5/2026, 11:08:14 PM] POST /save-profile 
[1/5/2026, 11:08:14 PM] POST /api/calc-shipping 
[1/5/2026, 11:08:16 PM] POST /api/calc-shipping 
[1/5/2026, 11:08:16 PM] POST /api/calc-shipping 
[1/5/2026, 11:08:20 PM] POST /place-order 
[1/5/2026, 11:09:49 PM] GET /cart 
[1/5/2026, 11:09:49 PM] GET /api/ghn/provinces 
[1/5/2026, 11:09:49 PM] GET /api/ghn/districts/202 
[1/5/2026, 11:09:50 PM] GET /api/ghn/wards/1457 
[1/5/2026, 11:09:50 PM] POST /api/calc-shipping 
[1/5/2026, 11:09:51 PM] GET /order 
[1/5/2026, 11:14:46 PM] GET / 
[1/5/2026, 11:14:48 PM] GET /favicon.ico 
[1/5/2026, 11:14:49 PM] GET /login 
[1/5/2026, 11:14:55 PM] POST /login 
[1/5/2026, 11:14:55 PM] GET / 
[1/5/2026, 11:14:59 PM] GET /product/695405b206e5d094d3f07e06 
[1/5/2026, 11:15:01 PM] POST /add-to-cart 
[1/5/2026, 11:15:03 PM] GET /cart 
[1/5/2026, 11:16:04 PM] GET /cart 
[1/5/2026, 11:16:04 PM] GET /login 
[1/5/2026, 11:16:43 PM] GET / 
[1/5/2026, 11:17:12 PM] GET /login 
[1/5/2026, 11:17:17 PM] POST /login 
[1/5/2026, 11:17:17 PM] GET / 
[1/5/2026, 11:17:19 PM] GET /product/695405b206e5d094d3f07e06 
[1/5/2026, 11:17:22 PM] POST /add-to-cart 
[1/5/2026, 11:17:23 PM] GET /cart 
[1/5/2026, 11:17:38 PM] GET /cart 
[1/5/2026, 11:17:45 PM] GET /logout 
[1/5/2026, 11:17:45 PM] GET / 
[1/5/2026, 11:17:47 PM] GET /login 
[1/5/2026, 11:17:53 PM] POST /login 
[1/5/2026, 11:17:53 PM] GET / 
[1/5/2026, 11:17:55 PM] GET /product/695405b206e5d094d3f07e06 
[1/5/2026, 11:17:57 PM] POST /add-to-cart 
[1/5/2026, 11:17:58 PM] GET /cart 
[1/5/2026, 11:18:09 PM] GET /cart 
[1/5/2026, 11:18:56 PM] GET /order 
[1/5/2026, 11:18:59 PM] GET /cart 
[1/5/2026, 11:19:01 PM] GET /cart 
[1/5/2026, 11:19:05 PM] GET /order 
[1/5/2026, 11:19:05 PM] GET /login 
[1/5/2026, 11:19:16 PM] POST /login 
[1/5/2026, 11:19:16 PM] GET / 
[1/5/2026, 11:19:17 PM] GET /cart 
[1/5/2026, 11:19:24 PM] GET /cart 
[1/5/2026, 11:20:07 PM] GET /cart 
[1/5/2026, 11:23:07 PM] GET /cart 
[1/5/2026, 11:23:07 PM] GET /login 
[1/5/2026, 11:23:14 PM] POST /login 
[1/5/2026, 11:23:15 PM] GET / 
[1/5/2026, 11:23:17 PM] GET /cart 
[1/5/2026, 11:24:42 PM] GET /cart 
[1/5/2026, 11:24:42 PM] GET /login 
[1/5/2026, 11:24:47 PM] POST /login 
[1/5/2026, 11:24:48 PM] GET / 
[1/5/2026, 11:24:50 PM] GET /cart 
[1/5/2026, 11:25:31 PM] GET /cart 
[1/5/2026, 11:25:31 PM] GET /login 
[1/5/2026, 11:25:37 PM] POST /login 
[1/5/2026, 11:25:37 PM] GET / 
[1/5/2026, 11:26:19 PM] GET /cart 
[1/5/2026, 11:28:34 PM] GET /cart 
[1/5/2026, 11:28:34 PM] GET /login 
[1/5/2026, 11:28:41 PM] POST /login 
[1/5/2026, 11:28:42 PM] GET / 
[1/5/2026, 11:28:43 PM] GET /cart 
[1/5/2026, 11:28:44 PM] GET /api/ghn/provinces 
[1/5/2026, 11:28:45 PM] GET /api/ghn/districts/202 
[1/5/2026, 11:28:45 PM] GET /api/ghn/wards/1457 
[1/5/2026, 11:28:46 PM] POST /api/calc-shipping 
[1/5/2026, 11:28:48 PM] POST /api/calc-shipping 
[1/5/2026, 11:28:50 PM] POST /api/calc-shipping 
[1/5/2026, 11:28:50 PM] POST /api/calc-shipping 
[1/5/2026, 11:28:54 PM] POST /place-order 
[1/5/2026, 11:29:43 PM] GET /cart 
[1/5/2026, 11:29:43 PM] GET /api/ghn/provinces 
[1/5/2026, 11:29:44 PM] GET /api/ghn/districts/202 
[1/5/2026, 11:29:44 PM] GET /api/ghn/wards/1457 
[1/5/2026, 11:29:45 PM] POST /api/calc-shipping 
[1/5/2026, 11:29:46 PM] GET /order 
[1/5/2026, 11:54:58 PM] GET /order 
[1/5/2026, 11:54:58 PM] GET /login 
[1/5/2026, 11:55:06 PM] POST /login 
[1/5/2026, 11:55:06 PM] GET / 
[1/5/2026, 11:55:08 PM] GET /cart 
[1/5/2026, 11:55:08 PM] GET /api/ghn/provinces 
[1/5/2026, 11:55:09 PM] GET /api/ghn/districts/202 
[1/5/2026, 11:55:09 PM] GET /api/ghn/wards/1457 
[1/5/2026, 11:55:09 PM] POST /api/calc-shipping 
[1/5/2026, 11:55:10 PM] GET / 
[1/5/2026, 11:55:14 PM] GET /product/6953fe084a7cbb8ae5fd23de 
[1/5/2026, 11:55:16 PM] GET /product/695405b206e5d094d3f07e06 
[1/5/2026, 11:55:18 PM] POST /add-to-cart 
[1/5/2026, 11:55:19 PM] GET /cart 
[1/5/2026, 11:55:20 PM] GET /api/ghn/provinces 
[1/5/2026, 11:55:20 PM] GET /api/ghn/districts/202 
[1/5/2026, 11:55:21 PM] GET /api/ghn/wards/1457 
[1/5/2026, 11:55:21 PM] POST /api/calc-shipping 
[1/5/2026, 11:55:22 PM] POST /api/calc-shipping 
[1/5/2026, 11:55:28 PM] POST /api/calc-shipping 
[1/5/2026, 11:55:28 PM] POST /api/calc-shipping 
[1/5/2026, 11:55:31 PM] POST /place-order 
[1/5/2026, 11:56:47 PM] GET /cart 
[1/5/2026, 11:56:48 PM] GET /api/ghn/provinces 
[1/5/2026, 11:56:48 PM] GET /api/ghn/districts/202 
[1/5/2026, 11:56:49 PM] GET /api/ghn/wards/1457 
[1/5/2026, 11:56:49 PM] POST /api/calc-shipping 
[1/5/2026, 11:56:50 PM] GET /order 
[1/5/2026, 11:57:48 PM] GET / 
[1/5/2026, 11:57:50 PM] GET /product/695405b206e5d094d3f07e06 
[1/5/2026, 11:57:51 PM] POST /add-to-cart 
[1/5/2026, 11:57:52 PM] GET /cart 
[1/5/2026, 11:57:53 PM] GET /api/ghn/provinces 
[1/5/2026, 11:57:53 PM] GET /api/ghn/districts/202 
[1/5/2026, 11:57:54 PM] GET /api/ghn/wards/1457 
[1/5/2026, 11:57:54 PM] POST /api/calc-shipping 
[1/5/2026, 11:57:55 PM] POST /api/calc-shipping 
[1/5/2026, 11:57:56 PM] POST /api/calc-shipping 
[1/5/2026, 11:57:56 PM] POST /api/calc-shipping 
[1/5/2026, 11:57:59 PM] POST /place-order 
[1/6/2026, 12:02:55 AM] GET /cart 
[1/6/2026, 12:02:55 AM] GET /login 
[1/6/2026, 12:03:08 AM] GET / 
[1/6/2026, 12:03:10 AM] GET /login 
[1/6/2026, 12:03:14 AM] POST /login 
[1/6/2026, 12:03:15 AM] GET / 
[1/6/2026, 12:03:17 AM] GET /cart 
[1/6/2026, 12:03:18 AM] GET /api/ghn/provinces 
[1/6/2026, 12:03:18 AM] GET /api/ghn/districts/202 
[1/6/2026, 12:03:19 AM] GET /api/ghn/wards/1457 
[1/6/2026, 12:03:19 AM] POST /api/calc-shipping 
[1/6/2026, 12:03:19 AM] POST /api/calc-shipping 
[1/6/2026, 12:03:22 AM] POST /update-cart 
[1/6/2026, 12:03:22 AM] GET /cart 
[1/6/2026, 12:03:23 AM] GET /api/ghn/provinces 
[1/6/2026, 12:03:23 AM] GET /api/ghn/districts/202 
[1/6/2026, 12:03:23 AM] GET /api/ghn/wards/1457 
[1/6/2026, 12:03:24 AM] POST /api/calc-shipping 
[1/6/2026, 12:03:24 AM] POST /api/calc-shipping 
[1/6/2026, 12:03:25 AM] POST /api/calc-shipping 
[1/6/2026, 12:03:30 AM] POST /api/calc-shipping 
[1/6/2026, 12:03:33 AM] POST /api/calc-shipping 
[1/6/2026, 12:03:33 AM] POST /api/calc-shipping 
[1/6/2026, 12:03:34 AM] POST /api/calc-shipping 
[1/6/2026, 12:03:34 AM] POST /api/calc-shipping 
[1/6/2026, 12:03:36 AM] POST /api/calc-shipping 
[1/6/2026, 12:03:36 AM] POST /api/calc-shipping 
[1/6/2026, 12:03:37 AM] POST /api/calc-shipping 
[1/6/2026, 12:03:37 AM] POST /api/calc-shipping 
[1/6/2026, 12:03:40 AM] POST /place-order 
[1/6/2026, 12:05:47 AM] GET /cart 
[1/6/2026, 12:05:48 AM] GET /api/ghn/provinces 
[1/6/2026, 12:05:48 AM] GET /api/ghn/districts/202 
[1/6/2026, 12:05:49 AM] GET /api/ghn/wards/1457 
[1/6/2026, 12:05:49 AM] POST /api/calc-shipping 
[1/6/2026, 12:05:51 AM] POST /update-cart 
[1/6/2026, 12:05:52 AM] GET /cart 
[1/6/2026, 12:05:52 AM] GET /api/ghn/provinces 
[1/6/2026, 12:05:53 AM] GET /api/ghn/districts/202 
[1/6/2026, 12:05:53 AM] GET /api/ghn/wards/1457 
[1/6/2026, 12:05:53 AM] POST /api/calc-shipping 
[1/6/2026, 12:05:54 AM] POST /update-cart 
[1/6/2026, 12:05:54 AM] GET /cart 
[1/6/2026, 12:05:55 AM] GET /api/ghn/provinces 
[1/6/2026, 12:05:55 AM] GET /api/ghn/districts/202 
[1/6/2026, 12:05:55 AM] GET /api/ghn/wards/1457 
[1/6/2026, 12:05:55 AM] POST /update-cart 
[1/6/2026, 12:05:55 AM] POST /api/calc-shipping 
[1/6/2026, 12:05:56 AM] GET /cart 
[1/6/2026, 12:05:56 AM] GET /api/ghn/provinces 
[1/6/2026, 12:05:56 AM] GET /api/ghn/districts/202 
[1/6/2026, 12:05:57 AM] GET /api/ghn/wards/1457 
[1/6/2026, 12:05:57 AM] POST /api/calc-shipping 
[1/6/2026, 12:05:57 AM] GET / 
[1/6/2026, 12:05:59 AM] GET /product/695405b206e5d094d3f07e06 
[1/6/2026, 12:06:01 AM] POST /add-to-cart 
[1/6/2026, 12:06:02 AM] GET /cart 
[1/6/2026, 12:06:03 AM] GET /api/ghn/provinces 
[1/6/2026, 12:06:03 AM] GET /api/ghn/districts/202 
[1/6/2026, 12:06:04 AM] GET /api/ghn/wards/1457 
[1/6/2026, 12:06:04 AM] POST /api/calc-shipping 
[1/6/2026, 12:06:06 AM] POST /api/calc-shipping 
[1/6/2026, 12:06:08 AM] POST /api/calc-shipping 
[1/6/2026, 12:06:08 AM] POST /api/calc-shipping 
[1/6/2026, 12:06:11 AM] POST /place-order 
[1/6/2026, 12:17:09 AM] GET / 
[1/6/2026, 12:17:13 AM] GET /login 
[1/6/2026, 12:17:18 AM] POST /login 
[1/6/2026, 12:17:18 AM] GET / 
[1/6/2026, 12:18:11 AM] GET /product/695405b206e5d094d3f07e06 
[1/6/2026, 12:18:12 AM] POST /add-to-cart 
[1/6/2026, 12:18:14 AM] GET /cart 
[1/6/2026, 12:18:14 AM] GET /api/ghn/provinces 
[1/6/2026, 12:18:15 AM] GET /api/ghn/districts/202 
[1/6/2026, 12:18:15 AM] GET /api/ghn/wards/1457 
[1/6/2026, 12:18:16 AM] POST /api/calc-shipping 
[1/6/2026, 12:18:16 AM] POST /api/calc-shipping 
[1/6/2026, 12:18:18 AM] POST /api/calc-shipping 
[1/6/2026, 12:18:18 AM] POST /api/calc-shipping 
[1/6/2026, 12:18:22 AM] POST /place-order 
[1/6/2026, 12:25:33 AM] GET / 
[1/6/2026, 12:25:37 AM] GET /login 
[1/6/2026, 12:25:48 AM] POST /login 
[1/6/2026, 12:25:48 AM] GET / 
[1/6/2026, 12:25:50 AM] GET /product/695405b206e5d094d3f07e06 
[1/6/2026, 12:25:52 AM] POST /add-to-cart 
[1/6/2026, 12:25:53 AM] GET /cart 
[1/6/2026, 12:25:54 AM] GET /api/ghn/provinces 
[1/6/2026, 12:25:55 AM] GET /api/ghn/districts/202 
[1/6/2026, 12:25:55 AM] GET /api/ghn/wards/1457 
[1/6/2026, 12:25:56 AM] POST /api/calc-shipping 
[1/6/2026, 12:25:57 AM] POST /api/calc-shipping 
[1/6/2026, 12:25:57 AM] POST /api/calc-shipping 
[1/6/2026, 12:26:00 AM] POST /place-order 
[1/6/2026, 12:31:11 AM] GET /place-order 
[1/6/2026, 12:31:22 AM] GET /cart 
[1/6/2026, 12:31:22 AM] GET /api/ghn/provinces 
[1/6/2026, 12:31:23 AM] GET /api/ghn/districts/202 
[1/6/2026, 12:31:23 AM] GET /api/ghn/wards/1457 
[1/6/2026, 12:31:23 AM] POST /api/calc-shipping 
[1/6/2026, 12:31:52 AM] GET /order 
[1/6/2026, 12:32:58 AM] GET / 
[1/6/2026, 12:33:02 AM] GET /login 
[1/6/2026, 12:33:07 AM] POST /login 
[1/6/2026, 12:33:07 AM] GET / 
[1/6/2026, 12:33:14 AM] GET /cart 
[1/6/2026, 12:33:15 AM] GET /api/ghn/provinces 
[1/6/2026, 12:33:15 AM] GET /api/ghn/districts/202 
[1/6/2026, 12:33:15 AM] GET /api/ghn/wards/1457 
[1/6/2026, 12:33:16 AM] POST /api/calc-shipping 
[1/6/2026, 12:33:17 AM] GET / 
[1/6/2026, 12:33:20 AM] GET /product/695405b206e5d094d3f07e06 
[1/6/2026, 12:33:21 AM] POST /add-to-cart 
[1/6/2026, 12:33:23 AM] GET /cart 
[1/6/2026, 12:33:23 AM] GET /api/ghn/provinces 
[1/6/2026, 12:33:24 AM] GET /api/ghn/districts/202 
[1/6/2026, 12:33:24 AM] GET /api/ghn/wards/1457 
[1/6/2026, 12:33:24 AM] POST /api/calc-shipping 
[1/6/2026, 12:33:39 AM] POST /api/calc-shipping 
[1/6/2026, 12:33:44 AM] POST /api/calc-shipping 
[1/6/2026, 12:33:44 AM] POST /api/calc-shipping 
[1/6/2026, 12:33:51 AM] POST /place-order 
[1/6/2026, 12:39:52 AM] GET /api/sepaywebhook 
[1/6/2026, 12:41:34 AM] GET /api/sepaywebhook 
[1/6/2026, 12:41:46 AM] GET / 
[1/6/2026, 12:41:49 AM] GET /cart 
[1/6/2026, 12:41:49 AM] GET /login 
[1/6/2026, 12:41:54 AM] POST /login 
[1/6/2026, 12:41:54 AM] GET / 
[1/6/2026, 12:41:55 AM] GET /cart 
[1/6/2026, 12:41:56 AM] GET /api/ghn/provinces 
[1/6/2026, 12:41:57 AM] GET /api/ghn/districts/202 
[1/6/2026, 12:41:57 AM] GET /api/ghn/wards/1457 
[1/6/2026, 12:41:57 AM] GET / 
[1/6/2026, 12:41:57 AM] POST /api/calc-shipping 
[1/6/2026, 12:41:59 AM] GET /product/695405b206e5d094d3f07e06 
[1/6/2026, 12:42:01 AM] POST /add-to-cart 
[1/6/2026, 12:42:02 AM] GET /cart 
[1/6/2026, 12:42:02 AM] GET /api/ghn/provinces 
[1/6/2026, 12:42:03 AM] GET /api/ghn/districts/202 
[1/6/2026, 12:42:03 AM] GET /api/ghn/wards/1457 
[1/6/2026, 12:42:03 AM] POST /api/calc-shipping 
[1/6/2026, 12:42:07 AM] POST /api/calc-shipping 
[1/6/2026, 12:42:08 AM] POST /api/calc-shipping 
[1/6/2026, 12:42:08 AM] POST /api/calc-shipping 
[1/6/2026, 12:42:11 AM] POST /place-order 
[1/6/2026, 12:43:57 AM] GET /api/sepaywebhook 
[1/6/2026, 12:49:32 AM] GET /api/sepaywebhook 
[1/6/2026, 12:49:36 AM] GET / 
[1/6/2026, 12:49:38 AM] GET /login 
[1/6/2026, 12:49:46 AM] POST /login 
[1/6/2026, 12:49:46 AM] GET / 
[1/6/2026, 12:49:55 AM] GET /product/695405b206e5d094d3f07e06 
[1/6/2026, 12:49:57 AM] POST /add-to-cart 
[1/6/2026, 12:49:58 AM] GET /cart 
[1/6/2026, 12:49:59 AM] GET /api/ghn/provinces 
[1/6/2026, 12:49:59 AM] GET /api/ghn/districts/202 
[1/6/2026, 12:50:00 AM] GET /api/ghn/wards/1457 
[1/6/2026, 12:50:00 AM] POST /api/calc-shipping 
[1/6/2026, 12:50:02 AM] POST /api/calc-shipping 
[1/6/2026, 12:50:04 AM] POST /api/calc-shipping 
[1/6/2026, 12:50:04 AM] POST /api/calc-shipping 
[1/6/2026, 12:50:06 AM] POST /place-order 
[1/6/2026, 12:56:05 AM] GET /cart 
[1/6/2026, 12:56:06 AM] GET /api/ghn/provinces 
[1/6/2026, 12:56:07 AM] GET /api/ghn/districts/202 
[1/6/2026, 12:56:07 AM] GET /api/ghn/wards/1457 
[1/6/2026, 12:56:07 AM] POST /api/calc-shipping 
[1/6/2026, 12:56:10 AM] GET / 
[1/6/2026, 12:56:13 AM] GET /product/695405b206e5d094d3f07e06 
[1/6/2026, 12:56:15 AM] POST /add-to-cart 
[1/6/2026, 12:56:16 AM] GET /cart 
[1/6/2026, 12:56:17 AM] GET /api/ghn/provinces 
[1/6/2026, 12:56:17 AM] GET /api/ghn/districts/202 
[1/6/2026, 12:56:17 AM] GET /api/ghn/wards/1457 
[1/6/2026, 12:56:18 AM] POST /api/calc-shipping 
[1/6/2026, 12:56:19 AM] POST /api/calc-shipping 
[1/6/2026, 12:56:21 AM] POST /api/calc-shipping 
[1/6/2026, 12:56:21 AM] POST /api/calc-shipping 
[1/6/2026, 12:56:24 AM] POST /place-order 
[1/6/2026, 1:00:18 AM] GET / 
[1/6/2026, 1:00:21 AM] GET /product/695405b206e5d094d3f07e06 
[1/6/2026, 1:00:22 AM] POST /add-to-cart 
[1/6/2026, 1:00:23 AM] GET /cart 
[1/6/2026, 1:00:24 AM] GET /api/ghn/provinces 
[1/6/2026, 1:00:25 AM] GET /api/ghn/districts/202 
[1/6/2026, 1:00:25 AM] GET /api/ghn/wards/1457 
[1/6/2026, 1:00:25 AM] POST /api/calc-shipping 
[1/6/2026, 1:00:27 AM] POST /api/calc-shipping 
[1/6/2026, 1:00:29 AM] POST /api/calc-shipping 
[1/6/2026, 1:00:29 AM] POST /api/calc-shipping 
[1/6/2026, 1:00:33 AM] POST /place-order 
[1/6/2026, 1:24:04 PM] GET / 
[1/6/2026, 1:24:05 PM] GET /favicon.ico 
[1/6/2026, 1:24:06 PM] GET /login 
[1/6/2026, 1:24:17 PM] POST /login 
[1/6/2026, 1:24:17 PM] GET / 
[1/6/2026, 1:24:19 PM] GET /product/695405b206e5d094d3f07e06 
[1/6/2026, 1:24:21 PM] POST /add-to-cart 
[1/6/2026, 1:24:23 PM] GET /cart 
[1/6/2026, 1:24:23 PM] GET /api/ghn/provinces 
[1/6/2026, 1:24:24 PM] GET /api/ghn/districts/202 
[1/6/2026, 1:24:24 PM] GET /api/ghn/wards/1457 
[1/6/2026, 1:24:25 PM] POST /api/calc-shipping 
[1/6/2026, 1:24:25 PM] POST /api/calc-shipping 
[1/6/2026, 1:24:28 PM] POST /api/calc-shipping 
[1/6/2026, 1:24:28 PM] POST /api/calc-shipping 
[1/6/2026, 1:25:05 PM] POST /place-order 
[1/6/2026, 1:26:35 PM] GET /cart 
[1/6/2026, 1:26:35 PM] GET /api/ghn/provinces 
[1/6/2026, 1:26:36 PM] GET /api/ghn/districts/202 
[1/6/2026, 1:26:36 PM] GET / 
[1/6/2026, 1:26:36 PM] GET /api/ghn/wards/1457 
[1/6/2026, 1:26:39 PM] GET /product/695405b206e5d094d3f07e06 
[1/6/2026, 1:26:40 PM] POST /add-to-cart 
[1/6/2026, 1:26:42 PM] GET /cart 
[1/6/2026, 1:26:43 PM] GET /api/ghn/provinces 
[1/6/2026, 1:26:43 PM] GET /api/ghn/districts/202 
[1/6/2026, 1:26:43 PM] GET /api/ghn/wards/1457 
[1/6/2026, 1:26:44 PM] POST /api/calc-shipping 
[1/6/2026, 1:26:53 PM] POST /api/calc-shipping 
[1/6/2026, 1:26:54 PM] POST /api/calc-shipping 
[1/6/2026, 1:26:54 PM] POST /api/calc-shipping 
[1/6/2026, 1:26:57 PM] POST /place-order 
[1/6/2026, 10:02:36 PM] GET / 
[1/6/2026, 10:02:39 PM] GET /favicon.ico 
[1/6/2026, 10:02:41 PM] GET /login 
[1/6/2026, 10:02:48 PM] POST /login 
[1/6/2026, 10:02:48 PM] GET / 
[1/6/2026, 10:02:51 PM] GET /product/695405b206e5d094d3f07e06 
[1/6/2026, 10:02:52 PM] POST /add-to-cart 
[1/6/2026, 10:02:54 PM] GET /cart 
[1/6/2026, 10:02:54 PM] GET /api/ghn/provinces 
[1/6/2026, 10:02:55 PM] GET /api/ghn/districts/202 
[1/6/2026, 10:02:55 PM] GET /api/ghn/wards/1457 
[1/6/2026, 10:02:55 PM] POST /api/calc-shipping 
[1/6/2026, 10:02:59 PM] POST /api/calc-shipping 
[1/6/2026, 10:03:02 PM] POST /api/calc-shipping 
[1/6/2026, 10:03:02 PM] POST /api/calc-shipping 
[1/6/2026, 10:03:11 PM] POST /place-order 
[1/6/2026, 10:06:21 PM] GET /cart 
[1/6/2026, 10:06:21 PM] GET /login 
[1/6/2026, 10:06:26 PM] POST /login 
[1/6/2026, 10:06:26 PM] GET / 
[1/6/2026, 10:06:28 PM] GET /cart 
[1/6/2026, 10:06:29 PM] GET /api/ghn/provinces 
[1/6/2026, 10:06:29 PM] GET /api/ghn/districts/202 
[1/6/2026, 10:06:29 PM] GET /order 
[1/6/2026, 10:06:29 PM] GET /api/ghn/wards/1457 
[1/6/2026, 10:06:39 PM] GET /order 
[1/6/2026, 10:06:41 PM] GET / 
[1/6/2026, 10:06:43 PM] GET /product/695405b206e5d094d3f07e06 
[1/6/2026, 10:06:45 PM] POST /add-to-cart 
[1/6/2026, 10:06:46 PM] GET /cart 
[1/6/2026, 10:06:47 PM] GET /api/ghn/provinces 
[1/6/2026, 10:06:48 PM] GET /api/ghn/districts/202 
[1/6/2026, 10:06:48 PM] GET /api/ghn/wards/1457 
[1/6/2026, 10:06:48 PM] POST /api/calc-shipping 
[1/6/2026, 10:06:49 PM] POST /api/calc-shipping 
[1/6/2026, 10:06:51 PM] POST /api/calc-shipping 
[1/6/2026, 10:06:51 PM] POST /api/calc-shipping 
[1/6/2026, 10:06:56 PM] POST /place-order 
[1/6/2026, 10:08:43 PM] GET /cart 
[1/6/2026, 10:08:43 PM] GET /login 
[1/6/2026, 10:08:56 PM] POST /login 
[1/6/2026, 10:08:56 PM] GET / 
[1/6/2026, 10:08:59 PM] GET /product/695405b206e5d094d3f07e06 
[1/6/2026, 10:09:00 PM] POST /add-to-cart 
[1/6/2026, 10:09:02 PM] GET /cart 
[1/6/2026, 10:09:02 PM] GET /api/ghn/provinces 
[1/6/2026, 10:09:03 PM] GET /api/ghn/districts/202 
[1/6/2026, 10:09:03 PM] GET /api/ghn/wards/1457 
[1/6/2026, 10:09:03 PM] POST /api/calc-shipping 
[1/6/2026, 10:09:03 PM] POST /api/calc-shipping 
[1/6/2026, 10:09:05 PM] POST /api/calc-shipping 
[1/6/2026, 10:09:05 PM] POST /api/calc-shipping 
[1/6/2026, 10:09:09 PM] POST /place-order 
[1/6/2026, 10:13:30 PM] GET /cart 
[1/6/2026, 10:13:30 PM] GET /login 
[1/6/2026, 10:13:37 PM] POST /login 
[1/6/2026, 10:13:37 PM] GET / 
[1/6/2026, 10:13:40 PM] GET /product/695405b206e5d094d3f07e06 
[1/6/2026, 10:13:42 PM] POST /add-to-cart 
[1/6/2026, 10:13:43 PM] GET /cart 
[1/6/2026, 10:13:44 PM] GET /api/ghn/provinces 
[1/6/2026, 10:13:45 PM] GET /api/ghn/districts/202 
[1/6/2026, 10:13:45 PM] GET /api/ghn/wards/1457 
[1/6/2026, 10:13:45 PM] POST /api/calc-shipping 
[1/6/2026, 10:13:45 PM] POST /api/calc-shipping 
[1/6/2026, 10:13:48 PM] POST /api/calc-shipping 
[1/6/2026, 10:13:48 PM] POST /api/calc-shipping 
[1/6/2026, 10:13:51 PM] POST /place-order 
[1/6/2026, 10:17:53 PM] GET /cart 
[1/6/2026, 10:17:53 PM] GET /login 
[1/6/2026, 10:17:59 PM] POST /login 
[1/6/2026, 10:18:00 PM] GET / 
[1/6/2026, 10:18:02 PM] GET /product/695405b206e5d094d3f07e06 
[1/6/2026, 10:18:03 PM] POST /add-to-cart 
[1/6/2026, 10:18:05 PM] GET /cart 
[1/6/2026, 10:18:05 PM] GET /api/ghn/provinces 
[1/6/2026, 10:18:06 PM] GET /api/ghn/districts/202 
[1/6/2026, 10:18:06 PM] GET /api/ghn/wards/1457 
[1/6/2026, 10:18:06 PM] POST /api/calc-shipping 
[1/6/2026, 10:18:08 PM] POST /api/calc-shipping 
[1/6/2026, 10:18:08 PM] POST /api/calc-shipping 
[1/6/2026, 10:18:11 PM] POST /place-order 
[1/6/2026, 10:19:10 PM] GET /cart 
[1/6/2026, 10:19:10 PM] GET /login 
[1/6/2026, 10:19:22 PM] POST /login 
[1/6/2026, 10:19:22 PM] GET / 
[1/6/2026, 10:19:25 PM] GET /product/695405b206e5d094d3f07e06 
[1/6/2026, 10:19:27 PM] POST /add-to-cart 
[1/6/2026, 10:19:29 PM] GET /cart 
[1/6/2026, 10:19:29 PM] GET /api/ghn/provinces 
[1/6/2026, 10:19:30 PM] GET /api/ghn/districts/202 
[1/6/2026, 10:19:30 PM] GET /api/ghn/wards/1457 
[1/6/2026, 10:19:30 PM] POST /api/calc-shipping 
[1/6/2026, 10:19:31 PM] POST /api/calc-shipping 
[1/6/2026, 10:19:37 PM] POST /api/calc-shipping 
[1/6/2026, 10:19:37 PM] POST /api/calc-shipping 
[1/6/2026, 10:19:40 PM] POST /place-order 
[1/6/2026, 10:27:57 PM] GET /cart 
[1/6/2026, 10:27:57 PM] GET /login 
[1/6/2026, 10:28:04 PM] POST /login 
[1/6/2026, 10:28:04 PM] GET / 
[1/6/2026, 10:28:06 PM] GET /product/695405b206e5d094d3f07e06 
[1/6/2026, 10:28:09 PM] POST /add-to-cart 
[1/6/2026, 10:28:12 PM] GET /cart 
[1/6/2026, 10:28:12 PM] GET /api/ghn/provinces 
[1/6/2026, 10:28:13 PM] GET /api/ghn/districts/202 
[1/6/2026, 10:28:13 PM] GET /api/ghn/wards/1457 
[1/6/2026, 10:28:13 PM] POST /api/calc-shipping 
[1/6/2026, 10:28:15 PM] POST /api/calc-shipping 
[1/6/2026, 10:28:17 PM] POST /api/calc-shipping 
[1/6/2026, 10:28:17 PM] POST /api/calc-shipping 
[1/6/2026, 10:28:20 PM] POST /place-order 
[1/6/2026, 10:29:36 PM] GET /cart 
[1/6/2026, 10:29:36 PM] GET /login 
[1/6/2026, 10:29:44 PM] POST /login 
[1/6/2026, 10:29:45 PM] GET / 
[1/6/2026, 10:29:47 PM] GET /product/695405b206e5d094d3f07e06 
[1/6/2026, 10:29:48 PM] POST /add-to-cart 
[1/6/2026, 10:29:49 PM] GET /cart 
[1/6/2026, 10:29:50 PM] GET /api/ghn/provinces 
[1/6/2026, 10:29:51 PM] GET /api/ghn/districts/202 
[1/6/2026, 10:29:51 PM] GET /api/ghn/wards/1457 
[1/6/2026, 10:29:51 PM] POST /api/calc-shipping 
[1/6/2026, 10:29:52 PM] POST /api/calc-shipping 
[1/6/2026, 10:29:54 PM] POST /api/calc-shipping 
[1/6/2026, 10:29:54 PM] POST /api/calc-shipping 
[1/6/2026, 10:29:57 PM] POST /place-order 
[1/6/2026, 10:32:12 PM] GET /cart 
[1/6/2026, 10:32:12 PM] GET /login 
[1/6/2026, 10:32:18 PM] POST /login 
[1/6/2026, 10:32:18 PM] GET / 
[1/6/2026, 10:32:20 PM] GET /product/695405b206e5d094d3f07e06 
[1/6/2026, 10:32:21 PM] POST /add-to-cart 
[1/6/2026, 10:32:23 PM] GET /cart 
[1/6/2026, 10:32:23 PM] GET /api/ghn/provinces 
[1/6/2026, 10:32:24 PM] GET /api/ghn/districts/202 
[1/6/2026, 10:32:24 PM] GET /api/ghn/wards/1457 
[1/6/2026, 10:32:24 PM] POST /api/calc-shipping 
[1/6/2026, 10:32:25 PM] POST /api/calc-shipping 
[1/6/2026, 10:32:27 PM] POST /api/calc-shipping 
[1/6/2026, 10:32:27 PM] POST /api/calc-shipping 
[1/6/2026, 10:32:30 PM] POST /place-order 
[1/6/2026, 10:36:37 PM] GET /admin 
[1/6/2026, 10:36:37 PM] GET /admin/login 
[1/6/2026, 10:36:37 PM] GET /favicon.ico 
[1/6/2026, 10:36:47 PM] POST /admin/login 
[1/6/2026, 10:36:48 PM] GET /admin 
[1/6/2026, 10:36:57 PM] GET /admin/products 
[1/6/2026, 10:36:57 PM] GET /css/admin-style.css 
[1/6/2026, 10:37:07 PM] GET /admin/products/edit-product/69540564ade3d5be726a61c8 
[1/6/2026, 10:37:07 PM] GET /css/admin-style.css 
[1/6/2026, 10:37:10 PM] POST /admin/products/edit-product/69540564ade3d5be726a61c8 
[1/6/2026, 10:37:10 PM] GET /admin/products?success=true 
[1/6/2026, 10:37:11 PM] GET /css/admin-style.css 
[1/6/2026, 10:37:21 PM] GET / 
[1/6/2026, 10:37:24 PM] GET /login 
[1/6/2026, 10:37:29 PM] POST /login 
[1/6/2026, 10:37:30 PM] GET / 
[1/6/2026, 10:37:32 PM] GET /product/695405b206e5d094d3f07e06 
[1/6/2026, 10:37:33 PM] POST /add-to-cart 
[1/6/2026, 10:37:37 PM] GET /product/6953fe084a7cbb8ae5fd23de 
[1/6/2026, 10:37:41 PM] GET /Vest 
[1/6/2026, 10:37:45 PM] GET /product/695405b206e5d094d3f07e06 
[1/6/2026, 10:37:48 PM] GET /product/69540564ade3d5be726a61c8 
[1/6/2026, 10:37:52 PM] GET /cart 
[1/6/2026, 10:37:52 PM] GET /api/ghn/provinces 
[1/6/2026, 10:37:53 PM] GET /api/ghn/districts/202 
[1/6/2026, 10:37:53 PM] GET /api/ghn/wards/1457 
[1/6/2026, 10:37:54 PM] POST /api/calc-shipping 
[1/6/2026, 10:37:55 PM] POST /api/calc-shipping 
[1/6/2026, 10:37:55 PM] POST /api/calc-shipping 
[1/6/2026, 10:38:07 PM] POST /api/calc-shipping 
[1/6/2026, 10:38:07 PM] POST /api/calc-shipping 
[1/6/2026, 10:38:11 PM] POST /api/calc-shipping 
[1/6/2026, 10:38:11 PM] POST /api/calc-shipping 
[1/6/2026, 10:38:17 PM] POST /place-order 
[1/6/2026, 10:42:41 PM] GET /admin/users 
[1/6/2026, 10:42:41 PM] GET /admin/login 
[1/6/2026, 10:42:46 PM] POST /admin/login 
[1/6/2026, 10:42:46 PM] GET /admin 
[1/6/2026, 10:42:52 PM] GET /admin/products 
[1/6/2026, 10:42:52 PM] GET /css/admin-style.css 
[1/6/2026, 10:43:02 PM] GET /admin/products/edit-product/695405b206e5d094d3f07e06 
[1/6/2026, 10:43:03 PM] GET /css/admin-style.css 
[1/6/2026, 10:43:06 PM] POST /admin/products/edit-product/695405b206e5d094d3f07e06 
[1/6/2026, 10:43:07 PM] GET /admin/products?success=true 
[1/6/2026, 10:43:07 PM] GET /css/admin-style.css 
[1/6/2026, 10:43:10 PM] GET /cart 
[1/6/2026, 10:43:11 PM] GET /login 
[1/6/2026, 10:43:17 PM] POST /login 
[1/6/2026, 10:43:24 PM] POST /login 
[1/6/2026, 10:43:24 PM] GET / 
[1/6/2026, 10:43:26 PM] GET /product/695405b206e5d094d3f07e06 
[1/6/2026, 10:43:27 PM] POST /add-to-cart 
[1/6/2026, 10:43:28 PM] GET /cart 
[1/6/2026, 10:43:29 PM] GET /api/ghn/provinces 
[1/6/2026, 10:43:30 PM] GET /api/ghn/districts/202 
[1/6/2026, 10:43:30 PM] GET /api/ghn/wards/1457 
[1/6/2026, 10:43:30 PM] POST /api/calc-shipping 
[1/6/2026, 10:43:30 PM] POST /api/calc-shipping 
[1/6/2026, 10:43:32 PM] POST /api/calc-shipping 
[1/6/2026, 10:43:32 PM] POST /api/calc-shipping 
[1/6/2026, 10:43:35 PM] POST /place-order 
[1/6/2026, 10:45:44 PM] POST /api/payos-webhook 
[1/6/2026, 10:46:05 PM] GET /cart 
[1/6/2026, 10:46:06 PM] GET /api/ghn/provinces 
[1/6/2026, 10:46:07 PM] GET /api/ghn/districts/202 
[1/6/2026, 10:46:07 PM] GET /api/ghn/wards/1457 
[1/6/2026, 10:46:07 PM] POST /api/calc-shipping 
[1/6/2026, 10:46:12 PM] GET / 
[1/6/2026, 10:46:14 PM] GET /product/695405b206e5d094d3f07e06 
[1/6/2026, 10:46:15 PM] POST /add-to-cart 
[1/6/2026, 10:46:16 PM] GET /cart 
[1/6/2026, 10:46:17 PM] GET /api/ghn/provinces 
[1/6/2026, 10:46:17 PM] GET /api/ghn/districts/202 
[1/6/2026, 10:46:18 PM] GET /api/ghn/wards/1457 
[1/6/2026, 10:46:18 PM] POST /api/calc-shipping 
[1/6/2026, 10:46:18 PM] POST /api/calc-shipping 
[1/6/2026, 10:46:20 PM] POST /api/calc-shipping 
[1/6/2026, 10:46:20 PM] POST /api/calc-shipping 
[1/6/2026, 10:46:22 PM] POST /place-order 
[1/6/2026, 10:50:30 PM] GET /cart 
[1/6/2026, 10:50:31 PM] GET /login 
[1/6/2026, 10:50:36 PM] POST /login 
[1/6/2026, 10:50:37 PM] GET / 
[1/6/2026, 10:50:39 PM] GET /product/695405b206e5d094d3f07e06 
[1/6/2026, 10:50:40 PM] POST /add-to-cart 
[1/6/2026, 10:50:41 PM] GET /cart 
[1/6/2026, 10:50:42 PM] GET /api/ghn/provinces 
[1/6/2026, 10:50:43 PM] GET /api/ghn/districts/202 
[1/6/2026, 10:50:43 PM] GET /api/ghn/wards/1457 
[1/6/2026, 10:50:43 PM] POST /api/calc-shipping 
[1/6/2026, 10:50:44 PM] POST /api/calc-shipping 
[1/6/2026, 10:50:45 PM] POST /api/calc-shipping 
[1/6/2026, 10:50:45 PM] POST /api/calc-shipping 
[1/6/2026, 10:50:48 PM] POST /place-order 
[1/6/2026, 10:53:35 PM] GET /admin/products?success=true 
[1/6/2026, 10:53:36 PM] GET /admin/login 
[1/6/2026, 10:53:41 PM] POST /admin/login 
[1/6/2026, 10:53:42 PM] GET /admin 
[1/6/2026, 10:53:47 PM] GET /admin/orders/api/revenue-data?start=2026-01-06&end=2026-01-06 
[1/6/2026, 10:53:49 PM] GET /admin/orders/api/revenue-data?start=2026-01-06&end=2026-01-06 
[1/6/2026, 10:53:51 PM] GET /admin/orders/api/revenue-data?start=2025-12-31&end=2026-01-06 
[1/6/2026, 10:54:06 PM] GET /admin/orders/api/revenue-data?start=2025-12-11&end=2026-01-23 
[1/6/2026, 10:54:10 PM] GET /admin/orders 
[1/6/2026, 10:54:16 PM] GET /admin/users 
[1/6/2026, 10:54:17 PM] GET /admin/products 
[1/6/2026, 10:54:17 PM] GET /css/admin-style.css 
[1/6/2026, 10:54:18 PM] GET /admin/config 
[1/6/2026, 10:54:20 PM] GET /admin 
[1/6/2026, 10:59:07 PM] GET /cart 
[1/6/2026, 10:59:07 PM] GET /login 
[1/6/2026, 10:59:14 PM] POST /login 
[1/6/2026, 10:59:14 PM] GET / 
[1/6/2026, 10:59:17 PM] GET /product/695405b206e5d094d3f07e06 
[1/6/2026, 10:59:19 PM] POST /add-to-cart 
[1/6/2026, 10:59:20 PM] GET /cart 
[1/6/2026, 10:59:21 PM] GET /api/ghn/provinces 
[1/6/2026, 10:59:21 PM] GET /api/ghn/districts/202 
[1/6/2026, 10:59:21 PM] GET /api/ghn/wards/1457 
[1/6/2026, 10:59:22 PM] POST /api/calc-shipping 
[1/6/2026, 10:59:22 PM] POST /api/calc-shipping 
[1/6/2026, 10:59:24 PM] POST /api/calc-shipping 
[1/6/2026, 10:59:24 PM] POST /api/calc-shipping 
[1/6/2026, 10:59:26 PM] POST /place-order 
[1/6/2026, 11:06:49 PM] GET /cart 
[1/6/2026, 11:06:49 PM] GET /login 
[1/6/2026, 11:06:55 PM] POST /login 
[1/6/2026, 11:06:55 PM] GET / 
[1/6/2026, 11:06:57 PM] GET /product/695405b206e5d094d3f07e06 
[1/6/2026, 11:06:59 PM] POST /add-to-cart 
[1/6/2026, 11:07:00 PM] GET /cart 
[1/6/2026, 11:07:01 PM] GET /api/ghn/provinces 
[1/6/2026, 11:07:01 PM] GET /api/ghn/districts/202 
[1/6/2026, 11:07:02 PM] GET /api/ghn/wards/1457 
[1/6/2026, 11:07:02 PM] POST /api/calc-shipping 
[1/6/2026, 11:07:03 PM] POST /api/calc-shipping 
[1/6/2026, 11:07:05 PM] POST /api/calc-shipping 
[1/6/2026, 11:07:05 PM] POST /api/calc-shipping 
[1/6/2026, 11:07:14 PM] POST /update-cart 
[1/6/2026, 11:07:14 PM] GET /cart 
[1/6/2026, 11:07:15 PM] GET /api/ghn/provinces 
[1/6/2026, 11:07:15 PM] GET /api/ghn/districts/202 
[1/6/2026, 11:07:15 PM] GET /api/ghn/wards/1457 
[1/6/2026, 11:07:16 PM] POST /api/calc-shipping 
[1/6/2026, 11:07:16 PM] POST /update-cart 
[1/6/2026, 11:07:16 PM] GET /cart 
[1/6/2026, 11:07:17 PM] GET /api/ghn/provinces 
[1/6/2026, 11:07:17 PM] GET /api/ghn/districts/202 
[1/6/2026, 11:07:17 PM] GET /api/ghn/wards/1457 
[1/6/2026, 11:07:18 PM] POST /api/calc-shipping 
[1/6/2026, 11:07:19 PM] POST /api/calc-shipping 
[1/6/2026, 11:07:20 PM] POST /api/calc-shipping 
[1/6/2026, 11:07:20 PM] POST /api/calc-shipping 
[1/6/2026, 11:07:23 PM] POST /place-order 
[1/6/2026, 11:11:36 PM] GET /cart 
[1/6/2026, 11:11:37 PM] GET /login 
[1/6/2026, 11:11:42 PM] POST /login 
[1/6/2026, 11:11:42 PM] GET / 
[1/6/2026, 11:11:45 PM] GET /product/695405b206e5d094d3f07e06 
[1/6/2026, 11:11:47 PM] POST /add-to-cart 
[1/6/2026, 11:11:48 PM] GET /cart 
[1/6/2026, 11:11:49 PM] GET /api/ghn/provinces 
[1/6/2026, 11:11:49 PM] GET /api/ghn/districts/202 
[1/6/2026, 11:11:50 PM] GET /api/ghn/wards/1457 
[1/6/2026, 11:11:50 PM] POST /api/calc-shipping 
[1/6/2026, 11:11:51 PM] POST /api/calc-shipping 
[1/6/2026, 11:11:53 PM] POST /api/calc-shipping 
[1/6/2026, 11:11:53 PM] POST /api/calc-shipping 
[1/6/2026, 11:11:57 PM] POST /place-order 
[1/6/2026, 11:16:04 PM] GET /cart 
[1/6/2026, 11:16:04 PM] GET /login 
[1/6/2026, 11:16:20 PM] POST /login 
[1/6/2026, 11:16:21 PM] GET / 
[1/6/2026, 11:16:32 PM] GET /product/695405b206e5d094d3f07e06 
[1/6/2026, 11:16:33 PM] POST /add-to-cart 
[1/6/2026, 11:16:34 PM] GET /cart 
[1/6/2026, 11:16:35 PM] GET /api/ghn/provinces 
[1/6/2026, 11:16:36 PM] GET /api/ghn/districts/202 
[1/6/2026, 11:16:36 PM] GET /api/ghn/wards/1457 
[1/6/2026, 11:16:36 PM] POST /api/calc-shipping 
[1/6/2026, 11:16:38 PM] POST /api/calc-shipping 
[1/6/2026, 11:16:39 PM] POST /api/calc-shipping 
[1/6/2026, 11:16:39 PM] POST /api/calc-shipping 
[1/6/2026, 11:16:42 PM] POST /place-order 
[1/7/2026, 8:44:15 PM] GET / 
[1/7/2026, 8:44:17 PM] GET /favicon.ico 
[1/7/2026, 8:44:17 PM] GET /login 
[1/7/2026, 8:44:23 PM] POST /login 
[1/7/2026, 8:44:23 PM] GET / 
[1/7/2026, 8:44:26 PM] GET /product/695405b206e5d094d3f07e06 
[1/7/2026, 8:44:28 PM] POST /add-to-cart 
[1/7/2026, 8:44:30 PM] GET /cart 
[1/7/2026, 8:44:31 PM] GET /api/ghn/provinces 
[1/7/2026, 8:44:31 PM] GET /api/ghn/districts/202 
[1/7/2026, 8:44:32 PM] GET /api/ghn/wards/1457 
[1/7/2026, 8:44:32 PM] POST /api/calc-shipping 
[1/7/2026, 8:44:32 PM] POST /update-cart 
[1/7/2026, 8:44:33 PM] GET /cart 
[1/7/2026, 8:44:34 PM] GET /api/ghn/provinces 
[1/7/2026, 8:44:34 PM] GET /api/ghn/districts/202 
[1/7/2026, 8:44:34 PM] GET /api/ghn/wards/1457 
[1/7/2026, 8:44:35 PM] POST /api/calc-shipping 
[1/7/2026, 8:44:35 PM] POST /api/calc-shipping 
[1/7/2026, 8:44:37 PM] POST /api/calc-shipping 
[1/7/2026, 8:44:37 PM] POST /api/calc-shipping 
[1/7/2026, 8:44:41 PM] GET /api/ghn/districts/207 
[1/7/2026, 8:44:48 PM] GET /api/ghn/districts/202 
[1/7/2026, 8:44:50 PM] GET /api/ghn/wards/1457 
[1/7/2026, 8:44:53 PM] POST /api/calc-shipping 
[1/7/2026, 8:44:54 PM] POST /save-profile 
[1/7/2026, 8:44:54 PM] POST /api/calc-shipping 
[1/7/2026, 8:44:55 PM] POST /api/calc-shipping 
[1/7/2026, 8:44:55 PM] POST /api/calc-shipping 
[1/7/2026, 8:44:58 PM] POST /place-order 
[1/7/2026, 8:45:02 PM] GET /order 
[1/7/2026, 8:49:29 PM] GET /order 
[1/7/2026, 8:49:29 PM] GET /login 
[1/7/2026, 8:49:31 PM] GET /login 
[1/7/2026, 8:49:36 PM] POST /login 
[1/7/2026, 8:49:36 PM] GET / 
[1/7/2026, 8:49:38 PM] GET /product/695405b206e5d094d3f07e06 
[1/7/2026, 8:49:40 PM] POST /add-to-cart 
[1/7/2026, 8:49:41 PM] GET /cart 
[1/7/2026, 8:49:42 PM] GET /api/ghn/provinces 
[1/7/2026, 8:49:42 PM] GET /api/ghn/districts/202 
[1/7/2026, 8:49:42 PM] GET /api/ghn/wards/1457 
[1/7/2026, 8:49:43 PM] POST /api/calc-shipping 
[1/7/2026, 8:49:43 PM] POST /api/calc-shipping 
[1/7/2026, 8:49:46 PM] POST /api/calc-shipping 
[1/7/2026, 8:49:46 PM] POST /api/calc-shipping 
[1/7/2026, 8:49:48 PM] POST /place-order 
[1/7/2026, 8:50:21 PM] POST /api/payos-webhook 
[1/7/2026, 8:50:28 PM] GET /order?code=00&id=0dcd1af3760044e4b648ddb65f054894&cancel=false&status=PAID&orderCode=793788761 
[1/7/2026, 8:51:22 PM] POST /api/payos-webhook 
[1/7/2026, 8:52:22 PM] POST /api/payos-webhook 
[1/7/2026, 8:52:51 PM] GET / 
[1/7/2026, 8:52:53 PM] GET /product/695405b206e5d094d3f07e06 
[1/7/2026, 8:52:55 PM] POST /add-to-cart 
[1/7/2026, 8:52:56 PM] GET /cart 
[1/7/2026, 8:52:57 PM] GET /api/ghn/provinces 
[1/7/2026, 8:52:58 PM] GET /api/ghn/districts/202 
[1/7/2026, 8:52:59 PM] GET /api/ghn/wards/1457 
[1/7/2026, 8:52:59 PM] POST /api/calc-shipping 
[1/7/2026, 8:53:00 PM] POST /api/calc-shipping 
[1/7/2026, 8:53:03 PM] POST /api/calc-shipping 
[1/7/2026, 8:53:03 PM] POST /api/calc-shipping 
[1/7/2026, 8:54:22 PM] POST /api/payos-webhook 
[1/7/2026, 8:56:50 PM] GET /login 
[1/7/2026, 8:56:51 PM] GET /favicon.ico 
[1/7/2026, 8:56:55 PM] POST /login 
[1/7/2026, 8:56:56 PM] GET /admin 
[1/7/2026, 8:57:04 PM] GET /admin/orders/api/revenue-data?start=2026-01-07&end=2026-01-07 
[1/7/2026, 8:57:05 PM] GET /admin/orders/api/revenue-data?start=2025-12-31&end=2026-01-07 
[1/7/2026, 8:57:05 PM] GET /admin/orders/api/revenue-data?start=2025-12-31&end=2026-01-07 
[1/7/2026, 8:57:10 PM] GET /admin/orders 
[1/7/2026, 8:57:23 PM] POST /api/payos-webhook 
[1/7/2026, 8:59:32 PM] GET /cart 
[1/7/2026, 8:59:32 PM] GET /login 
[1/7/2026, 8:59:38 PM] POST /login 
[1/7/2026, 8:59:38 PM] GET / 
[1/7/2026, 8:59:43 PM] GET /cart 
[1/7/2026, 8:59:44 PM] GET /api/ghn/provinces 
[1/7/2026, 8:59:45 PM] GET /api/ghn/districts/202 
[1/7/2026, 8:59:46 PM] GET /api/ghn/wards/1457 
[1/7/2026, 8:59:46 PM] POST /api/calc-shipping 
[1/7/2026, 8:59:46 PM] GET / 
[1/7/2026, 8:59:48 PM] GET /product/695405b206e5d094d3f07e06 
[1/7/2026, 8:59:50 PM] GET /cart 
[1/7/2026, 8:59:51 PM] GET /api/ghn/provinces 
[1/7/2026, 8:59:51 PM] GET /api/ghn/districts/202 
[1/7/2026, 8:59:52 PM] GET /api/ghn/wards/1457 
[1/7/2026, 8:59:52 PM] POST /api/calc-shipping 
[1/7/2026, 8:59:53 PM] POST /api/calc-shipping 
[1/7/2026, 8:59:53 PM] POST /api/calc-shipping 
[1/7/2026, 8:59:57 PM] POST /api/calc-shipping 
[1/7/2026, 9:00:08 PM] POST /place-order 
[1/7/2026, 9:00:17 PM] GET /cart?code=00&id=63f37f3d31d446408997766444a2cb81&cancel=true&status=CANCELLED&orderCode=794409178 
[1/7/2026, 9:00:18 PM] GET /api/ghn/provinces 
[1/7/2026, 9:00:19 PM] GET /api/ghn/districts/202 
[1/7/2026, 9:00:19 PM] GET /api/ghn/wards/1457 
[1/7/2026, 9:00:20 PM] POST /api/calc-shipping 
[1/7/2026, 9:01:53 PM] GET / 
[1/7/2026, 9:01:55 PM] GET /product/695405b206e5d094d3f07e06 
[1/7/2026, 9:01:56 PM] POST /add-to-cart 
[1/7/2026, 9:01:57 PM] GET /cart 
[1/7/2026, 9:01:58 PM] GET /api/ghn/provinces 
[1/7/2026, 9:01:59 PM] GET /api/ghn/districts/202 
[1/7/2026, 9:01:59 PM] GET /api/ghn/wards/1457 
[1/7/2026, 9:01:59 PM] POST /api/calc-shipping 
[1/7/2026, 9:02:00 PM] POST /api/calc-shipping 
[1/7/2026, 9:02:01 PM] POST /api/calc-shipping 
[1/7/2026, 9:02:01 PM] POST /api/calc-shipping 
[1/7/2026, 9:02:03 PM] POST /place-order 
[1/7/2026, 9:02:23 PM] POST /api/payos-webhook 
[1/7/2026, 9:02:28 PM] POST /api/payos-webhook 
[1/7/2026, 9:02:33 PM] GET /order?code=00&id=2f7cda85f7a141c7970f73eeef22bdf5&cancel=false&status=PAID&orderCode=794523841 
[1/7/2026, 9:10:03 PM] GET /order?code=00&id=2f7cda85f7a141c7970f73eeef22bdf5&cancel=false&status=PAID&orderCode=794523841 
[1/7/2026, 9:10:04 PM] GET /login 
[1/7/2026, 9:10:11 PM] POST /login 
[1/7/2026, 9:10:11 PM] GET / 
[1/7/2026, 9:10:14 PM] GET /product/695405b206e5d094d3f07e06 
[1/7/2026, 9:10:15 PM] POST /add-to-cart 
[1/7/2026, 9:10:16 PM] GET /cart 
[1/7/2026, 9:10:17 PM] GET /api/ghn/provinces 
[1/7/2026, 9:10:18 PM] GET /api/ghn/districts/202 
[1/7/2026, 9:10:18 PM] GET /api/ghn/wards/1457 
[1/7/2026, 9:10:18 PM] POST /api/calc-shipping 
[1/7/2026, 9:10:19 PM] POST /api/calc-shipping 
[1/7/2026, 9:10:20 PM] POST /api/calc-shipping 
[1/7/2026, 9:10:20 PM] POST /api/calc-shipping 
[1/7/2026, 9:10:23 PM] POST /place-order 
[1/7/2026, 9:10:31 PM] GET /cart?code=00&id=1c9aa91a5ce0410c950ac508578bee61&cancel=true&status=CANCELLED&orderCode=795023765 
[1/7/2026, 9:10:32 PM] GET /api/ghn/provinces 
[1/7/2026, 9:10:33 PM] GET /api/ghn/districts/202 
[1/7/2026, 9:10:33 PM] GET /api/ghn/wards/1457 
[1/7/2026, 9:10:34 PM] POST /api/calc-shipping 
[1/7/2026, 9:10:41 PM] POST /api/calc-shipping 
[1/7/2026, 9:10:43 PM] POST /update-cart 
[1/7/2026, 9:10:44 PM] GET /cart?code=00&id=1c9aa91a5ce0410c950ac508578bee61&cancel=true&status=CANCELLED&orderCode=795023765 
[1/7/2026, 9:10:44 PM] GET /api/ghn/provinces 
[1/7/2026, 9:10:45 PM] GET /api/ghn/districts/202 
[1/7/2026, 9:10:45 PM] GET /api/ghn/wards/1457 
[1/7/2026, 9:10:46 PM] POST /api/calc-shipping 
[1/7/2026, 9:10:48 PM] GET / 
[1/7/2026, 9:10:51 PM] GET /product/695405b206e5d094d3f07e06 
[1/7/2026, 9:10:52 PM] POST /add-to-cart 
[1/7/2026, 9:10:54 PM] GET /cart 
[1/7/2026, 9:10:55 PM] GET /api/ghn/provinces 
[1/7/2026, 9:10:55 PM] GET /api/ghn/districts/202 
[1/7/2026, 9:10:56 PM] GET /api/ghn/wards/1457 
[1/7/2026, 9:10:56 PM] POST /update-cart 
[1/7/2026, 9:10:56 PM] POST /api/calc-shipping 
[1/7/2026, 9:10:56 PM] GET /cart 
[1/7/2026, 9:10:57 PM] GET /api/ghn/provinces 
[1/7/2026, 9:10:57 PM] GET /api/ghn/districts/202 
[1/7/2026, 9:10:58 PM] GET /api/ghn/wards/1457 
[1/7/2026, 9:10:59 PM] POST /add-to-cart 
[1/7/2026, 9:11:00 PM] GET /cart 
[1/7/2026, 9:11:01 PM] GET /api/ghn/provinces 
[1/7/2026, 9:11:02 PM] GET /api/ghn/districts/202 
[1/7/2026, 9:11:02 PM] GET /api/ghn/wards/1457 
[1/7/2026, 9:11:03 PM] POST /api/calc-shipping 
[1/7/2026, 9:11:03 PM] POST /api/calc-shipping 
[1/7/2026, 9:11:06 PM] POST /api/calc-shipping 
[1/7/2026, 9:11:06 PM] POST /api/calc-shipping 
[1/7/2026, 9:11:08 PM] POST /place-order 
[1/7/2026, 9:19:27 PM] POST /api/payos-webhook 
[1/7/2026, 9:19:33 PM] GET /order?code=00&id=0ddc95bd674a42128a5a6385cd949089&cancel=false&status=PAID&orderCode=795069040 
[1/7/2026, 9:20:11 PM] GET /cart 
[1/7/2026, 9:20:12 PM] GET /api/ghn/provinces 
[1/7/2026, 9:20:13 PM] GET /api/ghn/districts/202 
[1/7/2026, 9:20:13 PM] GET /api/ghn/wards/1457 
[1/7/2026, 9:20:13 PM] POST /api/calc-shipping 
[1/7/2026, 9:23:27 PM] GET /cart 
[1/7/2026, 9:23:27 PM] GET /login 
[1/7/2026, 9:23:34 PM] POST /login 
[1/7/2026, 9:23:34 PM] GET / 
[1/7/2026, 9:23:36 PM] GET /order 
[1/7/2026, 9:27:42 PM] GET / 
[1/7/2026, 9:27:44 PM] GET /product/695405b206e5d094d3f07e06 
[1/7/2026, 9:27:46 PM] POST /add-to-cart 
[1/7/2026, 9:27:47 PM] GET /cart 
[1/7/2026, 9:27:48 PM] GET /api/ghn/provinces 
[1/7/2026, 9:27:48 PM] GET /api/ghn/districts/202 
[1/7/2026, 9:27:49 PM] GET /api/ghn/wards/1457 
[1/7/2026, 9:27:49 PM] POST /api/calc-shipping 
[1/7/2026, 9:27:50 PM] POST /api/calc-shipping 
[1/7/2026, 9:27:51 PM] POST /api/calc-shipping 
[1/7/2026, 9:27:51 PM] POST /api/calc-shipping 
[1/7/2026, 9:27:54 PM] POST /place-order 
[1/7/2026, 9:28:00 PM] GET /cart?code=00&id=9f64c8a3d6d54ee1a5d89153f44442e4&cancel=true&status=CANCELLED&orderCode=796074862 
[1/7/2026, 9:28:01 PM] GET /api/ghn/provinces 
[1/7/2026, 9:28:01 PM] GET /api/ghn/districts/202 
[1/7/2026, 9:28:02 PM] GET /api/ghn/wards/1457 
[1/7/2026, 9:28:02 PM] POST /api/calc-shipping 
[1/7/2026, 9:28:02 PM] GET /order 
[1/7/2026, 9:35:15 PM] GET /order 
[1/7/2026, 9:35:16 PM] GET /login 
[1/7/2026, 9:35:22 PM] POST /login 
[1/7/2026, 9:35:22 PM] GET / 
[1/7/2026, 9:35:24 PM] GET /order 
[1/7/2026, 9:36:07 PM] GET /order 
[1/7/2026, 9:36:08 PM] GET /login 
[1/7/2026, 9:36:14 PM] POST /login 
[1/7/2026, 9:36:15 PM] GET / 
[1/7/2026, 9:36:16 PM] GET /order 
[1/7/2026, 9:39:14 PM] GET /order 
[1/7/2026, 9:39:14 PM] GET /login 
[1/7/2026, 9:40:07 PM] POST /login 
[1/7/2026, 9:40:08 PM] GET / 
[1/7/2026, 9:40:09 PM] GET /order 
[1/7/2026, 9:40:20 PM] POST /repay-order 
[1/7/2026, 9:41:07 PM] GET /order 
[1/7/2026, 9:41:07 PM] GET /login 
[1/7/2026, 9:41:12 PM] POST /login 
[1/7/2026, 9:41:12 PM] GET / 
[1/7/2026, 9:41:14 PM] GET /order 
[1/7/2026, 9:41:17 PM] POST /repay-order 
[1/7/2026, 9:41:24 PM] GET /order 
[1/7/2026, 9:44:39 PM] GET /order 
[1/7/2026, 9:44:40 PM] GET /login 
[1/7/2026, 9:44:46 PM] POST /login 
[1/7/2026, 9:44:46 PM] GET / 
[1/7/2026, 9:44:49 PM] GET /order 
[1/7/2026, 9:44:57 PM] POST /repay-order 
[1/7/2026, 9:45:32 PM] POST /api/payos-webhook 
[1/7/2026, 9:45:38 PM] GET /order?code=00&id=737d29e1914e4675b882ec035f153407&cancel=false&status=PAID&orderCode=797097260 
[1/7/2026, 9:50:16 PM] GET /order?code=00&id=737d29e1914e4675b882ec035f153407&cancel=false&status=PAID&orderCode=797097260 
[1/7/2026, 9:50:17 PM] GET /login 
[1/7/2026, 9:50:32 PM] POST /login 
[1/7/2026, 9:50:33 PM] GET / 
[1/7/2026, 9:50:37 PM] GET /product/695405b206e5d094d3f07e06 
[1/7/2026, 9:50:39 PM] POST /add-to-cart 
[1/7/2026, 9:50:40 PM] GET /cart 
[1/7/2026, 9:50:41 PM] GET /cart 
[1/7/2026, 9:50:42 PM] GET /api/ghn/provinces 
[1/7/2026, 9:50:42 PM] GET /api/ghn/districts/202 
[1/7/2026, 9:50:42 PM] GET /order 
[1/7/2026, 9:50:43 PM] GET /api/ghn/wards/1457 
[1/7/2026, 9:50:43 PM] POST /api/calc-shipping 
[1/7/2026, 9:50:54 PM] POST /repay-order 
[1/7/2026, 9:51:24 PM] POST /api/payos-webhook 
[1/7/2026, 9:51:30 PM] GET /order?code=00&id=18da5bfa8d7e411e8e8f715cae5ee109&cancel=false&status=PAID&orderCode=797454593 
[1/7/2026, 10:02:27 PM] GET / 
[1/7/2026, 10:02:31 PM] GET /admin 
[1/7/2026, 10:02:31 PM] GET /admin/login 
[1/7/2026, 10:02:40 PM] POST /admin/login 
[1/7/2026, 10:02:40 PM] GET /admin 
[1/7/2026, 10:02:43 PM] GET /admin/orders 
[1/7/2026, 10:03:31 PM] GET /admin/orders 
[1/7/2026, 10:03:31 PM] GET /admin/login 
[1/7/2026, 10:03:39 PM] POST /admin/login 
[1/7/2026, 10:03:44 PM] POST /admin/login 
[1/7/2026, 10:03:49 PM] POST /admin/login 
[1/7/2026, 10:03:55 PM] POST /admin/login 
[1/7/2026, 10:03:55 PM] GET /admin 
[1/7/2026, 10:03:59 PM] GET /admin/users 
[1/7/2026, 10:04:01 PM] GET /admin/products 
[1/7/2026, 10:04:02 PM] GET /css/admin-style.css 
[1/7/2026, 10:04:08 PM] GET /admin/products/add-product 
[1/7/2026, 10:04:08 PM] GET /css/admin-style.css 
[1/7/2026, 10:04:11 PM] GET /admin/products/edit-product/6952103878fe8886f673cc43 
[1/7/2026, 10:04:12 PM] GET /css/admin-style.css 
[1/7/2026, 10:04:15 PM] POST /admin/products/toggle-hot/6952103878fe8886f673cc43 
[1/7/2026, 10:04:15 PM] GET /admin/products 
[1/7/2026, 10:04:16 PM] GET /css/admin-style.css 
[1/7/2026, 10:04:20 PM] GET /admin/orders 
[1/7/2026, 10:04:35 PM] GET /admin/orders?keyword=&date=&status=pending 
[1/7/2026, 10:05:13 PM] GET /admin/orders?keyword=797097260&date=&status= 
[1/7/2026, 10:05:22 PM] GET /admin/orders?keyword=&date=2026-01-07&status= 
[1/7/2026, 10:05:39 PM] POST /admin/orders/update-status/695e66e9d3774b40b3ccca15 
[1/7/2026, 10:05:40 PM] GET /admin/orders 
[1/7/2026, 10:05:45 PM] POST /admin/orders/update-status/695e66e9d3774b40b3ccca15 
[1/7/2026, 10:05:45 PM] GET /admin/orders 
[1/7/2026, 10:07:12 PM] GET /admin/orders 
[1/7/2026, 10:07:12 PM] GET /admin/login 
[1/7/2026, 10:07:16 PM] POST /admin/login 
[1/7/2026, 10:07:16 PM] GET /admin 
[1/7/2026, 10:07:20 PM] GET /admin/orders 
[1/7/2026, 10:07:27 PM] POST /admin/orders/update-status/695e66e9d3774b40b3ccca15 
[1/7/2026, 10:07:28 PM] GET /admin/orders 
[1/7/2026, 10:07:35 PM] POST /admin/orders/update-status/695e66e9d3774b40b3ccca15 
[1/7/2026, 10:07:36 PM] GET /admin/orders 
[1/7/2026, 10:07:41 PM] POST /admin/orders/update-status/695e635a50ae775ffa52df3c 
[1/7/2026, 10:07:42 PM] GET /admin/orders 
[1/7/2026, 10:07:52 PM] POST /admin/orders/update-status/695e635a50ae775ffa52df3c 
[1/7/2026, 10:07:53 PM] GET /admin/orders 
[1/7/2026, 10:12:24 PM] GET /admin/orders 
[1/7/2026, 10:12:24 PM] GET /admin/login 
[1/7/2026, 10:12:30 PM] POST /admin/login 
[1/7/2026, 10:12:30 PM] GET /admin 
[1/7/2026, 10:12:41 PM] GET /admin/orders/api/revenue-data?start=2025-12-31&end=2026-01-07 
[1/7/2026, 10:12:44 PM] GET /admin/orders/api/revenue-data?start=2026-01-07&end=2026-01-07 
[1/7/2026, 10:12:47 PM] GET /admin/orders 
[1/7/2026, 10:12:52 PM] POST /admin/orders/update-status/695d344d083f82f79da5a0be 
[1/7/2026, 10:13:02 PM] GET /admin/orders 
[1/7/2026, 10:13:07 PM] POST /admin/orders/update-status/695d344d083f82f79da5a0be 
[1/7/2026, 10:13:11 PM] GET /admin/orders 
[1/7/2026, 10:13:27 PM] POST /admin/orders/update-status/695d344d083f82f79da5a0be 
[1/7/2026, 10:13:28 PM] GET /admin/orders 
[1/7/2026, 10:13:35 PM] POST /admin/orders/update-status/695d344d083f82f79da5a0be 
[1/7/2026, 10:13:37 PM] GET /admin/orders 
[1/7/2026, 10:13:49 PM] POST /admin/orders/update-status/695e6d6a9c0ee84e2d496568 
[1/7/2026, 10:13:49 PM] GET /admin/orders 
[1/7/2026, 10:24:50 PM] GET /admin/orders 
[1/7/2026, 10:24:50 PM] GET /admin/login 
[1/7/2026, 10:24:55 PM] POST /admin/login 
[1/7/2026, 10:24:56 PM] GET /admin 
[1/7/2026, 10:24:58 PM] GET /admin/orders 
[1/7/2026, 10:26:01 PM] GET /admin/orders 
[1/7/2026, 10:26:02 PM] GET /admin/login 
[1/7/2026, 10:26:09 PM] POST /admin/login 
[1/7/2026, 10:26:09 PM] GET /admin 
[1/7/2026, 10:26:11 PM] GET /admin/orders 
[1/7/2026, 10:27:06 PM] GET /admin 
[1/7/2026, 10:27:10 PM] GET /admin 
[1/7/2026, 10:27:15 PM] GET /admin/orders/api/revenue-data?start=2026-01-07&end=2026-01-07 
[1/7/2026, 10:33:14 PM] GET /admin 
[1/7/2026, 10:33:15 PM] GET /admin/login 
[1/7/2026, 10:33:20 PM] POST /admin/login 
[1/7/2026, 10:33:20 PM] GET /admin 
[1/7/2026, 10:33:23 PM] GET /admin/orders 
[1/7/2026, 10:33:27 PM] GET /admin 
[1/7/2026, 10:33:33 PM] GET /admin/orders/api/revenue-data?start=2026-01-07&end=2026-01-07 
[1/7/2026, 10:33:36 PM] GET /admin/orders/api/revenue-data?start=2025-12-31&end=2026-01-07 
[1/7/2026, 10:34:06 PM] GET /admin/orders/api/revenue-data?start=2025-12-30&end=2026-01-16 
[1/7/2026, 10:44:04 PM] GET /admin 
[1/7/2026, 10:44:04 PM] GET /admin/login 
[1/7/2026, 10:44:08 PM] POST /admin/login 
[1/7/2026, 10:44:09 PM] GET /admin 
[1/7/2026, 10:44:13 PM] GET /?start=2025-12-31&end=2026-01-07 
[1/7/2026, 10:44:54 PM] GET /admin 
[1/7/2026, 10:44:54 PM] GET /admin/login 
[1/7/2026, 10:44:59 PM] POST /admin/login 
[1/7/2026, 10:44:59 PM] GET /admin 
[1/7/2026, 10:45:03 PM] GET /admin?start=2025-12-31&end=2026-01-07 
[1/7/2026, 10:46:35 PM] GET /admin 
[1/7/2026, 10:46:35 PM] GET /admin/login 
[1/7/2026, 10:46:40 PM] POST /admin/login 
[1/7/2026, 10:46:40 PM] GET /admin 
[1/7/2026, 10:46:44 PM] GET /admin/orders/api/revenue-data?start=2025-12-31&end=2026-01-07 
[1/7/2026, 10:47:30 PM] GET /admin 
[1/7/2026, 10:47:30 PM] GET /admin/login 
[1/7/2026, 10:47:41 PM] POST /admin/login 
[1/7/2026, 10:47:42 PM] GET /admin 
[1/7/2026, 10:47:45 PM] GET /admin/orders/api/revenue-data?start=2025-12-31&end=2026-01-07 
[1/7/2026, 10:48:08 PM] GET /admin 
[1/7/2026, 10:48:08 PM] GET /admin/login 
[1/7/2026, 10:48:13 PM] POST /admin/login 
[1/7/2026, 10:48:13 PM] GET /admin 
[1/7/2026, 10:48:17 PM] GET /admin/orders/api/revenue-data?start=2025-12-31&end=2026-01-07 
[1/7/2026, 10:58:21 PM] GET /admin 
[1/7/2026, 10:58:21 PM] GET /admin/login 
[1/7/2026, 10:58:27 PM] POST /admin/login 
[1/7/2026, 10:58:27 PM] GET /admin 
[1/7/2026, 10:58:30 PM] GET /admin?start=2025-12-31&end=2026-01-07 
[1/7/2026, 11:03:58 PM] GET /admin 
[1/7/2026, 11:03:58 PM] GET /admin/login 
[1/7/2026, 11:04:04 PM] POST /admin/login 
[1/7/2026, 11:04:04 PM] GET /admin 
[1/7/2026, 11:06:03 PM] GET /admin/api/dashboard-chart?start=2025-12-31&end=2026-01-07 
[1/7/2026, 11:06:06 PM] GET /admin/api/dashboard-chart?start=2025-12-31&end=2026-01-07 
[1/7/2026, 11:06:08 PM] GET /admin/api/dashboard-chart?start=2026-01-07&end=2026-01-07 
[1/7/2026, 11:06:09 PM] GET /admin/api/dashboard-chart?start=2025-12-31&end=2026-01-07 
[1/7/2026, 11:06:29 PM] GET /admin/api/dashboard-chart?start=2026-01-07&end=2026-01-07 
[1/7/2026, 11:06:31 PM] GET /admin 
[1/7/2026, 11:07:18 PM] GET / 
[1/7/2026, 11:07:22 PM] GET /product/6952103878fe8886f673cc43 
[1/7/2026, 11:07:25 PM] POST /add-to-cart 
[1/7/2026, 11:07:27 PM] GET /cart 
[1/7/2026, 11:07:28 PM] GET /api/ghn/provinces 
[1/7/2026, 11:07:42 PM] GET /api/ghn/districts/203 
[1/7/2026, 11:07:45 PM] GET /api/ghn/districts/202 
[1/7/2026, 11:07:47 PM] GET /api/ghn/wards/1457 
[1/7/2026, 11:07:49 PM] POST /api/calc-shipping 
[1/7/2026, 11:07:51 PM] POST /api/calc-shipping 
[1/7/2026, 11:07:54 PM] POST /save-profile 
[1/7/2026, 11:07:54 PM] POST /api/calc-shipping 
[1/7/2026, 11:07:56 PM] POST /api/calc-shipping 
[1/7/2026, 11:07:56 PM] POST /api/calc-shipping 
[1/7/2026, 11:07:59 PM] POST /save-profile 
[1/7/2026, 11:07:59 PM] POST /api/calc-shipping 
[1/7/2026, 11:08:20 PM] POST /place-order 
[1/7/2026, 11:08:36 PM] GET /cart?code=00&id=e0d03a75ddff438e8433fcdf1d1ec793&cancel=true&status=CANCELLED&orderCode=802100352 
[1/7/2026, 11:08:37 PM] OPTIONS /cart?code=00&id=e0d03a75ddff438e8433fcdf1d1ec793&cancel=true&status=CANCELLED&orderCode=802100352 
[1/7/2026, 11:08:37 PM] GET /api/ghn/provinces 
[1/7/2026, 11:08:38 PM] GET /api/ghn/districts/202 
[1/7/2026, 11:08:38 PM] GET /api/ghn/wards/1457 
[1/7/2026, 11:08:38 PM] POST /api/calc-shipping 
[1/7/2026, 11:08:40 PM] GET /order 
[1/7/2026, 11:08:46 PM] POST /repay-order 
[1/7/2026, 11:08:53 PM] GET /cart?code=00&id=c64c5b9e59204cdc9a345eef98634b24&cancel=true&status=CANCELLED&orderCode=802126450 
[1/7/2026, 11:08:54 PM] GET /api/ghn/provinces 
[1/7/2026, 11:08:55 PM] GET /api/ghn/districts/202 
[1/7/2026, 11:08:55 PM] GET /api/ghn/wards/1457 
[1/7/2026, 11:08:55 PM] POST /api/calc-shipping 
[1/7/2026, 11:08:56 PM] GET /order 
[1/7/2026, 11:09:34 PM] GET /order 
[1/7/2026, 11:10:10 PM] GET /order 
[1/7/2026, 11:10:15 PM] GET /admin 
[1/7/2026, 11:10:21 PM] GET /admin 
[1/7/2026, 11:10:31 PM] GET /admin/api/dashboard-chart?start=2025-12-31&end=2026-01-07 
[1/7/2026, 11:10:33 PM] GET /admin/api/dashboard-chart?start=2025-12-31&end=2026-01-07 
[1/7/2026, 11:10:35 PM] GET /admin/api/dashboard-chart?start=2025-12-31&end=2026-01-07 
[1/7/2026, 11:10:36 PM] GET /admin/api/dashboard-chart?start=2026-01-07&end=2026-01-07 
[1/7/2026, 11:10:38 PM] GET /admin/api/dashboard-chart?start=2025-12-31&end=2026-01-07 
[1/7/2026, 11:10:47 PM] GET /admin/api/dashboard-chart?start=2026-01-05&end=2026-01-10 
[1/7/2026, 11:10:52 PM] GET /admin/orders 
[1/7/2026, 11:11:05 PM] GET /admin/users 
[1/7/2026, 11:11:07 PM] GET /admin/products 
[1/7/2026, 11:11:08 PM] GET /css/admin-style.css 
[1/7/2026, 11:11:11 PM] GET /admin 
[1/7/2026, 11:11:17 PM] GET /admin/api/dashboard-chart?start=2026-01-07&end=2026-01-07 
[1/7/2026, 11:11:19 PM] GET /admin/api/dashboard-chart?start=2025-12-31&end=2026-01-07 
[1/7/2026, 11:11:59 PM] GET / 
[1/7/2026, 11:12:15 PM] GET /Vest 
[1/7/2026, 11:12:57 PM] GET / 
[1/7/2026, 11:13:00 PM] GET /login 
[1/7/2026, 11:13:06 PM] POST /login 
[1/7/2026, 11:13:07 PM] GET / 
[1/7/2026, 11:13:21 PM] GET /cart 
[1/7/2026, 11:13:22 PM] GET /api/ghn/provinces 
[1/7/2026, 11:13:23 PM] GET /api/ghn/districts/202 
[1/7/2026, 11:13:23 PM] GET /api/ghn/wards/1457 
[1/7/2026, 11:13:23 PM] POST /api/calc-shipping 
[1/7/2026, 11:13:27 PM] GET /order 
[1/7/2026, 11:13:41 PM] POST /repay-order 
[1/7/2026, 11:13:46 PM] GET /order 
[1/7/2026, 11:13:49 PM] GET /order 
[1/7/2026, 11:13:53 PM] GET /order 
[1/7/2026, 11:14:10 PM] POST /repay-order 
[1/7/2026, 11:14:14 PM] GET /cart?code=00&id=ee7050e0c7ef4f79814b284f9f4f9775&cancel=true&status=CANCELLED&orderCode=802450797 
[1/7/2026, 11:14:15 PM] GET /api/ghn/provinces 
[1/7/2026, 11:14:16 PM] GET /api/ghn/districts/202 
[1/7/2026, 11:14:16 PM] GET /api/ghn/wards/1457 
[1/7/2026, 11:14:16 PM] POST /api/calc-shipping 
[1/7/2026, 11:14:17 PM] GET /order 
[1/7/2026, 11:14:24 PM] POST /repay-order 
[1/7/2026, 11:14:28 PM] GET /cart?code=00&id=818a8f802a6f46cb8e26bf4922346a50&cancel=true&status=CANCELLED&orderCode=802464977 
[1/7/2026, 11:14:29 PM] GET /api/ghn/provinces 
[1/7/2026, 11:14:30 PM] GET /api/ghn/districts/202 
[1/7/2026, 11:14:30 PM] GET /api/ghn/wards/1457 
[1/7/2026, 11:14:30 PM] POST /api/calc-shipping 
[1/7/2026, 11:16:06 PM] GET / 
[1/7/2026, 11:16:08 PM] GET / 
[1/7/2026, 11:16:10 PM] GET / 
[1/7/2026, 11:16:11 PM] GET / 
[1/7/2026, 11:17:27 PM] GET / 
[1/7/2026, 11:17:34 PM] GET / 
[1/7/2026, 11:17:35 PM] GET / 
[1/7/2026, 11:17:36 PM] GET / 
[1/7/2026, 11:17:38 PM] GET / 
[1/7/2026, 11:17:40 PM] GET / 
[1/7/2026, 11:17:47 PM] GET / 
[1/7/2026, 11:17:49 PM] GET / 
[1/7/2026, 11:17:54 PM] GET / 
[1/7/2026, 11:17:58 PM] GET / 
[1/7/2026, 11:18:00 PM] GET / 
[1/7/2026, 11:18:01 PM] GET / 
[1/7/2026, 11:18:28 PM] GET /login 
[1/7/2026, 11:18:32 PM] GET /register 
[1/7/2026, 11:18:44 PM] GET /register 
[1/7/2026, 11:18:45 PM] GET /order 
[1/7/2026, 11:18:45 PM] GET /login 
[1/7/2026, 11:18:49 PM] GET /cart 
[1/7/2026, 11:18:50 PM] GET /login 
[1/7/2026, 11:18:51 PM] GET /order 
[1/7/2026, 11:18:51 PM] GET /login 
[1/7/2026, 11:18:54 PM] GET /Quan 
[1/7/2026, 11:18:59 PM] GET /Aodai 
[1/7/2026, 11:19:02 PM] GET /Phukien 
[1/7/2026, 11:19:13 PM] GET / 
[1/7/2026, 11:19:20 PM] GET /product/6953eb87f43ead5fda718500 
[1/7/2026, 11:19:23 PM] POST /add-to-cart 
[1/7/2026, 11:19:33 PM] GET /product/6953fe084a7cbb8ae5fd23de 
[1/7/2026, 11:19:39 PM] GET /product/695405b206e5d094d3f07e06 
[1/7/2026, 11:19:47 PM] GET /product/6953eb87f43ead5fda718500 
[1/7/2026, 11:19:50 PM] GET /product/695405b206e5d094d3f07e06 
[1/7/2026, 11:29:31 PM] GET /product/695405b206e5d094d3f07e06 
[1/7/2026, 11:29:35 PM] GET / 
[1/7/2026, 11:29:37 PM] GET /Vest 
[1/7/2026, 11:30:03 PM] GET /Vest 
[1/7/2026, 11:30:20 PM] GET /product/6952103878fe8886f673cc07 
[1/7/2026, 11:31:40 PM] GET /product/6952103878fe8886f673cc05 
[1/7/2026, 11:33:28 PM] GET /Vest 
[1/7/2026, 11:33:31 PM] GET / 
[1/7/2026, 11:33:43 PM] GET /product/6953fe084a7cbb8ae5fd23de 
[1/7/2026, 11:33:47 PM] GET /product/6952103878fe8886f673cc43 
[1/7/2026, 11:34:01 PM] GET / 
[1/7/2026, 11:34:14 PM] GET / 
[1/7/2026, 11:37:15 PM] GET / 
[1/7/2026, 11:37:53 PM] GET / 
[1/7/2026, 11:38:07 PM] GET / 
[1/7/2026, 11:39:11 PM] GET / 
[1/7/2026, 11:39:46 PM] GET / 
[1/7/2026, 11:40:05 PM] GET /product/6953eb87f43ead5fda718500 
[1/7/2026, 11:40:16 PM] GET /order 
[1/7/2026, 11:40:16 PM] GET /login 
[1/7/2026, 11:41:08 PM] GET /Vest 
[1/7/2026, 11:41:10 PM] GET /product/6952103878fe8886f673cc07 
[1/7/2026, 11:42:39 PM] GET /product/6952103878fe8886f673cc05 
[1/7/2026, 11:42:42 PM] GET / 
[1/7/2026, 11:42:47 PM] GET /product/6952103878fe8886f673cc43 
[1/7/2026, 11:42:55 PM] GET / 
[1/7/2026, 11:43:15 PM] GET /product/6952103878fe8886f673cc43 
[1/7/2026, 11:46:24 PM] GET /product/6952103878fe8886f673cc43 
[1/7/2026, 11:46:26 PM] GET / 
[1/7/2026, 11:46:28 PM] GET /product/6953eb87f43ead5fda718500 
[1/7/2026, 11:46:31 PM] GET /product/6952103878fe8886f673cc43 
[1/7/2026, 11:46:46 PM] POST /add-to-cart 
[1/7/2026, 11:46:52 PM] GET /product/6952103878fe8886f673cc43 
[1/7/2026, 11:47:50 PM] GET /product/6952103878fe8886f673cc43 
[1/7/2026, 11:48:00 PM] GET /product/6952103878fe8886f673cc43 
[1/7/2026, 11:50:32 PM] GET /product/6952103878fe8886f673cc43 
[1/7/2026, 11:50:34 PM] GET / 
[1/7/2026, 11:50:38 PM] GET /product/6953eb87f43ead5fda718500 
[1/7/2026, 11:50:41 PM] GET /product/6952103878fe8886f673cc43 
[1/7/2026, 11:50:45 PM] GET /product/6952103878fe8886f673cc43 
[1/7/2026, 11:56:17 PM] GET /product/6952103878fe8886f673cc43 
[1/7/2026, 11:56:31 PM] GET /product/6952103878fe8886f673cc43 
[1/7/2026, 11:57:16 PM] GET /product/6952103878fe8886f673cc43 
[1/7/2026, 11:58:34 PM] GET / 
[1/7/2026, 11:58:54 PM] GET /product/695405b206e5d094d3f07e06 
[1/7/2026, 11:59:44 PM] GET /product/695405b206e5d094d3f07e06 
[1/7/2026, 11:59:47 PM] GET /product/6952103878fe8886f673cc43 
[1/8/2026, 12:00:10 AM] GET /product/6952103878fe8886f673cc43 
[1/8/2026, 12:00:18 AM] GET / 
[1/8/2026, 12:00:23 AM] GET / 
[1/8/2026, 12:00:28 AM] GET /product/6952103878fe8886f673cc43 
[1/8/2026, 12:00:33 AM] GET /product/6952103878fe8886f673cc43 
[1/8/2026, 12:00:36 AM] GET /product/6953fe084a7cbb8ae5fd23de 
[1/8/2026, 12:00:38 AM] GET /product/6953fe084a7cbb8ae5fd23de 
[1/8/2026, 12:00:47 AM] GET /product/6953fc286077faa2b433cfca 
[1/8/2026, 12:00:54 AM] POST /add-to-cart 
[1/8/2026, 12:01:53 AM] GET /product/6953fc286077faa2b433cfca 
[1/8/2026, 12:01:55 AM] GET /product/6953fe084a7cbb8ae5fd23de 
[1/8/2026, 12:02:02 AM] GET /product/6953fc286077faa2b433cfca 
[1/8/2026, 12:02:06 AM] GET /product/6953fe084a7cbb8ae5fd23de 
[1/8/2026, 12:02:41 AM] GET /product/6953fe084a7cbb8ae5fd23de 
[1/8/2026, 12:02:45 AM] GET /product/6953eb87f43ead5fda718500 
[1/8/2026, 12:02:47 AM] GET /product/695405b206e5d094d3f07e06 
[1/8/2026, 12:02:50 AM] GET /product/6952103878fe8886f673cc43 
[1/8/2026, 12:02:55 AM] GET /product/6953fe084a7cbb8ae5fd23de 
[1/8/2026, 12:03:04 AM] GET /product/6953fc286077faa2b433cfca 
[1/8/2026, 12:03:07 AM] GET /product/6953fc286077faa2b433cfca 
[1/8/2026, 12:03:10 AM] GET /product/6952103878fe8886f673cc43 
[1/8/2026, 12:03:52 AM] GET /product/6952103878fe8886f673cc43 
[1/8/2026, 12:04:20 AM] GET /product/6952103878fe8886f673cc43 
[1/8/2026, 12:04:48 AM] GET /product/6952103878fe8886f673cc43 
[1/8/2026, 12:05:11 AM] GET /product/6952103878fe8886f673cc43 
[1/8/2026, 12:05:23 AM] GET /product/695405b206e5d094d3f07e06 
[1/8/2026, 12:05:26 AM] GET /product/6953eb87f43ead5fda718500 
[1/8/2026, 12:05:29 AM] GET /Vest 
[1/8/2026, 12:05:38 AM] GET /product/6952a0d353541cde43388467 
[1/8/2026, 12:05:46 AM] GET /product/6953fc286077faa2b433cfca 
[1/8/2026, 12:05:51 AM] GET /Quan 
[1/8/2026, 12:05:56 AM] GET /Aosomi 
[1/8/2026, 12:05:57 AM] GET /Aodai 
[1/8/2026, 12:05:59 AM] GET /Phukien 
[1/8/2026, 12:06:00 AM] GET /Vest 
[1/8/2026, 12:06:03 AM] GET /product/6953eb87f43ead5fda718500 
[1/8/2026, 12:06:09 AM] GET /product/6952103878fe8886f673cc03 
[1/8/2026, 12:06:15 AM] GET /product/6952103878fe8886f673cc09 
[1/8/2026, 12:06:18 AM] GET /product/6952103878fe8886f673cc07 
[1/8/2026, 12:06:32 AM] GET /product/6953fe084a7cbb8ae5fd23de 
[1/8/2026, 12:06:35 AM] GET /product/6953eb87f43ead5fda718500 
[1/8/2026, 12:06:40 AM] GET /product/6952103878fe8886f673cc43 
[1/8/2026, 12:07:09 AM] GET / 
[1/8/2026, 12:08:25 AM] GET / 
[1/8/2026, 12:08:27 AM] GET / 
[1/8/2026, 12:08:34 AM] GET /product/6953fc286077faa2b433cfca 
[1/8/2026, 12:08:45 AM] GET / 
[1/8/2026, 12:08:50 AM] GET /product/6953eb87f43ead5fda718500 
[1/8/2026, 12:08:57 AM] GET / 
[1/8/2026, 12:09:06 AM] GET /login 
[1/8/2026, 12:09:12 AM] POST /login 
[1/8/2026, 12:09:12 AM] GET / 
[1/8/2026, 12:09:15 AM] GET /product/6953fe084a7cbb8ae5fd23de 
[1/8/2026, 12:09:18 AM] GET /product/6952103878fe8886f673cc43 
[1/8/2026, 12:09:20 AM] POST /add-to-cart 
[1/8/2026, 12:09:23 AM] POST /add-to-cart 
[1/8/2026, 12:09:26 AM] POST /add-to-cart 
[1/8/2026, 12:09:32 AM] GET / 
[1/8/2026, 12:09:34 AM] GET /product/6953eb87f43ead5fda718500 
[1/8/2026, 12:09:38 AM] GET /Aosomi 
[1/8/2026, 12:09:40 AM] GET /product/6954e11fed05b057267c7e34 
[1/8/2026, 12:09:42 AM] GET /logout 
[1/8/2026, 12:09:43 AM] GET / 
[1/8/2026, 12:09:45 AM] GET /login 
[1/8/2026, 12:09:51 AM] POST /login 
[1/8/2026, 12:09:51 AM] GET / 
[1/8/2026, 12:09:53 AM] GET /product/6953fc286077faa2b433cfca 
[1/8/2026, 12:09:57 AM] GET /Quan 
[1/8/2026, 12:09:59 AM] GET /product/6952103878fe8886f673cc13 
[1/8/2026, 12:12:01 AM] POST /add-to-cart 
[1/8/2026, 12:12:04 AM] GET /product/6952103878fe8886f673cc17 
[1/8/2026, 12:12:07 AM] GET /product/6952103878fe8886f673cc1b 
[1/8/2026, 12:15:56 AM] GET /logout 
[1/8/2026, 12:15:56 AM] GET / 
[1/8/2026, 12:16:00 AM] GET /login 
[1/8/2026, 12:16:05 AM] POST /login 
[1/8/2026, 12:16:06 AM] GET / 
[1/8/2026, 12:16:08 AM] GET /product/6953fc286077faa2b433cfca 
[1/8/2026, 12:16:11 AM] GET /product/6953fc286077faa2b433cfca 
[1/8/2026, 12:16:43 AM] GET / 
[1/8/2026, 12:16:46 AM] GET /product/695405b206e5d094d3f07e06 
[1/8/2026, 12:16:48 AM] POST /add-to-cart 
[1/8/2026, 12:16:51 AM] GET /product/6953fe084a7cbb8ae5fd23de 
[1/8/2026, 12:16:54 AM] GET /product/695405b206e5d094d3f07e06 
[1/8/2026, 12:16:56 AM] GET /product/6952103878fe8886f673cc43 
[1/8/2026, 12:16:58 AM] POST /add-to-cart 
[1/8/2026, 12:17:01 AM] GET /product/6953eb87f43ead5fda718500 
[1/8/2026, 12:17:03 AM] GET /product/6953eb87f43ead5fda718500 
[1/8/2026, 12:17:07 AM] GET /Vest 
[1/8/2026, 12:17:09 AM] GET /product/6952103878fe8886f673cc07 
[1/8/2026, 12:17:11 AM] POST /add-to-cart 
[1/8/2026, 12:17:14 AM] GET /Aosomi 
[1/8/2026, 12:17:16 AM] GET /product/6952103878fe8886f673cc2b 
[1/8/2026, 12:17:19 AM] POST /add-to-cart 
[1/8/2026, 12:17:23 AM] GET /Phukien 
[1/8/2026, 12:17:24 AM] GET /product/6952103878fe8886f673cc49 
[1/8/2026, 12:17:27 AM] POST /add-to-cart 
[1/8/2026, 12:22:05 AM] GET /logout 
[1/8/2026, 12:22:05 AM] GET / 
[1/8/2026, 12:22:08 AM] GET /login 
[1/8/2026, 12:22:14 AM] POST /login 
[1/8/2026, 12:22:14 AM] GET / 
[1/8/2026, 12:22:16 AM] GET /product/6953eb87f43ead5fda718500 
[1/8/2026, 12:22:21 AM] GET /Phukien 
[1/8/2026, 12:26:32 AM] GET /product/6952103878fe8886f673cc4d 
[1/8/2026, 12:26:34 AM] GET /login 
[1/8/2026, 12:26:40 AM] POST /login 
[1/8/2026, 12:26:40 AM] GET / 
[1/8/2026, 12:26:42 AM] GET /product/6953fc286077faa2b433cfca 
[1/8/2026, 12:26:44 AM] GET /cart 
[1/8/2026, 12:26:45 AM] GET /api/ghn/provinces 
[1/8/2026, 12:26:45 AM] GET /api/ghn/districts/202 
[1/8/2026, 12:26:46 AM] GET /api/ghn/wards/1457 
[1/8/2026, 12:26:46 AM] POST /api/calc-shipping 
[1/8/2026, 12:29:00 AM] GET / 
[1/8/2026, 12:29:02 AM] GET /login 
[1/8/2026, 12:29:06 AM] POST /login 
[1/8/2026, 12:29:07 AM] GET / 
[1/8/2026, 12:29:09 AM] GET /product/6953fc286077faa2b433cfca 
[1/8/2026, 12:29:11 AM] GET / 
[1/8/2026, 12:29:13 AM] GET /product/6953eb87f43ead5fda718500 
[1/8/2026, 12:29:15 AM] GET / 
[1/8/2026, 12:29:17 AM] GET /product/6953eb87f43ead5fda718500 
[1/8/2026, 12:29:20 AM] POST /add-to-cart 
[1/8/2026, 12:29:25 AM] GET /Phukien 
[1/8/2026, 12:29:26 AM] GET /product/6952103878fe8886f673cc4d 
[1/8/2026, 12:46:39 AM] GET /logout 
[1/8/2026, 12:46:39 AM] GET / 
[1/8/2026, 12:46:42 AM] GET /login 
[1/8/2026, 12:46:48 AM] POST /login 
[1/8/2026, 12:46:48 AM] GET / 
[1/8/2026, 12:47:43 AM] GET /logout 
[1/8/2026, 12:47:43 AM] GET / 
[1/8/2026, 12:47:49 AM] GET /login 
[1/8/2026, 12:47:53 AM] POST /login 
[1/8/2026, 12:47:54 AM] GET / 
[1/8/2026, 12:48:53 AM] GET /logout 
[1/8/2026, 12:48:53 AM] GET / 
[1/8/2026, 12:48:54 AM] GET /login 
[1/8/2026, 12:48:59 AM] POST /login 
[1/8/2026, 12:49:00 AM] GET / 
[1/8/2026, 12:49:03 AM] GET /product/6953fc286077faa2b433cfca 
[1/8/2026, 12:50:34 AM] GET /logout 
[1/8/2026, 12:50:34 AM] GET / 
[1/8/2026, 12:50:36 AM] GET /login 
[1/8/2026, 12:51:47 AM] POST /login 
[1/8/2026, 12:51:48 AM] GET / 
[1/8/2026, 12:51:50 AM] GET /product/6953fc286077faa2b433cfca 
[1/8/2026, 12:55:36 AM] GET /logout 
[1/8/2026, 12:55:36 AM] GET / 
[1/8/2026, 12:55:39 AM] GET /login 
[1/8/2026, 12:55:44 AM] POST /login 
[1/8/2026, 12:55:44 AM] GET / 
[1/8/2026, 12:55:46 AM] GET /product/6953fc286077faa2b433cfca 
[1/8/2026, 12:55:49 AM] GET /product/6953eb87f43ead5fda718500 
[1/8/2026, 12:55:53 AM] GET /cart 
[1/8/2026, 12:55:54 AM] GET /api/ghn/provinces 
[1/8/2026, 12:55:54 AM] GET /api/ghn/districts/202 
[1/8/2026, 12:55:55 AM] GET /api/ghn/wards/1457 
[1/8/2026, 12:55:55 AM] POST /api/calc-shipping 
[1/8/2026, 12:57:24 AM] GET /logout 
[1/8/2026, 12:57:25 AM] GET / 
[1/8/2026, 12:57:27 AM] GET /login 
[1/8/2026, 12:57:32 AM] POST /login 
[1/8/2026, 12:57:32 AM] GET / 
[1/8/2026, 12:57:34 AM] GET /product/6953fc286077faa2b433cfca 
[1/8/2026, 12:57:37 AM] GET /cart 
[1/8/2026, 12:57:38 AM] GET /api/ghn/provinces 
[1/8/2026, 12:57:39 AM] GET /api/ghn/districts/202 
[1/8/2026, 12:57:39 AM] GET /api/ghn/wards/1457 
[1/8/2026, 12:57:39 AM] POST /api/calc-shipping 
[1/8/2026, 12:57:41 AM] POST /add-to-cart 
[1/8/2026, 12:57:43 AM] GET / 
[1/8/2026, 12:57:45 AM] GET /product/6953fe084a7cbb8ae5fd23de 
[1/8/2026, 10:21:51 AM] GET / 
[1/8/2026, 10:22:21 AM] GET /login 
[1/8/2026, 10:22:22 AM] GET /favicon.ico 
[1/8/2026, 10:22:40 AM] POST /login 
[1/8/2026, 10:22:41 AM] GET / 
[1/8/2026, 10:22:57 AM] GET / 
[1/8/2026, 10:23:02 AM] GET /product/6953eb87f43ead5fda718500 
[1/8/2026, 10:23:03 AM] GET /favicon.ico 
[1/8/2026, 10:23:06 AM] GET /Aosomi 
[1/8/2026, 10:23:07 AM] GET /favicon.ico 
[1/8/2026, 10:23:08 AM] GET /product/6952103878fe8886f673cc27 
[1/8/2026, 10:23:09 AM] GET /favicon.ico 
[1/8/2026, 10:23:23 AM] GET / 
[1/8/2026, 10:23:26 AM] GET /cart 
[1/8/2026, 10:23:27 AM] GET /api/ghn/provinces 
[1/8/2026, 10:23:27 AM] GET /favicon.ico 
[1/8/2026, 10:23:28 AM] GET /api/ghn/districts/202 
[1/8/2026, 10:23:28 AM] GET /api/ghn/wards/1457 
[1/8/2026, 10:23:29 AM] POST /api/calc-shipping 
[1/8/2026, 10:23:38 AM] POST /api/calc-shipping 
[1/8/2026, 10:23:38 AM] POST /api/calc-shipping 
[1/8/2026, 10:23:46 AM] GET /order 
[1/8/2026, 10:23:47 AM] GET /favicon.ico 
[1/8/2026, 10:24:11 AM] POST /repay-order 
[1/8/2026, 10:24:44 AM] GET /order 
[1/8/2026, 10:24:50 AM] POST /repay-order 
[1/8/2026, 10:25:00 AM] GET / 
[1/8/2026, 10:25:12 AM] GET /product/6952103878fe8886f673cc43 
[1/8/2026, 10:25:13 AM] GET /favicon.ico 
[1/8/2026, 10:25:19 AM] GET /cart 
[1/8/2026, 10:25:20 AM] GET /api/ghn/provinces 
[1/8/2026, 10:25:20 AM] GET /api/ghn/districts/202 
[1/8/2026, 10:25:20 AM] GET /api/ghn/wards/1457 
[1/8/2026, 10:25:21 AM] POST /api/calc-shipping 
[1/8/2026, 10:25:26 AM] GET /cart 
[1/8/2026, 10:25:26 AM] GET / 
[1/8/2026, 10:25:32 AM] GET /users 
[1/8/2026, 10:25:35 AM] GET /users 
[1/8/2026, 10:25:36 AM] GET / 
[1/8/2026, 10:25:38 AM] GET /admin 
[1/8/2026, 10:25:38 AM] GET /admin/login 
[1/8/2026, 10:25:39 AM] GET /favicon.ico 
[1/8/2026, 10:25:59 AM] POST /admin/login 
[1/8/2026, 10:25:59 AM] GET /admin 
[1/8/2026, 10:26:00 AM] GET /favicon.ico 
[1/8/2026, 10:26:06 AM] GET /admin/orders 
[1/8/2026, 10:26:07 AM] GET /favicon.ico 
[1/8/2026, 10:26:13 AM] GET /admin/orders 
[1/8/2026, 10:26:27 AM] GET /admin 
[1/8/2026, 10:27:00 AM] GET / 
[1/8/2026, 10:27:02 AM] GET /favicon.ico 
[1/8/2026, 10:27:10 AM] GET /login 
[1/8/2026, 10:27:16 AM] POST /login 
[1/8/2026, 10:27:16 AM] GET / 
[1/8/2026, 10:27:18 AM] GET /product/6953fe084a7cbb8ae5fd23de 
[1/8/2026, 10:27:21 AM] GET /product/695405b206e5d094d3f07e06 
[1/8/2026, 10:27:23 AM] POST /add-to-cart 
[1/8/2026, 10:27:25 AM] GET /cart 
[1/8/2026, 10:27:25 AM] GET /api/ghn/provinces 
[1/8/2026, 10:27:26 AM] GET /api/ghn/districts/202 
[1/8/2026, 10:27:26 AM] GET /api/ghn/wards/1457 
[1/8/2026, 10:27:26 AM] POST /api/calc-shipping 
[1/8/2026, 10:27:28 AM] POST /api/calc-shipping 
[1/8/2026, 10:27:30 AM] POST /update-cart 
[1/8/2026, 10:27:31 AM] GET /cart 
[1/8/2026, 10:27:31 AM] GET /api/ghn/provinces 
[1/8/2026, 10:27:31 AM] GET /api/ghn/districts/202 
[1/8/2026, 10:27:32 AM] GET /api/ghn/wards/1457 
[1/8/2026, 10:27:32 AM] POST /api/calc-shipping 
[1/8/2026, 10:27:34 AM] POST /api/calc-shipping 
[1/8/2026, 10:27:36 AM] POST /api/calc-shipping 
[1/8/2026, 10:27:36 AM] POST /api/calc-shipping 
[1/8/2026, 10:27:39 AM] POST /place-order 
[1/8/2026, 10:28:14 AM] POST /api/payos-webhook 
[1/8/2026, 10:28:21 AM] GET /order?code=00&id=152e30999a3a4508a5232b3c8e960224&cancel=false&status=PAID&orderCode=842859511 
[1/8/2026, 10:28:26 AM] GET /admin 
[1/8/2026, 10:28:43 AM] GET /admin/orders 
[1/8/2026, 10:29:06 AM] POST /repay-order 
[1/8/2026, 10:29:10 AM] GET /cart?code=00&id=1bc2a4f623244d7ba61c10c9f9854e5b&cancel=true&status=CANCELLED&orderCode=842946280 
[1/8/2026, 10:29:11 AM] GET /api/ghn/provinces 
[1/8/2026, 10:29:12 AM] GET /api/ghn/districts/202 
[1/8/2026, 10:29:12 AM] GET /api/ghn/wards/1457 
[1/8/2026, 10:29:13 AM] POST /api/calc-shipping 
[1/8/2026, 10:29:16 AM] GET /order 
[1/8/2026, 10:30:09 AM] GET / 
[1/8/2026, 10:30:12 AM] GET /order 
[1/8/2026, 10:30:13 AM] GET /login 
[1/8/2026, 10:30:18 AM] GET /admin 
[1/8/2026, 10:30:18 AM] GET /admin/login 
[1/8/2026, 10:30:26 AM] POST /admin/login 
[1/8/2026, 10:30:26 AM] GET /admin 
[1/8/2026, 10:30:30 AM] GET /admin/api/dashboard-chart?start=2025-12-31&end=2026-01-08 
[1/8/2026, 10:30:32 AM] GET /admin/api/dashboard-chart?start=2026-01-08&end=2026-01-08 
[1/8/2026, 10:30:37 AM] GET /admin/orders 
[1/8/2026, 10:30:55 AM] POST /admin/orders/update-status/695d344d083f82f79da5a0be 
[1/8/2026, 10:30:59 AM] GET /admin/orders 
[1/8/2026, 10:31:08 AM] POST /admin/orders/update-status/6954eab17195373da9662dc1 
[1/8/2026, 10:31:11 AM] GET /admin/orders 
[1/8/2026, 10:31:17 AM] POST /admin/orders/update-status/69540cbc21cf424309ac9b25 
[1/8/2026, 10:31:20 AM] GET /admin/orders 
[1/8/2026, 10:31:23 AM] GET /admin/config 
[1/8/2026, 10:31:24 AM] GET /admin/users 
[1/8/2026, 10:31:27 AM] POST /admin/users/toggle-lock/6953e7901e2be3f4030a6248 
[1/8/2026, 10:31:28 AM] GET /admin/users 
[1/8/2026, 10:31:29 AM] POST /admin/users/toggle-lock/6953e7901e2be3f4030a6248 
[1/8/2026, 10:31:29 AM] GET /admin/users 
[1/8/2026, 10:31:32 AM] GET /admin 
[1/8/2026, 10:31:44 AM] GET / 
[1/8/2026, 10:31:47 AM] GET /product/695405b206e5d094d3f07e06 
[1/8/2026, 10:31:48 AM] GET /favicon.ico 
[1/8/2026, 10:31:49 AM] POST /add-to-cart 
[1/8/2026, 10:31:53 AM] GET /login 
[1/8/2026, 10:31:59 AM] POST /login 
[1/8/2026, 10:31:59 AM] GET /admin 
[1/8/2026, 10:32:04 AM] GET / 
[1/8/2026, 10:32:06 AM] GET /product/695405b206e5d094d3f07e06 
[1/8/2026, 10:32:09 AM] POST /add-to-cart 
[1/8/2026, 10:32:10 AM] GET /cart 
[1/8/2026, 10:32:11 AM] GET /api/ghn/provinces 
[1/8/2026, 10:32:12 AM] GET /api/ghn/districts/202 
[1/8/2026, 10:32:12 AM] GET /api/ghn/wards/1457 
[1/8/2026, 10:32:12 AM] POST /api/calc-shipping 
[1/8/2026, 10:32:13 AM] POST /api/calc-shipping 
[1/8/2026, 10:32:15 AM] POST /api/calc-shipping 
[1/8/2026, 10:32:15 AM] POST /api/calc-shipping 
[1/8/2026, 10:32:20 AM] POST /place-order 
[1/8/2026, 10:32:46 AM] POST /api/payos-webhook 
[1/8/2026, 10:34:13 AM] POST /update-cart 
[1/8/2026, 10:34:18 AM] GET /cart 
[1/8/2026, 10:34:18 AM] GET /api/ghn/provinces 
[1/8/2026, 10:34:19 AM] GET /api/ghn/districts/202 
[1/8/2026, 10:34:19 AM] GET /api/ghn/wards/1457 
[1/8/2026, 10:34:20 AM] POST /api/calc-shipping 
[1/8/2026, 10:34:21 AM] POST /update-cart 
[1/8/2026, 10:34:22 AM] GET /cart 
[1/8/2026, 10:34:22 AM] GET /api/ghn/provinces 
[1/8/2026, 10:34:23 AM] GET /api/ghn/districts/202 
[1/8/2026, 10:34:23 AM] GET /api/ghn/wards/1457 
[1/8/2026, 10:34:23 AM] POST /api/calc-shipping 
[1/8/2026, 10:34:25 AM] GET / 
[1/8/2026, 10:34:27 AM] GET /product/6953eb87f43ead5fda718500 
[1/8/2026, 10:34:30 AM] POST /add-to-cart 
[1/8/2026, 10:34:36 AM] GET / 
[1/8/2026, 10:34:39 AM] GET /product/6953eb87f43ead5fda718500 
[1/8/2026, 10:34:53 AM] GET /cart 
[1/8/2026, 10:34:54 AM] GET /api/ghn/provinces 
[1/8/2026, 10:34:54 AM] GET /api/ghn/districts/202 
[1/8/2026, 10:34:55 AM] GET /api/ghn/wards/1457 
[1/8/2026, 10:34:55 AM] POST /api/calc-shipping 
[1/8/2026, 10:34:57 AM] POST /remove-from-cart 
[1/8/2026, 10:34:57 AM] GET /cart 
[1/8/2026, 10:34:58 AM] GET /api/ghn/provinces 
[1/8/2026, 10:34:58 AM] GET /api/ghn/districts/202 
[1/8/2026, 10:34:59 AM] GET /api/ghn/wards/1457 
[1/8/2026, 10:34:59 AM] POST /api/calc-shipping 
[1/8/2026, 10:36:25 AM] GET / 
[1/8/2026, 10:36:40 AM] GET / 
[1/8/2026, 10:36:42 AM] GET / 
[1/8/2026, 10:36:44 AM] GET / 
[1/8/2026, 10:36:47 AM] GET / 
[1/8/2026, 10:36:48 AM] GET / 
[1/8/2026, 10:39:53 AM] GET /admin 
[1/8/2026, 10:39:53 AM] GET /admin/login 
[1/8/2026, 10:39:58 AM] POST /admin/login 
[1/8/2026, 10:39:59 AM] GET /admin 
[1/8/2026, 10:40:22 AM] GET /?zarsrc=30&utm_source=zalo&utm_medium=zalo&utm_campaign=zalo&gidzl=ZoodQtPAItsFCwzkSLD2VeeofMjiKqSid66gQMLL6IcVDlG-O50JBSjX_Znd1qygdc2kFJF8LzKaTKD6Um 
[1/8/2026, 10:40:23 AM] GET /favicon.ico 
[1/8/2026, 10:40:26 AM] GET /?zarsrc=30&utm_source=zalo&utm_medium=zalo&utm_campaign=zalo 
[1/8/2026, 10:40:31 AM] GET /login 
[1/8/2026, 10:40:39 AM] POST /login 
[1/8/2026, 10:40:39 AM] GET / 
[1/8/2026, 10:40:42 AM] GET /product/695405b206e5d094d3f07e06 
[1/8/2026, 10:40:45 AM] POST /add-to-cart 
[1/8/2026, 10:40:47 AM] GET /cart 
[1/8/2026, 10:40:48 AM] GET /api/ghn/provinces 
[1/8/2026, 10:40:48 AM] GET /api/ghn/districts/202 
[1/8/2026, 10:40:49 AM] GET /api/ghn/wards/1457 
[1/8/2026, 10:40:49 AM] POST /api/calc-shipping 
[1/8/2026, 10:40:51 AM] POST /api/calc-shipping 
[1/8/2026, 10:40:52 AM] POST /api/calc-shipping 
[1/8/2026, 10:40:52 AM] POST /api/calc-shipping 
[1/8/2026, 10:40:56 AM] POST /place-order 
[1/8/2026, 10:41:46 AM] GET /admin 
[1/8/2026, 10:41:59 AM] GET /admin/orders 
[1/8/2026, 10:42:06 AM] GET /admin 
[1/8/2026, 10:42:49 AM] GET /admin 
[1/8/2026, 10:42:50 AM] GET /order?code=00&id=0110a59e42c349ee86593b25a701af00&cancel=true&status=CANCELLED&orderCode=843656709 
[1/8/2026, 10:42:55 AM] POST /repay-order 
[1/8/2026, 10:43:22 AM] POST /api/payos-webhook 
[1/8/2026, 10:43:28 AM] GET /order?code=00&id=acfd7743a3ec4dc7a615208f80950520&cancel=false&status=PAID&orderCode=843775906 
[1/8/2026, 10:43:40 AM] GET /admin 
[1/8/2026, 10:45:08 AM] GET / 
[1/8/2026, 10:45:10 AM] GET /product/6953fe084a7cbb8ae5fd23de 
[1/8/2026, 10:45:13 AM] GET /product/695405b206e5d094d3f07e06 
[1/8/2026, 10:45:15 AM] POST /add-to-cart 
[1/8/2026, 10:45:16 AM] GET /cart 
[1/8/2026, 10:45:17 AM] GET /api/ghn/provinces 
[1/8/2026, 10:45:17 AM] GET /api/ghn/districts/202 
[1/8/2026, 10:45:18 AM] GET /api/ghn/wards/1457 
[1/8/2026, 10:45:18 AM] POST /api/calc-shipping 
[1/8/2026, 10:45:19 AM] POST /api/calc-shipping 
[1/8/2026, 10:45:20 AM] POST /api/calc-shipping 
[1/8/2026, 10:45:20 AM] POST /api/calc-shipping 
[1/8/2026, 10:45:21 AM] POST /api/calc-shipping 
[1/8/2026, 10:45:21 AM] POST /api/calc-shipping 
[1/8/2026, 10:45:26 AM] POST /place-order 
[1/8/2026, 10:45:30 AM] GET /api/ghn/districts/202 
[1/8/2026, 10:45:31 AM] GET /api/ghn/wards/1457 
[1/8/2026, 10:45:31 AM] POST /api/calc-shipping 
[1/8/2026, 10:47:49 AM] GET /admin 
[1/8/2026, 10:47:49 AM] GET /admin/login 
[1/8/2026, 10:47:55 AM] POST /admin/login 
[1/8/2026, 10:47:55 AM] GET /admin 
[1/8/2026, 10:48:09 AM] GET /cart 
[1/8/2026, 10:48:09 AM] GET /login 
[1/8/2026, 10:48:11 AM] GET /login 
[1/8/2026, 10:48:18 AM] POST /login 
[1/8/2026, 10:48:19 AM] GET / 
[1/8/2026, 10:48:20 AM] GET /login 
[1/8/2026, 10:48:23 AM] GET /Vest 
[1/8/2026, 10:48:26 AM] GET / 
[1/8/2026, 10:48:28 AM] GET /product/695405b206e5d094d3f07e06 
[1/8/2026, 10:48:30 AM] POST /add-to-cart 
[1/8/2026, 10:48:38 AM] GET /product/695405b206e5d094d3f07e06 
[1/8/2026, 10:48:40 AM] GET /cart 
[1/8/2026, 10:48:41 AM] GET /api/ghn/provinces 
[1/8/2026, 10:48:41 AM] GET /api/ghn/districts/202 
[1/8/2026, 10:48:42 AM] GET /api/ghn/wards/1457 
[1/8/2026, 10:48:42 AM] POST /api/calc-shipping 
[1/8/2026, 10:48:43 AM] GET /cart 
[1/8/2026, 10:48:44 AM] GET /api/ghn/provinces 
[1/8/2026, 10:48:44 AM] GET /api/ghn/districts/202 
[1/8/2026, 10:48:44 AM] GET /api/ghn/wards/1457 
[1/8/2026, 10:48:45 AM] POST /api/calc-shipping 
[1/8/2026, 10:48:47 AM] POST /update-cart 
[1/8/2026, 10:48:48 AM] GET /cart 
[1/8/2026, 10:48:48 AM] GET /api/ghn/provinces 
[1/8/2026, 10:48:49 AM] GET /api/ghn/districts/202 
[1/8/2026, 10:48:49 AM] GET /api/ghn/wards/1457 
[1/8/2026, 10:48:49 AM] POST /api/calc-shipping 
[1/8/2026, 10:48:50 AM] POST /api/calc-shipping 
[1/8/2026, 10:48:52 AM] GET /cart 
[1/8/2026, 10:48:53 AM] GET /api/ghn/provinces 
[1/8/2026, 10:48:53 AM] GET /api/ghn/districts/202 
[1/8/2026, 10:48:54 AM] GET /api/ghn/wards/1457 
[1/8/2026, 10:48:54 AM] POST /api/calc-shipping 
[1/8/2026, 10:48:55 AM] POST /api/calc-shipping 
[1/8/2026, 10:48:57 AM] POST /api/calc-shipping 
[1/8/2026, 10:48:57 AM] POST /api/calc-shipping 
[1/8/2026, 10:48:59 AM] POST /place-order 
[1/8/2026, 10:55:27 AM] GET / 
[1/8/2026, 10:55:30 AM] GET /login 
[1/8/2026, 10:55:32 AM] GET /register 
[1/8/2026, 10:55:41 AM] POST /get-otp 
[1/8/2026, 10:56:14 AM] POST /get-otp 
[1/8/2026, 10:56:28 AM] GET /login 
[1/8/2026, 10:56:33 AM] POST /login 
[1/8/2026, 10:56:34 AM] GET / 
[1/8/2026, 10:56:35 AM] GET /cart 
[1/8/2026, 10:56:36 AM] GET /api/ghn/provinces 
[1/8/2026, 10:56:36 AM] GET /api/ghn/districts/202 
[1/8/2026, 10:56:36 AM] GET /api/ghn/wards/1457 
[1/8/2026, 10:56:37 AM] POST /api/calc-shipping 
[1/8/2026, 10:56:40 AM] POST /save-profile 
[1/8/2026, 10:56:41 AM] POST /api/calc-shipping 
[1/8/2026, 10:57:30 AM] GET /logout 
[1/8/2026, 10:57:30 AM] GET / 
[1/8/2026, 10:57:32 AM] GET /register 
[1/8/2026, 10:57:36 AM] POST /get-otp 
[1/8/2026, 10:57:45 AM] POST /get-otp 
[1/8/2026, 10:58:10 AM] GET /register 
[1/8/2026, 10:58:14 AM] POST /get-otp 
[1/8/2026, 11:02:00 AM] GET /register 
[1/8/2026, 11:02:05 AM] POST /get-otp 
[1/8/2026, 11:02:10 AM] POST /get-otp 
[1/8/2026, 11:02:22 AM] POST /get-otp 
[1/8/2026, 12:14:36 PM] GET /register 
[1/8/2026, 12:14:44 PM] POST /get-otp 
[1/8/2026, 12:14:49 PM] POST /get-otp 
[1/8/2026, 12:15:01 PM] GET /register 
[1/8/2026, 12:15:07 PM] POST /get-otp 
[1/8/2026, 12:15:17 PM] GET /login 
[1/8/2026, 12:15:21 PM] GET /Doimatkhau 
[1/8/2026, 12:15:25 PM] POST /get-otp 
[1/8/2026, 12:15:32 PM] POST /get-otp 
[1/8/2026, 12:15:40 PM] POST /get-otp 
[1/8/2026, 12:17:00 PM] POST /get-otp 
[1/8/2026, 12:17:03 PM] GET /Doimatkhau 
[1/8/2026, 12:17:06 PM] POST /get-otp 
[1/8/2026, 12:21:59 PM] GET /Doimatkhau 
[1/8/2026, 12:22:02 PM] POST /get-otp 
[1/8/2026, 12:23:59 PM] GET /Doimatkhau 
[1/8/2026, 12:24:02 PM] POST /get-otp 
[1/8/2026, 12:25:33 PM] GET /Doimatkhau 
[1/8/2026, 12:25:36 PM] POST /get-otp 
[1/8/2026, 12:25:39 PM] POST /get-otp 
[1/8/2026, 12:26:30 PM] POST /get-otp 
[1/8/2026, 12:33:00 PM] GET /Doimatkhau 
[1/8/2026, 12:33:03 PM] POST /get-otp 
[1/8/2026, 12:33:36 PM] POST /Doimatkhau 
[1/8/2026, 12:33:39 PM] GET /Doimatkhau 
[1/8/2026, 12:33:53 PM] POST /Doimatkhau 
[1/8/2026, 12:33:56 PM] GET /Doimatkhau 
[1/8/2026, 12:33:59 PM] GET /login 
[1/8/2026, 12:34:02 PM] GET /register 
[1/8/2026, 12:34:17 PM] POST /register 
[1/8/2026, 12:34:19 PM] GET /register 
[1/8/2026, 12:34:21 PM] POST /get-otp 
[1/8/2026, 12:34:28 PM] GET /login 
[1/8/2026, 12:34:32 PM] POST /login 
[1/8/2026, 12:34:35 PM] GET /register 
[1/8/2026, 12:38:05 PM] GET / 
[1/8/2026, 12:38:08 PM] GET /register 
[1/8/2026, 12:38:09 PM] GET /login 
[1/8/2026, 12:38:11 PM] GET /Doimatkhau 
[1/8/2026, 12:38:24 PM] POST /get-otp 
[1/8/2026, 12:38:50 PM] POST /Doimatkhau 
[1/8/2026, 12:38:51 PM] GET /login 
[1/8/2026, 12:39:55 PM] GET /register 
[1/8/2026, 12:39:56 PM] GET /login 
[1/8/2026, 12:39:59 PM] GET /Doimatkhau 
[1/8/2026, 12:40:02 PM] POST /get-otp 
[1/8/2026, 12:40:14 PM] POST /Doimatkhau 
[1/8/2026, 12:40:14 PM] GET /Doimatkhau 
[1/8/2026, 12:47:13 PM] POST /get-otp 
[1/8/2026, 12:47:31 PM] POST /Doimatkhau 
[1/8/2026, 12:47:31 PM] GET /Doimatkhau?error=password-length 
[1/8/2026, 12:54:14 PM] GET /Doimatkhau?error=password-length 
[1/8/2026, 12:54:17 PM] GET /Doimatkhau?error=password-length 
[1/8/2026, 12:54:22 PM] GET / 
[1/8/2026, 12:54:24 PM] GET /register 
[1/8/2026, 12:54:26 PM] GET /login 
[1/8/2026, 12:54:28 PM] GET /Doimatkhau 
[1/8/2026, 12:55:56 PM] POST /get-otp 
[1/8/2026, 12:55:59 PM] GET /login 
[1/8/2026, 12:56:01 PM] GET /Doimatkhau 
[1/8/2026, 12:56:24 PM] GET /Doimatkhau 
[1/8/2026, 12:56:25 PM] GET /Doimatkhau 
[1/8/2026, 12:56:28 PM] GET /login 
[1/8/2026, 12:56:30 PM] GET /Doimatkhau 
[1/8/2026, 12:59:06 PM] GET /Doimatkhau 
[1/8/2026, 12:59:11 PM] GET / 
[1/8/2026, 12:59:14 PM] GET /login 
[1/8/2026, 12:59:15 PM] GET /Doimatkhau 
[1/8/2026, 1:01:22 PM] GET /Doimatkhau 
[1/8/2026, 1:01:23 PM] GET /Doimatkhau 
[1/8/2026, 8:57:24 PM] GET / 
[1/8/2026, 8:57:26 PM] GET /favicon.ico 
[1/8/2026, 8:57:27 PM] GET /register 
[1/8/2026, 8:57:36 PM] POST /get-otp 
[1/8/2026, 8:58:08 PM] POST /register 
[1/8/2026, 8:58:10 PM] GET /register 
[1/8/2026, 8:58:16 PM] POST /register 
[1/8/2026, 8:58:18 PM] GET /register 
[1/8/2026, 8:58:26 PM] POST /register 
[1/8/2026, 8:58:35 PM] GET /Doimatkhau 
[1/8/2026, 8:58:45 PM] POST /login 
[1/8/2026, 8:58:45 PM] GET / 
[1/8/2026, 8:58:47 PM] GET /cart 
[1/8/2026, 8:58:47 PM] GET /api/ghn/provinces 
[1/8/2026, 8:58:55 PM] GET /api/ghn/districts/202 
[1/8/2026, 8:58:59 PM] GET /api/ghn/wards/1457 
[1/8/2026, 8:59:02 PM] POST /api/calc-shipping 
[1/8/2026, 8:59:04 PM] POST /save-profile 
[1/8/2026, 8:59:05 PM] POST /api/calc-shipping 
[1/8/2026, 8:59:07 PM] GET / 
[1/8/2026, 8:59:11 PM] GET /product/6953fe084a7cbb8ae5fd23de 
[1/8/2026, 8:59:20 PM] GET /product/695405b206e5d094d3f07e06 
[1/8/2026, 8:59:21 PM] POST /add-to-cart 
[1/8/2026, 8:59:26 PM] GET / 
[1/8/2026, 8:59:28 PM] GET /product/6953fc286077faa2b433cfca 
[1/8/2026, 8:59:30 PM] GET /Phukien 
[1/8/2026, 8:59:31 PM] GET /product/6952103878fe8886f673cc4f 
[1/8/2026, 8:59:32 PM] GET /Quan 
[1/8/2026, 8:59:33 PM] GET /product/6952103878fe8886f673cc13 
[1/8/2026, 8:59:52 PM] GET /logout 
[1/8/2026, 8:59:52 PM] GET / 
[1/8/2026, 8:59:53 PM] GET /login 
[1/8/2026, 8:59:55 PM] GET /Doimatkhau 
[1/8/2026, 9:01:02 PM] GET / 
[1/8/2026, 9:01:17 PM] GET /admin/config 
[1/8/2026, 9:01:17 PM] GET /admin/login 
[1/8/2026, 9:01:22 PM] POST /admin/login 
[1/8/2026, 9:01:23 PM] GET /admin 
[1/8/2026, 9:01:27 PM] GET /admin/api/dashboard-chart?start=2025-12-31&end=2026-01-08 
[1/8/2026, 9:01:43 PM] GET /admin/api/dashboard-chart?start=2026-01-06&end=2026-01-24 
[1/8/2026, 9:01:47 PM] GET /admin/orders 
[1/8/2026, 9:02:03 PM] GET /admin/users 
[1/8/2026, 9:03:43 PM] GET / 
[1/8/2026, 9:03:44 PM] GET /login 
[1/8/2026, 9:03:46 PM] GET /Doimatkhau 
[1/8/2026, 9:03:56 PM] POST /get-otp 
[1/8/2026, 9:04:05 PM] POST /get-otp 
[1/8/2026, 9:04:15 PM] POST /get-otp 
[1/8/2026, 9:04:52 PM] POST /Doimatkhau 
[1/8/2026, 9:10:53 PM] GET /Doimatkhau 
[1/8/2026, 9:10:59 PM] POST /get-otp 
[1/8/2026, 9:14:11 PM] GET /login 
[1/8/2026, 9:19:38 PM] POST /login 
[1/8/2026, 9:19:45 PM] POST /login 
[1/8/2026, 9:19:45 PM] GET / 
[1/8/2026, 9:19:48 PM] GET /logout 
[1/8/2026, 9:19:48 PM] GET / 
[1/8/2026, 9:19:50 PM] GET /login 
[1/8/2026, 9:19:55 PM] POST /login 
[1/8/2026, 9:20:02 PM] POST /login 
[1/8/2026, 9:20:05 PM] POST /login 
[1/8/2026, 9:20:08 PM] GET /Doimatkhau 
[1/8/2026, 9:20:12 PM] POST /get-otp 
[1/8/2026, 9:20:26 PM] GET /register 
[1/8/2026, 9:20:41 PM] POST /get-otp 
[1/8/2026, 9:22:20 PM] POST /get-otp 
[1/8/2026, 9:24:34 PM] GET /Doimatkhau 
[1/8/2026, 9:24:46 PM] POST /get-otp 
[1/8/2026, 9:24:51 PM] GET /register 
[1/8/2026, 9:24:53 PM] POST /get-otp 
[1/8/2026, 9:25:02 PM] POST /get-otp 
[1/8/2026, 9:28:12 PM] POST /get-otp 
[1/8/2026, 9:28:15 PM] POST /get-otp 
[1/8/2026, 9:30:30 PM] GET /login 
[1/8/2026, 9:30:31 PM] GET /Doimatkhau 
[1/8/2026, 9:30:41 PM] POST /get-otp 
[1/8/2026, 9:30:44 PM] POST /get-otp 
[1/8/2026, 9:30:49 PM] POST /get-otp 
[1/8/2026, 9:30:58 PM] POST /get-otp 
[1/8/2026, 9:31:14 PM] GET /register 
[1/8/2026, 9:31:17 PM] POST /get-otp 
[1/8/2026, 9:31:21 PM] POST /get-otp 
[1/8/2026, 9:31:28 PM] GET /Doimatkhau 
[1/8/2026, 9:31:36 PM] GET /register 
[1/8/2026, 9:31:54 PM] GET /login 
[1/8/2026, 9:31:59 PM] POST /login 
[1/8/2026, 9:32:02 PM] POST /login 
[1/8/2026, 9:33:15 PM] GET /Doimatkhau 
[1/8/2026, 9:33:41 PM] POST /Doimatkhau 
[1/8/2026, 9:36:04 PM] POST /Doimatkhau 
[1/8/2026, 9:36:07 PM] POST /get-otp 
[1/8/2026, 9:36:38 PM] POST /Doimatkhau 
[1/8/2026, 9:38:35 PM] POST /get-otp 
[1/8/2026, 9:39:34 PM] POST /Doimatkhau 
[1/8/2026, 9:39:51 PM] POST /Doimatkhau 
[1/8/2026, 9:41:33 PM] GET /Doimatkhau 
[1/8/2026, 9:41:35 PM] POST /get-otp 
[1/8/2026, 9:41:44 PM] POST /Doimatkhau 
[1/8/2026, 9:42:39 PM] POST /Doimatkhau 
[1/8/2026, 9:42:42 PM] POST /get-otp 
[1/8/2026, 9:42:48 PM] POST /Doimatkhau 
[1/8/2026, 9:42:49 PM] GET /Doimatkhau 
[1/8/2026, 9:42:52 PM] GET / 
[1/8/2026, 9:42:53 PM] GET /login 
[1/8/2026, 9:42:55 PM] GET /Doimatkhau 
[1/8/2026, 9:42:58 PM] POST /get-otp 
[1/8/2026, 9:43:07 PM] POST /Doimatkhau 
[1/8/2026, 9:43:11 PM] POST /get-otp 
[1/8/2026, 9:43:37 PM] POST /Doimatkhau 
[1/8/2026, 9:44:02 PM] GET /register 
[1/8/2026, 9:44:05 PM] POST /get-otp 
[1/8/2026, 9:44:17 PM] POST /get-otp 
[1/8/2026, 9:44:21 PM] POST /get-otp 
[1/8/2026, 9:45:02 PM] GET /register 
[1/8/2026, 9:45:05 PM] POST /get-otp 
[1/8/2026, 9:45:09 PM] POST /get-otp 
[1/8/2026, 9:45:12 PM] GET /Vest 
[1/8/2026, 9:56:54 PM] GET /login 
[1/8/2026, 9:56:56 PM] GET /Doimatkhau 
[1/8/2026, 9:56:58 PM] POST /get-otp 
[1/8/2026, 9:57:01 PM] POST /get-otp 
[1/8/2026, 9:57:02 PM] GET /Doimatkhau 
[1/8/2026, 9:57:05 PM] POST /get-otp 
[1/8/2026, 9:59:22 PM] GET /Doimatkhau 
[1/8/2026, 9:59:25 PM] POST /get-otp 
[1/8/2026, 9:59:26 PM] POST /get-otp 
[1/8/2026, 10:01:25 PM] GET /Doimatkhau 
[1/8/2026, 10:01:29 PM] POST /get-otp 
[1/8/2026, 10:02:25 PM] GET /Doimatkhau 
[1/8/2026, 10:02:28 PM] POST /get-otp 
[1/8/2026, 10:06:26 PM] GET /login 
[1/8/2026, 10:06:32 PM] POST /login 
[1/8/2026, 10:06:32 PM] GET / 
[1/8/2026, 10:06:34 PM] GET /order 
[1/8/2026, 10:07:10 PM] GET /order 
[1/8/2026, 10:11:28 PM] GET /admin/config 
[1/8/2026, 10:11:28 PM] GET /admin/login 
[1/8/2026, 10:11:32 PM] POST /admin/login 
[1/8/2026, 10:11:32 PM] GET /admin 
[1/8/2026, 10:11:34 PM] GET /admin/orders 
[1/8/2026, 10:17:00 PM] GET /admin/orders 
[1/8/2026, 10:17:01 PM] GET /admin/login 
[1/8/2026, 10:17:06 PM] POST /admin/login 
[1/8/2026, 10:17:07 PM] GET /admin 
[1/8/2026, 10:17:09 PM] GET /admin/orders 
[1/8/2026, 10:17:19 PM] POST /admin/orders/update-payment/695f2748716b47155608b828 
[1/8/2026, 10:17:20 PM] GET /admin/orders 
[1/8/2026, 10:17:26 PM] POST /admin/orders/update-payment/695f2748716b47155608b828 
[1/8/2026, 10:17:26 PM] GET /admin/orders 
[1/8/2026, 10:17:32 PM] POST /admin/orders/update-payment/695f2748716b47155608b828 
[1/8/2026, 10:17:32 PM] GET /admin/orders 
[1/8/2026, 10:17:39 PM] POST /admin/orders/update-payment/695f2748716b47155608b828 
[1/8/2026, 10:17:39 PM] GET /admin/orders 
[1/8/2026, 10:19:10 PM] GET /admin/orders 
[1/8/2026, 10:26:53 PM] GET /admin/orders 
[1/8/2026, 10:26:53 PM] GET /admin/login 
[1/8/2026, 10:26:58 PM] POST /admin/login 
[1/8/2026, 10:26:58 PM] GET /admin 
[1/8/2026, 10:27:01 PM] GET /admin/orders 
[1/8/2026, 10:27:27 PM] POST /admin/orders/update-payment/695f2748716b47155608b828 
[1/8/2026, 10:27:28 PM] GET /admin/orders 
[1/8/2026, 10:27:43 PM] POST /admin/orders/update-payment/695f2544e74831c935476074 
[1/8/2026, 10:27:43 PM] GET /admin/orders 
[1/8/2026, 10:27:48 PM] POST /admin/orders/update-payment/695f2544e74831c935476074 
[1/8/2026, 10:27:49 PM] GET /admin/orders 
[1/8/2026, 10:27:56 PM] POST /admin/orders/update-payment/695f2748716b47155608b828 
[1/8/2026, 10:28:01 PM] POST /admin/orders/update-status/695f2748716b47155608b828 
[1/8/2026, 10:28:28 PM] POST /admin/orders/update-status/695f2544e74831c935476074 
[1/8/2026, 10:28:38 PM] POST /admin/orders/update-status/695f2544e74831c935476074 
[1/8/2026, 10:28:43 PM] POST /admin/orders/update-status/695f2544e74831c935476074 
[1/8/2026, 10:28:44 PM] GET /admin/orders 
[1/8/2026, 10:28:47 PM] POST /admin/orders/update-status/695f2544e74831c935476074 
[1/8/2026, 10:28:47 PM] GET /admin/orders 
[1/8/2026, 10:28:53 PM] POST /admin/orders/update-status/695f2544e74831c935476074 
[1/8/2026, 10:28:58 PM] POST /admin/orders/update-payment/695f2544e74831c935476074 
[1/8/2026, 10:28:58 PM] GET /admin/orders 
[1/8/2026, 10:34:38 PM] POST /admin/orders/update-status/695f242b04216be155f34ab2 
[1/8/2026, 10:34:38 PM] GET /admin/login 
[1/8/2026, 10:34:43 PM] POST /admin/login 
[1/8/2026, 10:34:43 PM] GET /admin 
[1/8/2026, 10:34:46 PM] GET /admin/orders 
[1/8/2026, 10:34:57 PM] POST /admin/orders/update-status/695f292bdae5bd1656d88715 
[1/8/2026, 10:34:58 PM] GET /admin/orders 
[1/8/2026, 10:35:04 PM] POST /admin/orders/update-status/695f292bdae5bd1656d88715 
[1/8/2026, 10:35:14 PM] POST /admin/orders/update-status/695f242b04216be155f34ab2 
[1/8/2026, 10:35:19 PM] POST /admin/orders/update-payment/695f242b04216be155f34ab2 
[1/8/2026, 10:35:20 PM] GET /admin/orders 
[1/8/2026, 10:36:12 PM] GET /admin/orders 
[1/8/2026, 10:36:19 PM] POST /admin/orders/update-status/695e84f48a9fd3029288acaa 
[1/8/2026, 10:36:26 PM] GET /admin/orders 
[1/8/2026, 10:38:02 PM] GET /admin/orders 
[1/8/2026, 10:38:09 PM] POST /admin/orders/update-status/695e84f48a9fd3029288acaa 
[1/8/2026, 10:38:47 PM] GET / 
[1/8/2026, 10:38:48 PM] GET /favicon.ico 
[1/8/2026, 10:38:49 PM] GET /login 
[1/8/2026, 10:38:54 PM] POST /login 
[1/8/2026, 10:38:54 PM] GET / 
[1/8/2026, 10:38:55 PM] GET /order 
[1/8/2026, 10:40:58 PM] GET /admin/orders 
[1/8/2026, 10:40:58 PM] GET /admin/login 
[1/8/2026, 10:41:02 PM] POST /admin/login 
[1/8/2026, 10:41:02 PM] GET /admin 
[1/8/2026, 10:41:06 PM] GET /admin/orders 
[1/8/2026, 10:41:16 PM] POST /admin/orders/update-status/695e84f48a9fd3029288acaa 
[1/8/2026, 10:41:29 PM] POST /admin/orders/update-status/695e84f48a9fd3029288acaa 
[1/8/2026, 10:41:30 PM] GET /admin/orders 
[1/8/2026, 10:41:37 PM] POST /admin/orders/update-status/695e84f48a9fd3029288acaa 
[1/8/2026, 10:41:43 PM] POST /admin/orders/update-payment/695e84f48a9fd3029288acaa 
[1/8/2026, 10:41:43 PM] GET /admin/orders 
[1/8/2026, 10:51:34 PM] GET / 
[1/8/2026, 10:51:36 PM] GET /login 
[1/8/2026, 10:51:41 PM] POST /login 
[1/8/2026, 10:51:41 PM] GET / 
[1/8/2026, 10:51:43 PM] GET /order 
[1/8/2026, 10:51:46 PM] GET / 
[1/8/2026, 10:51:50 PM] GET /product/695405b206e5d094d3f07e06 
[1/8/2026, 10:51:52 PM] POST /add-to-cart 
[1/8/2026, 10:51:53 PM] GET /cart 
[1/8/2026, 10:51:53 PM] GET /api/ghn/provinces 
[1/8/2026, 10:51:54 PM] GET /api/ghn/districts/202 
[1/8/2026, 10:51:54 PM] GET /api/ghn/wards/1457 
[1/8/2026, 10:51:54 PM] POST /api/calc-shipping 
[1/8/2026, 10:51:56 PM] POST /update-cart 
[1/8/2026, 10:51:56 PM] GET /cart 
[1/8/2026, 10:51:56 PM] GET /api/ghn/provinces 
[1/8/2026, 10:51:56 PM] GET /api/ghn/districts/202 
[1/8/2026, 10:51:57 PM] GET /api/ghn/wards/1457 
[1/8/2026, 10:51:57 PM] POST /api/calc-shipping 
[1/8/2026, 10:51:58 PM] POST /api/calc-shipping 
[1/8/2026, 10:52:00 PM] POST /api/calc-shipping 
[1/8/2026, 10:52:00 PM] POST /api/calc-shipping 
[1/8/2026, 10:52:02 PM] POST /place-order 
[1/8/2026, 10:54:34 PM] POST /place-order 
[1/8/2026, 10:54:38 PM] GET /logout 
[1/8/2026, 10:54:38 PM] GET / 
[1/8/2026, 10:54:41 PM] GET /login 
[1/8/2026, 10:54:45 PM] POST /login 
[1/8/2026, 10:54:46 PM] GET / 
[1/8/2026, 10:54:47 PM] GET /cart 
[1/8/2026, 10:54:48 PM] GET /api/ghn/provinces 
[1/8/2026, 10:54:48 PM] GET /api/ghn/districts/202 
[1/8/2026, 10:54:48 PM] GET /api/ghn/wards/1457 
[1/8/2026, 10:54:48 PM] POST /api/calc-shipping 
[1/8/2026, 10:54:51 PM] POST /api/calc-shipping 
[1/8/2026, 10:54:54 PM] POST /place-order 
[1/8/2026, 10:55:23 PM] GET /order?code=00&id=763f8889c7a74b318a983be2ec4d4b1f&cancel=true&status=CANCELLED&orderCode=887694295 
[1/8/2026, 10:55:23 PM] GET /login 
[1/8/2026, 10:55:24 PM] GET /favicon.ico 
[1/8/2026, 10:55:29 PM] POST /login 
[1/8/2026, 10:55:29 PM] GET / 
[1/8/2026, 10:55:31 PM] GET /order 
[1/8/2026, 10:56:19 PM] GET /logout 
[1/8/2026, 10:56:20 PM] GET / 
[1/8/2026, 10:56:22 PM] GET /login 
[1/8/2026, 10:56:27 PM] POST /login 
[1/8/2026, 10:56:27 PM] GET /admin 
[1/8/2026, 10:56:31 PM] GET /admin/orders 
[1/8/2026, 10:56:50 PM] POST /admin/orders/update-status/695fd34e9ce84b5e249286fe 
[1/8/2026, 10:57:00 PM] POST /admin/orders/update-payment/695fd34e9ce84b5e249286fe 
[1/8/2026, 10:57:00 PM] GET /admin/orders 
[1/8/2026, 10:57:06 PM] POST /admin/orders/update-status/695fd34e9ce84b5e249286fe 
[1/8/2026, 10:57:07 PM] GET /admin/orders 
[1/8/2026, 10:57:12 PM] POST /admin/orders/update-status/695fd34e9ce84b5e249286fe 
[1/8/2026, 10:57:18 PM] POST /admin/orders/update-payment/695fd34e9ce84b5e249286fe 
[1/8/2026, 10:57:19 PM] GET /admin/orders 
[1/8/2026, 10:58:32 PM] POST /admin/orders/update-payment/695d344d083f82f79da5a0be 
[1/8/2026, 10:58:32 PM] GET /admin/login 
[1/8/2026, 10:58:37 PM] POST /admin/login 
[1/8/2026, 10:58:37 PM] GET /admin 
[1/8/2026, 10:58:42 PM] GET /admin/orders 
[1/8/2026, 10:58:47 PM] POST /admin/orders/update-payment/695d344d083f82f79da5a0be 
[1/8/2026, 10:58:48 PM] GET /admin/orders 
[1/8/2026, 10:58:57 PM] POST /admin/orders/update-status/695d344d083f82f79da5a0be 
[1/8/2026, 10:58:57 PM] GET /admin/orders 
[1/8/2026, 10:59:06 PM] POST /admin/orders/update-payment/695d344d083f82f79da5a0be 
[1/8/2026, 10:59:06 PM] GET /admin/orders 
[1/8/2026, 10:59:20 PM] POST /admin/orders/update-payment/695f2856716b47155608bb8b 
[1/8/2026, 10:59:20 PM] GET /admin/orders 
[1/8/2026, 10:59:25 PM] GET /admin/products 
[1/8/2026, 10:59:26 PM] GET /css/admin-style.css 
[1/8/2026, 10:59:29 PM] GET /admin/products/edit-product/6952103878fe8886f673cc37 
[1/8/2026, 10:59:30 PM] GET /css/admin-style.css 
[1/8/2026, 10:59:37 PM] POST /admin/products/edit-product/6952103878fe8886f673cc37 
[1/8/2026, 10:59:39 PM] POST /admin/products/edit-product/6952103878fe8886f673cc37 
[1/8/2026, 10:59:39 PM] POST /admin/products/edit-product/6952103878fe8886f673cc37 
[1/8/2026, 10:59:40 PM] POST /admin/products/edit-product/6952103878fe8886f673cc37 
[1/8/2026, 10:59:41 PM] POST /admin/products/edit-product/6952103878fe8886f673cc37 
[1/8/2026, 10:59:42 PM] POST /admin/products/edit-product/6952103878fe8886f673cc37 
[1/8/2026, 10:59:50 PM] POST /admin/products/edit-product/6952103878fe8886f673cc37 
[1/8/2026, 10:59:56 PM] POST /admin/products/edit-product/6952103878fe8886f673cc37 
[1/8/2026, 11:00:03 PM] GET /admin/products/edit-product/6952103878fe8886f673cc43 
[1/8/2026, 11:00:04 PM] GET /css/admin-style.css 
[1/8/2026, 11:00:11 PM] POST /admin/products/edit-product/6952103878fe8886f673cc43 
[1/8/2026, 11:00:18 PM] GET /admin/products/edit-product/6952103878fe8886f673cc43 
[1/8/2026, 11:00:19 PM] GET /css/admin-style.css 
[1/8/2026, 11:00:35 PM] POST /admin/products/edit-product/6952103878fe8886f673cc43 
[1/8/2026, 11:00:42 PM] GET /admin/products?success=true 
[1/8/2026, 11:00:44 PM] GET /css/admin-style.css 
[1/8/2026, 11:00:48 PM] GET /admin/products/edit-product/6952103878fe8886f673cc43 
[1/8/2026, 11:00:48 PM] GET /css/admin-style.css 
[1/8/2026, 11:00:52 PM] POST /admin/products/toggle-product/6952103878fe8886f673cc43 
[1/8/2026, 11:00:52 PM] GET /admin/products 
[1/8/2026, 11:00:53 PM] GET /css/admin-style.css 
[1/8/2026, 11:00:55 PM] POST /admin/products/toggle-product/6952103878fe8886f673cc43 
[1/8/2026, 11:00:56 PM] GET /admin/products 
[1/8/2026, 11:00:56 PM] GET /css/admin-style.css 
[1/8/2026, 11:00:58 PM] POST /admin/products/toggle-hot/6952103878fe8886f673cc43 
[1/8/2026, 11:00:58 PM] GET /admin/products 
[1/8/2026, 11:00:59 PM] GET /css/admin-style.css 
[1/8/2026, 11:01:01 PM] POST /admin/products/toggle-hot/6952103878fe8886f673cc43 
[1/8/2026, 11:01:01 PM] GET /admin/products 
[1/8/2026, 11:01:02 PM] GET /css/admin-style.css 
[1/8/2026, 11:01:05 PM] GET /admin/orders 
[1/8/2026, 11:01:10 PM] GET /admin/products 
[1/8/2026, 11:01:10 PM] GET /css/admin-style.css 
[1/8/2026, 11:01:12 PM] GET /admin 
[1/8/2026, 11:01:15 PM] GET /admin/orders 
[1/8/2026, 11:21:34 PM] GET /admin/orders 
[1/8/2026, 11:21:34 PM] GET /admin/login 
[1/8/2026, 11:21:43 PM] POST /admin/login 
[1/8/2026, 11:21:44 PM] GET /admin 
[1/8/2026, 11:21:46 PM] GET /admin/orders 
[1/8/2026, 11:21:49 PM] GET /admin/products 
[1/8/2026, 11:21:49 PM] GET /css/admin-style.css 
[1/8/2026, 11:21:57 PM] GET /admin/products/add-product 
[1/8/2026, 11:21:58 PM] GET /css/admin-style.css 
[1/8/2026, 11:22:01 PM] GET /admin/products/add-product 
[1/8/2026, 11:22:01 PM] GET /css/admin-style.css 
[1/8/2026, 11:22:59 PM] GET /admin/products 
[1/8/2026, 11:23:00 PM] GET /admin/login 
[1/8/2026, 11:23:06 PM] POST /admin/login 
[1/8/2026, 11:23:06 PM] GET /admin 
[1/8/2026, 11:23:09 PM] GET /admin/products 
[1/8/2026, 11:23:09 PM] GET /css/admin-style.css 
[1/8/2026, 11:23:40 PM] GET /admin/users 
[1/8/2026, 11:23:44 PM] GET /admin/orders 
[1/8/2026, 11:23:50 PM] GET /admin/users 
[1/8/2026, 11:23:52 PM] GET /admin/products 
[1/8/2026, 11:23:52 PM] GET /css/admin-style.css 
[1/8/2026, 11:27:01 PM] GET /admin/products 
[1/8/2026, 11:27:01 PM] GET /admin/login 
[1/8/2026, 11:27:06 PM] POST /admin/login 
[1/8/2026, 11:27:06 PM] GET /admin 
[1/8/2026, 11:27:11 PM] GET /admin/products 
[1/8/2026, 11:27:12 PM] GET /css/admin-style.css 
[1/8/2026, 11:27:15 PM] GET /admin/products?keyword=&category=vest 
[1/8/2026, 11:27:16 PM] GET /css/admin-style.css 
[1/8/2026, 11:27:21 PM] GET /admin/products?keyword=&category=quan 
[1/8/2026, 11:27:21 PM] GET /css/admin-style.css 
[1/8/2026, 11:27:29 PM] GET /admin/products?keyword=aodai&category= 
[1/8/2026, 11:27:30 PM] GET /css/admin-style.css 
[1/8/2026, 11:37:13 PM] GET /admin/products?keyword=aodai&category= 
[1/8/2026, 11:37:13 PM] GET /admin/login 
[1/8/2026, 11:43:05 PM] POST /admin/login 
[1/8/2026, 11:43:05 PM] GET /admin 
[1/8/2026, 11:43:08 PM] GET /admin/products 
[1/8/2026, 11:43:08 PM] GET /css/admin-style.css 
[1/8/2026, 11:43:16 PM] GET /admin/users 
[1/8/2026, 11:43:18 PM] GET /admin/products 
[1/8/2026, 11:43:18 PM] GET /css/admin-style.css 
[1/8/2026, 11:43:26 PM] GET /admin/products?keyword=aodai&category= 
[1/8/2026, 11:43:26 PM] GET /css/admin-style.css 
[1/8/2026, 11:43:29 PM] GET /admin/products 
[1/8/2026, 11:43:29 PM] GET /css/admin-style.css 
[1/8/2026, 11:43:31 PM] GET /admin/products?keyword=&category= 
[1/8/2026, 11:43:32 PM] GET /css/admin-style.css 
[1/8/2026, 11:43:36 PM] GET /admin/products?keyword=ao&category= 
[1/8/2026, 11:43:37 PM] GET /css/admin-style.css 
[1/8/2026, 11:43:49 PM] GET /admin/products 
[1/8/2026, 11:43:49 PM] GET /css/admin-style.css 
[1/8/2026, 11:43:56 PM] GET /admin/products?keyword=vest+nam&category= 
[1/8/2026, 11:43:56 PM] GET /css/admin-style.css 
[1/8/2026, 11:44:01 PM] GET /admin/products 
[1/8/2026, 11:44:01 PM] GET /css/admin-style.css 
[1/8/2026, 11:44:09 PM] GET /admin/products?keyword=&category=vest 
[1/8/2026, 11:44:09 PM] GET /css/admin-style.css 
[1/8/2026, 11:44:19 PM] GET /admin/products 
[1/8/2026, 11:44:19 PM] GET /css/admin-style.css 
[1/8/2026, 11:44:22 PM] GET /admin/products?keyword=&category=quan 
[1/8/2026, 11:44:23 PM] GET /css/admin-style.css 
[1/8/2026, 11:44:26 PM] GET /admin/products 
[1/8/2026, 11:44:26 PM] GET /css/admin-style.css 
[1/8/2026, 11:44:32 PM] GET /admin/products?keyword=v&category= 
[1/8/2026, 11:44:32 PM] GET /css/admin-style.css 
[1/8/2026, 11:45:25 PM] GET /admin/products?keyword=v&category= 
[1/8/2026, 11:45:26 PM] GET /admin/login 
[1/8/2026, 11:45:30 PM] POST /admin/login 
[1/8/2026, 11:45:31 PM] GET /admin 
[1/8/2026, 11:45:33 PM] GET /admin/products 
[1/8/2026, 11:45:34 PM] GET /css/admin-style.css 
[1/8/2026, 11:45:40 PM] GET /admin/products?keyword=phu+kien&category= 
[1/8/2026, 11:45:41 PM] GET /css/admin-style.css 
[1/8/2026, 11:45:45 PM] GET /admin/products 
[1/8/2026, 11:45:46 PM] GET /css/admin-style.css 
[1/8/2026, 11:45:53 PM] GET /admin/products?keyword=phuk&category= 
[1/8/2026, 11:45:53 PM] GET /css/admin-style.css 
[1/8/2026, 11:45:56 PM] GET /css/admin-style.css 
[1/8/2026, 11:46:01 PM] GET /admin/orders 
[1/8/2026, 11:46:13 PM] GET /admin/users 
[1/8/2026, 11:46:21 PM] GET /admin/orders 
[1/8/2026, 11:46:23 PM] GET /admin/products 
[1/8/2026, 11:46:24 PM] GET /css/admin-style.css 
[1/8/2026, 11:46:37 PM] GET /admin 
[1/8/2026, 11:46:49 PM] GET /logout 
[1/8/2026, 11:46:49 PM] GET / 
[1/8/2026, 11:46:51 PM] GET /login 
[1/8/2026, 11:46:59 PM] POST /login 
[1/8/2026, 11:47:00 PM] GET / 
[1/8/2026, 11:47:02 PM] GET /product/695405b206e5d094d3f07e06 
[1/8/2026, 11:47:03 PM] POST /add-to-cart 
[1/8/2026, 11:47:06 PM] GET /order 
[1/8/2026, 11:47:07 PM] GET /cart 
[1/8/2026, 11:47:08 PM] GET /api/ghn/provinces 
[1/8/2026, 11:47:08 PM] GET /api/ghn/districts/202 
[1/8/2026, 11:47:08 PM] GET /api/ghn/wards/1457 
[1/8/2026, 11:47:08 PM] POST /api/calc-shipping 
[1/8/2026, 11:47:13 PM] POST /api/calc-shipping 
[1/8/2026, 11:47:17 PM] POST /place-order 
[1/8/2026, 11:47:26 PM] GET /order?code=00&id=d6cd10dfa15e4bd49540c1410bb92b4d&cancel=true&status=CANCELLED&orderCode=890837694 
[1/8/2026, 11:47:26 PM] GET /login 
[1/8/2026, 11:47:27 PM] GET /favicon.ico 
[1/8/2026, 11:47:39 PM] POST /login 
[1/8/2026, 11:47:39 PM] GET / 
[1/8/2026, 11:47:41 PM] GET /order 
[1/9/2026, 11:34:48 AM] GET /Quan 
[1/9/2026, 11:34:50 AM] GET /favicon.ico 
[1/9/2026, 11:34:51 AM] GET / 
[1/9/2026, 11:34:53 AM] GET /admin/config 
[1/9/2026, 11:34:53 AM] GET /admin/login 
[1/9/2026, 11:34:58 AM] POST /admin/login 
[1/9/2026, 11:34:58 AM] GET /admin 
[1/9/2026, 11:35:08 AM] GET /admin/orders 
[1/9/2026, 11:35:23 AM] POST /admin/orders/update-payment/695fdf95daf3e333e4b5c860 
[1/9/2026, 11:35:23 AM] GET /admin/orders 
[1/9/2026, 11:35:30 AM] GET /admin/orders 
[1/9/2026, 11:35:46 AM] GET /admin/users 
[1/9/2026, 11:35:49 AM] GET /admin/products 
[1/9/2026, 11:35:49 AM] GET /css/admin-style.css 
[1/9/2026, 11:36:04 AM] GET /admin 
[1/9/2026, 11:43:34 AM] GET / 
[1/9/2026, 11:43:36 AM] GET / 
[1/9/2026, 11:43:37 AM] GET / 
[1/9/2026, 11:50:36 AM] GET / 
[1/9/2026, 11:50:47 AM] GET / 
[1/9/2026, 11:51:22 AM] GET /Vest 
[1/9/2026, 11:51:25 AM] GET / 
[1/9/2026, 11:51:32 AM] GET /Vest 
[1/9/2026, 11:51:37 AM] GET /Aosomi 
[1/9/2026, 11:51:44 AM] GET /Aodai 
[1/9/2026, 11:51:50 AM] GET /order 
[1/9/2026, 11:51:50 AM] GET /login 
[1/9/2026, 11:52:42 AM] GET / 
[1/9/2026, 11:54:22 AM] GET /login 
[1/9/2026, 11:54:26 AM] POST /login 
[1/9/2026, 11:54:27 AM] GET / 
[1/9/2026, 11:54:35 AM] GET /cart 
[1/9/2026, 11:54:35 AM] GET /api/ghn/provinces 
[1/9/2026, 11:54:35 AM] GET /api/ghn/districts/202 
[1/9/2026, 11:54:36 AM] GET /api/ghn/wards/1457 
[1/9/2026, 11:54:36 AM] POST /api/calc-shipping 
[1/9/2026, 11:54:41 AM] GET / 
[1/9/2026, 11:59:11 AM] GET / 
[1/9/2026, 11:59:20 AM] GET /order 
[1/9/2026, 11:59:20 AM] GET /login 
[1/9/2026, 11:59:23 AM] GET /login.html 
[1/9/2026, 11:59:54 AM] GET /product/6952103878fe8886f673cc43 
[1/9/2026, 12:00:11 PM] GET / 
[1/9/2026, 12:00:13 PM] GET /admin/edit-product/6952a0d353541cde43388467 
[1/9/2026, 12:00:13 PM] GET /admin/login 
[1/9/2026, 12:00:14 PM] GET /favicon.ico 
[1/9/2026, 12:00:17 PM] GET / 
[1/9/2026, 12:00:44 PM] GET /login 
[1/9/2026, 12:00:49 PM] POST /login 
[1/9/2026, 12:00:49 PM] GET / 
[1/9/2026, 12:00:51 PM] GET /order 
[1/9/2026, 12:00:56 PM] GET /cart 
[1/9/2026, 12:00:57 PM] GET /api/ghn/provinces 
[1/9/2026, 12:00:57 PM] GET /api/ghn/districts/202 
[1/9/2026, 12:00:57 PM] GET /api/ghn/wards/1457 
[1/9/2026, 12:00:57 PM] POST /api/calc-shipping 
[1/9/2026, 12:08:40 PM] GET /admin/config 
[1/9/2026, 12:08:40 PM] GET /admin/login 
[1/9/2026, 12:08:48 PM] POST /admin/login 
[1/9/2026, 12:08:48 PM] GET /admin 
[1/9/2026, 12:08:51 PM] GET /admin/homepage 
[1/9/2026, 12:10:45 PM] GET /admin/homepage 
[1/9/2026, 12:10:45 PM] GET /admin/login 
[1/9/2026, 12:10:49 PM] POST /admin/login 
[1/9/2026, 12:11:07 PM] POST /admin/login 
[1/9/2026, 12:11:14 PM] GET /admin/login 
[1/9/2026, 12:11:19 PM] POST /admin/login 
[1/9/2026, 12:12:07 PM] POST /admin/login 
[1/9/2026, 12:13:29 PM] POST /admin/login 
[1/9/2026, 12:13:35 PM] POST /admin/login 
[1/9/2026, 12:13:35 PM] GET /admin 
[1/9/2026, 12:13:38 PM] GET /admin/homepage 
[1/9/2026, 12:14:01 PM] POST /admin/homepage 
[1/9/2026, 12:14:01 PM] GET /admin/homepage?success=true 
[1/9/2026, 12:14:10 PM] POST /admin/homepage 
[1/9/2026, 12:14:11 PM] GET /admin/homepage?success=true 
[1/9/2026, 12:14:15 PM] GET /Quan 
[1/9/2026, 12:14:17 PM] GET / 
[1/9/2026, 12:14:36 PM] GET / 
[1/9/2026, 12:14:43 PM] GET / 
[1/9/2026, 12:14:52 PM] GET / 
[1/9/2026, 12:15:15 PM] GET / 
[1/9/2026, 12:15:15 PM] GET / 
[1/9/2026, 12:15:23 PM] GET / 
[1/9/2026, 12:15:35 PM] GET / 
[1/9/2026, 12:15:41 PM] GET / 
[1/9/2026, 12:15:54 PM] GET / 
[1/9/2026, 12:15:57 PM] GET / 
[1/9/2026, 12:16:03 PM] GET / 
[1/9/2026, 12:16:07 PM] GET /login 
[1/9/2026, 12:16:08 PM] GET /favicon.ico 
[1/9/2026, 12:16:09 PM] GET / 
[1/9/2026, 12:16:54 PM] GET / 
[1/9/2026, 12:16:56 PM] GET / 
[1/9/2026, 12:17:17 PM] GET / 
[1/9/2026, 12:19:31 PM] GET / 
[1/9/2026, 12:20:07 PM] GET / 
[1/9/2026, 12:21:36 PM] GET / 
[1/9/2026, 12:24:44 PM] GET / 
[1/9/2026, 12:25:36 PM] GET / 
[1/9/2026, 12:26:05 PM] GET / 
[1/9/2026, 12:26:16 PM] GET / 
[1/9/2026, 12:29:01 PM] GET / 
[1/9/2026, 12:29:21 PM] GET / 
[1/9/2026, 12:30:39 PM] GET /admin/config 
[1/9/2026, 12:30:39 PM] GET /admin/login 
[1/9/2026, 12:30:45 PM] POST /admin/login 
[1/9/2026, 12:30:45 PM] GET /admin 
[1/9/2026, 12:30:49 PM] GET /admin/homepage 
[1/9/2026, 12:31:00 PM] GET /Quan 
[1/9/2026, 12:31:02 PM] GET / 
[1/9/2026, 12:34:16 PM] POST /admin/homepage 
[1/9/2026, 12:34:16 PM] GET /admin/homepage?success=true 
[1/9/2026, 12:34:20 PM] GET / 
[1/9/2026, 12:34:56 PM] POST /admin/homepage 
[1/9/2026, 12:34:56 PM] GET /admin/homepage?success=true 
[1/9/2026, 12:34:59 PM] GET / 
[1/9/2026, 12:36:39 PM] GET /admin/homepage?success=true 
[1/9/2026, 12:36:39 PM] GET /admin/login 
[1/9/2026, 12:36:43 PM] POST /admin/login 
[1/9/2026, 12:36:43 PM] GET /admin 
[1/9/2026, 12:36:46 PM] GET /admin/homepage 
[1/9/2026, 12:37:14 PM] POST /admin/homepage 
[1/9/2026, 12:37:14 PM] GET /admin/homepage?success=true 
[1/9/2026, 12:37:17 PM] GET / 
[1/9/2026, 12:37:20 PM] GET / 
[1/9/2026, 12:39:39 PM] POST /admin/homepage 
[1/9/2026, 12:39:40 PM] GET /admin/homepage?success=true 
[1/9/2026, 12:39:43 PM] GET / 
[1/9/2026, 12:40:21 PM] POST /admin/homepage 
[1/9/2026, 12:40:21 PM] GET /admin/homepage?success=true 
[1/9/2026, 12:40:27 PM] GET / 
[1/9/2026, 12:40:31 PM] GET / 
[1/9/2026, 12:41:47 PM] POST /admin/homepage 
[1/9/2026, 12:41:48 PM] GET /admin/homepage?success=true 
[1/9/2026, 12:47:35 PM] GET /admin/homepage?success=true 
[1/9/2026, 12:47:35 PM] GET /admin/login 
[1/9/2026, 12:47:40 PM] POST /admin/login 
[1/9/2026, 12:47:40 PM] GET /admin 
[1/9/2026, 12:47:43 PM] GET /admin/homepage 
[1/9/2026, 12:48:03 PM] POST /admin/homepage 
[1/9/2026, 12:48:06 PM] GET /admin/homepage?success=true 
[1/9/2026, 12:48:11 PM] GET / 
[1/9/2026, 12:48:30 PM] POST /admin/homepage 
[1/9/2026, 12:48:32 PM] GET /admin/homepage?success=true 
[1/9/2026, 12:48:36 PM] GET / 
[1/9/2026, 12:48:37 PM] GET / 
[1/9/2026, 12:48:38 PM] GET / 
[1/9/2026, 12:51:50 PM] GET / 
[1/9/2026, 12:52:38 PM] POST /admin/homepage 
[1/9/2026, 12:52:38 PM] GET /admin/login 
[1/9/2026, 12:52:44 PM] POST /admin/login 
[1/9/2026, 12:52:44 PM] GET /admin 
[1/9/2026, 12:52:47 PM] GET /admin/homepage 
[1/9/2026, 12:52:55 PM] POST /admin/homepage 
[1/9/2026, 12:52:57 PM] GET /admin/homepage?success=true 
[1/9/2026, 12:53:01 PM] GET / 
[1/9/2026, 12:54:29 PM] GET / 
[1/9/2026, 12:56:21 PM] GET / 
[1/9/2026, 12:57:11 PM] GET /Phukien 
[1/9/2026, 12:57:14 PM] GET /Phukien 
[1/9/2026, 12:57:51 PM] GET / 
[1/9/2026, 12:57:53 PM] GET /login 
[1/9/2026, 12:57:59 PM] POST /login 
[1/9/2026, 12:58:00 PM] GET / 
[1/9/2026, 12:58:51 PM] GET / 
[1/9/2026, 12:59:43 PM] GET / 
[1/9/2026, 1:00:23 PM] GET / 
[1/9/2026, 1:00:29 PM] GET /login 
[1/9/2026, 1:00:35 PM] POST /login 
[1/9/2026, 1:00:41 PM] POST /login 
[1/9/2026, 1:00:41 PM] GET / 
[1/9/2026, 1:00:55 PM] GET / 
[1/9/2026, 1:00:59 PM] GET /login 
[1/9/2026, 1:01:05 PM] POST /login 
[1/9/2026, 1:01:10 PM] POST /login 
[1/9/2026, 1:01:10 PM] GET / 
[1/9/2026, 1:04:35 PM] GET / 
[1/9/2026, 1:04:37 PM] GET /Vest 
[1/9/2026, 1:04:59 PM] GET /product/6953fac86bc413cd3c99a6e5 
[1/9/2026, 1:05:04 PM] POST /add-to-cart 
[1/9/2026, 1:05:06 PM] GET / 
[1/9/2026, 1:07:19 PM] GET / 
[1/9/2026, 1:07:25 PM] GET /Aodai 
[1/9/2026, 1:07:55 PM] GET / 
[1/9/2026, 1:07:57 PM] GET /Aodai 
[1/9/2026, 1:07:59 PM] GET /product/6952103878fe8886f673cc3f 
[1/9/2026, 1:09:14 PM] GET / 
[1/9/2026, 1:10:27 PM] GET / 
[1/9/2026, 1:10:30 PM] GET / 
[1/9/2026, 1:10:34 PM] GET /Aodai 
[1/9/2026, 1:10:37 PM] GET / 
[1/9/2026, 1:10:39 PM] GET /Aodai 
[1/9/2026, 1:11:31 PM] GET /Aodai 
[1/9/2026, 1:11:32 PM] GET /Aodai 
[1/9/2026, 1:11:34 PM] GET / 
[1/9/2026, 1:11:36 PM] GET /Aodai 
[1/9/2026, 1:11:50 PM] GET / 
[1/9/2026, 1:11:58 PM] GET /Aodai 
[1/9/2026, 1:12:49 PM] GET / 
[1/9/2026, 1:17:00 PM] GET / 
[1/9/2026, 1:17:03 PM] GET /Aodai 
[1/9/2026, 1:17:07 PM] GET /Aodai 
[1/9/2026, 1:17:54 PM] GET /Aodai 
[1/9/2026, 1:18:32 PM] GET /Aodai 
[1/9/2026, 1:18:52 PM] GET /Aodai 
[1/9/2026, 1:18:53 PM] GET /Aodai 
[1/9/2026, 1:18:59 PM] GET / 
[1/9/2026, 1:19:05 PM] GET /Aodai 
[1/9/2026, 1:19:44 PM] GET /Aodai 
[1/9/2026, 1:20:03 PM] GET /Aodai 
[1/9/2026, 1:20:27 PM] GET /Aodai 
[1/9/2026, 1:21:27 PM] GET / 
[1/9/2026, 1:21:52 PM] GET / 
[1/9/2026, 1:22:11 PM] GET / 
[1/9/2026, 1:22:29 PM] GET / 
[1/9/2026, 1:22:34 PM] GET /Aodai 
[1/9/2026, 1:22:36 PM] GET / 
[1/9/2026, 1:22:57 PM] GET / 
[1/9/2026, 1:23:04 PM] GET /Aodai 
[1/9/2026, 1:23:06 PM] GET / 
[1/9/2026, 1:23:09 PM] GET /Aodai 
[1/9/2026, 1:23:12 PM] GET / 
[1/9/2026, 1:23:14 PM] GET /Aodai 
[1/9/2026, 1:23:23 PM] GET / 
[1/9/2026, 1:23:26 PM] GET /Aodai 
[1/9/2026, 1:23:28 PM] GET / 
[1/9/2026, 1:23:30 PM] GET /Aodai 
[1/9/2026, 1:23:32 PM] GET / 
[1/9/2026, 1:23:34 PM] GET /Aodai 
[1/9/2026, 1:24:44 PM] GET /Aodai 
[1/9/2026, 1:24:46 PM] GET / 
[1/9/2026, 1:24:48 PM] GET /Vest 
[1/9/2026, 1:24:58 PM] GET /Quan 
[1/9/2026, 1:25:10 PM] GET /Aosomi 
[1/9/2026, 1:25:11 PM] GET /Aodai 
[1/9/2026, 1:25:12 PM] GET /Phukien 
[1/9/2026, 1:25:13 PM] GET / 
[1/9/2026, 1:25:15 PM] GET /Aodai 
[1/9/2026, 1:25:17 PM] GET / 
[1/9/2026, 1:25:19 PM] GET /Vest 
[1/9/2026, 1:25:21 PM] GET / 
[1/9/2026, 1:25:23 PM] GET /Vest 
[1/9/2026, 1:25:41 PM] GET / 
[1/9/2026, 1:25:43 PM] GET /Vest 
[1/9/2026, 1:25:44 PM] GET / 
[1/9/2026, 1:25:46 PM] GET /Vest 
[1/9/2026, 1:26:12 PM] GET /Phukien 
[1/9/2026, 1:26:14 PM] GET / 
[1/9/2026, 1:26:15 PM] GET /Vest 
[1/9/2026, 1:26:17 PM] GET /product/6952103878fe8886f673cc07 
[1/9/2026, 1:26:23 PM] GET / 
[1/9/2026, 1:26:30 PM] GET /Aodai 
[1/9/2026, 1:26:48 PM] GET /Vest 
[1/9/2026, 1:27:37 PM] GET /login 
[1/9/2026, 1:27:44 PM] POST /login 
[1/9/2026, 1:27:44 PM] GET / 
[1/9/2026, 1:27:47 PM] GET /Aodai 
[1/9/2026, 1:27:50 PM] GET / 
[1/9/2026, 1:27:51 PM] GET /Aosomi 
[1/9/2026, 1:27:54 PM] GET / 
[1/9/2026, 1:27:56 PM] GET /Quan 
[1/9/2026, 1:27:58 PM] GET /Aodai 
[1/9/2026, 1:27:58 PM] GET /Phukien 
[1/9/2026, 1:28:03 PM] GET / 
[1/9/2026, 1:28:08 PM] GET / 
[1/9/2026, 1:28:27 PM] GET /Vest 
[1/9/2026, 1:30:18 PM] GET / 
[1/9/2026, 1:30:22 PM] GET /Vest 
[1/9/2026, 1:30:24 PM] GET / 
[1/9/2026, 1:33:02 PM] GET /login 
[1/9/2026, 1:33:08 PM] POST /login 
[1/9/2026, 1:33:09 PM] GET / 
[1/9/2026, 1:33:13 PM] GET /Vest 
[1/9/2026, 1:33:15 PM] GET / 
[1/9/2026, 1:33:17 PM] GET /Quan 
[1/9/2026, 1:33:26 PM] GET /Phukien 
[1/9/2026, 1:33:29 PM] GET / 
[1/9/2026, 1:33:32 PM] GET /Vest 
[1/9/2026, 1:33:33 PM] GET /Quan 
[1/9/2026, 1:33:35 PM] GET /Aosomi 
[1/9/2026, 1:33:36 PM] GET / 
[1/9/2026, 1:34:14 PM] GET / 
[1/9/2026, 1:34:16 PM] GET /login 
[1/9/2026, 1:34:20 PM] POST /login 
[1/9/2026, 1:34:21 PM] GET / 
[1/9/2026, 1:34:56 PM] GET / 
[1/9/2026, 1:34:59 PM] GET /login 
[1/9/2026, 1:35:04 PM] POST /login 
[1/9/2026, 1:35:04 PM] GET / 
[1/9/2026, 1:35:07 PM] GET /Vest 
[1/9/2026, 1:35:08 PM] GET /Aodai 
[1/9/2026, 2:11:02 PM] GET / 
[1/9/2026, 2:11:04 PM] GET /login 
[1/9/2026, 2:11:09 PM] POST /login 
[1/9/2026, 2:11:10 PM] GET / 
[1/9/2026, 2:11:13 PM] GET /cart 
[1/9/2026, 2:11:13 PM] GET /api/ghn/provinces 
[1/9/2026, 2:11:14 PM] GET /api/ghn/districts/202 
[1/9/2026, 2:11:14 PM] GET /api/ghn/wards/1457 
[1/9/2026, 2:11:15 PM] POST /api/calc-shipping 
[1/9/2026, 2:11:28 PM] POST /update-cart 
[1/9/2026, 2:11:28 PM] GET /cart 
[1/9/2026, 2:11:29 PM] GET /api/ghn/provinces 
[1/9/2026, 2:11:29 PM] GET /api/ghn/districts/202 
[1/9/2026, 2:11:29 PM] GET /api/ghn/wards/1457 
[1/9/2026, 2:11:29 PM] POST /api/calc-shipping 
[1/9/2026, 2:11:30 PM] POST /update-cart 
[1/9/2026, 2:11:31 PM] GET /cart 
[1/9/2026, 2:11:31 PM] GET /api/ghn/provinces 
[1/9/2026, 2:11:31 PM] GET /api/ghn/districts/202 
[1/9/2026, 2:11:32 PM] GET /api/ghn/wards/1457 
[1/9/2026, 2:11:32 PM] POST /api/calc-shipping 
[1/9/2026, 2:11:34 PM] POST /api/calc-shipping 
[1/9/2026, 2:11:36 PM] POST /api/calc-shipping 
[1/9/2026, 2:11:36 PM] POST /api/calc-shipping 
[1/9/2026, 2:11:40 PM] POST /place-order 
[1/9/2026, 2:11:46 PM] GET /order?code=00&id=d2c70239b354456dae97f5dd0556cec2&cancel=true&status=CANCELLED&orderCode=942700937 
[1/9/2026, 2:11:46 PM] GET /login 
[1/9/2026, 2:11:48 PM] GET /favicon.ico 
[1/9/2026, 2:11:51 PM] GET /api/ghn/wards/1457 
[1/9/2026, 2:11:52 PM] POST /api/calc-shipping 
[1/9/2026, 2:11:55 PM] GET /order 
[1/9/2026, 2:12:00 PM] GET /cart 
[1/9/2026, 2:12:00 PM] GET /api/ghn/provinces 
[1/9/2026, 2:12:00 PM] GET /api/ghn/districts/202 
[1/9/2026, 2:12:00 PM] GET /api/ghn/wards/1457 
[1/9/2026, 2:12:01 PM] POST /api/calc-shipping 
[1/9/2026, 2:13:16 PM] GET /cart 
[1/9/2026, 2:13:16 PM] GET /login 
[1/9/2026, 2:13:18 PM] GET /login 
[1/9/2026, 2:13:24 PM] POST /login 
[1/9/2026, 2:13:24 PM] GET / 
[1/9/2026, 2:13:32 PM] GET /Vest 
[1/9/2026, 2:13:34 PM] GET / 
[1/9/2026, 2:13:35 PM] GET /Vest 
[1/9/2026, 2:13:40 PM] GET /Quan 
[1/9/2026, 2:13:51 PM] GET /Aosomi 
[1/9/2026, 2:13:52 PM] GET /Aodai 
[1/9/2026, 2:13:53 PM] GET /Phukien 
[1/9/2026, 2:13:56 PM] GET /Aosomi 
[1/9/2026, 2:13:59 PM] GET /Quan 
[1/9/2026, 2:14:00 PM] GET /Aosomi 
[1/9/2026, 2:14:04 PM] GET /Quan 
[1/9/2026, 2:14:06 PM] GET /cart 
[1/9/2026, 2:14:07 PM] GET /api/ghn/provinces 
[1/9/2026, 2:14:07 PM] GET /api/ghn/districts/202 
[1/9/2026, 2:14:07 PM] GET /api/ghn/wards/1457 
[1/9/2026, 2:14:07 PM] POST /api/calc-shipping 
[1/9/2026, 2:14:14 PM] GET / 
[1/9/2026, 2:14:27 PM] GET /Vest 
[1/9/2026, 2:14:30 PM] GET / 
[1/9/2026, 2:14:32 PM] GET /login 
[1/9/2026, 2:14:37 PM] POST /login 
[1/9/2026, 2:14:37 PM] GET / 
[1/9/2026, 2:14:38 PM] GET /cart 
[1/9/2026, 2:14:39 PM] GET /api/ghn/provinces 
[1/9/2026, 2:14:39 PM] GET /api/ghn/districts/202 
[1/9/2026, 2:14:39 PM] GET /api/ghn/wards/1457 
[1/9/2026, 2:14:39 PM] POST /api/calc-shipping 
[1/9/2026, 2:14:42 PM] GET / 
[1/9/2026, 2:14:44 PM] GET /Aosomi 
[1/9/2026, 2:14:46 PM] GET /Phukien 
[1/9/2026, 2:14:56 PM] GET / 
[1/9/2026, 2:18:25 PM] GET /cart 
[1/9/2026, 2:18:25 PM] GET /api/ghn/provinces 
[1/9/2026, 2:18:26 PM] GET /api/ghn/districts/202 
[1/9/2026, 2:18:26 PM] GET /api/ghn/wards/1457 
[1/9/2026, 2:18:26 PM] POST /api/calc-shipping 
[1/9/2026, 2:18:30 PM] GET /Phukien 
[1/9/2026, 2:18:32 PM] GET /cart 
[1/9/2026, 2:18:32 PM] GET /api/ghn/provinces 
[1/9/2026, 2:18:32 PM] GET /api/ghn/districts/202 
[1/9/2026, 2:18:32 PM] GET /api/ghn/wards/1457 
[1/9/2026, 2:18:33 PM] POST /api/calc-shipping 
[1/9/2026, 2:18:44 PM] GET / 
[1/9/2026, 2:20:36 PM] GET / 
[1/9/2026, 2:20:40 PM] GET /login 
[1/9/2026, 2:24:14 PM] GET /login 
[1/9/2026, 2:24:17 PM] GET / 
[1/9/2026, 2:24:18 PM] GET /login 
[1/9/2026, 2:24:20 PM] GET /Doimatkhau 
[1/9/2026, 2:24:46 PM] POST /get-otp 
[1/9/2026, 2:24:51 PM] GET /Doimatkhau 
[1/9/2026, 2:24:58 PM] GET /order 
[1/9/2026, 2:24:58 PM] GET /login 
[1/9/2026, 2:25:00 PM] GET /Doimatkhau 
[1/9/2026, 2:25:30 PM] GET /Doimatkhau 
[1/9/2026, 2:25:47 PM] GET /Doimatkhau 
[1/9/2026, 2:26:27 PM] GET /Doimatkhau 
[1/9/2026, 2:28:41 PM] GET /login 
[1/9/2026, 2:28:56 PM] POST /login 
[1/9/2026, 2:29:02 PM] POST /login 
[1/9/2026, 2:29:09 PM] POST /login 
[1/9/2026, 2:29:09 PM] GET / 
[1/9/2026, 2:29:19 PM] GET /logout 
[1/9/2026, 2:29:19 PM] GET / 
[1/9/2026, 2:29:22 PM] GET /register 
[1/9/2026, 2:29:26 PM] GET /login 
[1/9/2026, 2:29:28 PM] GET /register 
[1/9/2026, 2:29:31 PM] GET /order 
[1/9/2026, 2:29:31 PM] GET /login 
[1/9/2026, 2:29:34 PM] GET /register 
[1/9/2026, 2:31:52 PM] GET /register 
[1/9/2026, 2:31:54 PM] GET /login 
[1/9/2026, 2:32:14 PM] GET /register 
[1/9/2026, 2:32:16 PM] GET /login 
[1/9/2026, 2:32:22 PM] POST /login 
[1/9/2026, 2:32:22 PM] GET / 
[1/9/2026, 2:32:25 PM] GET /order 
[1/9/2026, 2:33:15 PM] GET /order 
[1/9/2026, 2:33:15 PM] GET /login 
[1/9/2026, 2:33:36 PM] GET /login 
[1/9/2026, 2:33:39 PM] GET / 
[1/9/2026, 2:33:42 PM] GET /Quan 
[1/9/2026, 2:33:43 PM] GET /Aodai 
[1/9/2026, 2:33:45 PM] GET /Phukien 
[1/9/2026, 2:33:46 PM] GET /login 
[1/9/2026, 2:33:48 PM] GET /register 
[1/9/2026, 2:33:49 PM] GET /login 
[1/9/2026, 2:33:51 PM] GET /Doimatkhau 
[1/9/2026, 2:33:53 PM] GET /login 
[1/9/2026, 2:33:55 PM] GET /Doimatkhau 
[1/9/2026, 2:34:00 PM] GET /login 
[1/9/2026, 2:34:02 PM] GET /register 
[1/9/2026, 2:34:05 PM] GET /Doimatkhau 
[1/9/2026, 2:34:10 PM] GET / 
[1/9/2026, 2:34:12 PM] GET /Aosomi 
[1/9/2026, 2:34:14 PM] GET /login 
[1/9/2026, 2:34:16 PM] GET /Doimatkhau 
[1/9/2026, 2:34:44 PM] GET /Doimatkhau 
[1/9/2026, 2:34:46 PM] GET /login 
[1/9/2026, 2:34:48 PM] GET /Doimatkhau 
[1/9/2026, 2:34:58 PM] GET /Doimatkhau 
[1/9/2026, 2:35:02 PM] GET / 
[1/9/2026, 2:35:06 PM] GET /login 
[1/9/2026, 2:35:08 PM] GET /Doimatkhau 
[1/9/2026, 2:35:33 PM] GET /Doimatkhau 
[1/9/2026, 2:35:48 PM] GET /Doimatkhau 
[1/9/2026, 2:35:54 PM] GET / 
[1/9/2026, 2:35:56 PM] GET /login 
[1/9/2026, 2:36:00 PM] GET /register 
[1/9/2026, 2:36:03 PM] GET /Doimatkhau 
[1/9/2026, 2:36:20 PM] GET /Doimatkhau 
[1/9/2026, 2:36:28 PM] GET / 
[1/9/2026, 2:36:32 PM] GET /Vest 
[1/9/2026, 2:36:36 PM] GET /login 
[1/9/2026, 2:36:39 PM] GET /Doimatkhau 
[1/9/2026, 2:36:42 PM] GET /login 
[1/9/2026, 2:36:43 PM] GET /Doimatkhau 
[1/9/2026, 2:36:58 PM] GET /Doimatkhau 
[1/9/2026, 2:37:03 PM] GET / 
[1/9/2026, 2:37:05 PM] GET /Aosomi 
[1/9/2026, 2:37:07 PM] GET /login 
[1/9/2026, 2:37:10 PM] GET /Doimatkhau 
[1/9/2026, 2:37:11 PM] GET / 
[1/9/2026, 2:37:13 PM] GET /Aodai 
[1/9/2026, 2:37:14 PM] GET /login 
[1/9/2026, 2:37:17 PM] GET / 
[1/9/2026, 2:37:18 PM] GET /Aosomi 
[1/9/2026, 2:37:20 PM] GET / 
[1/9/2026, 2:37:48 PM] GET /login 
[1/9/2026, 2:37:53 PM] POST /login 
[1/9/2026, 2:37:53 PM] GET / 
[1/9/2026, 2:37:56 PM] GET /order 
[1/9/2026, 2:38:32 PM] GET / 
[1/9/2026, 2:38:34 PM] GET /Vest 
[1/9/2026, 2:38:36 PM] GET /Aosomi 
[1/9/2026, 2:38:38 PM] GET / 
[1/9/2026, 2:38:41 PM] GET /Phukien 
[1/9/2026, 2:38:46 PM] GET / 
[1/9/2026, 2:38:51 PM] GET /Vest 
[1/9/2026, 2:38:53 PM] GET /Quan 
[1/9/2026, 2:38:55 PM] GET / 
[1/9/2026, 2:38:57 PM] GET /Quan 
[1/9/2026, 2:38:59 PM] GET / 
[1/9/2026, 2:39:10 PM] GET /Vest 
[1/9/2026, 2:39:12 PM] GET /Quan 
[1/9/2026, 2:39:13 PM] GET /Aosomi 
[1/9/2026, 2:39:15 PM] GET /Aodai 
[1/9/2026, 2:39:16 PM] GET /Phukien 
[1/9/2026, 2:39:18 PM] GET / 
[1/9/2026, 2:39:20 PM] GET /Phukien 
[1/9/2026, 2:39:22 PM] GET / 
[1/9/2026, 2:39:53 PM] GET / 
[1/9/2026, 2:39:59 PM] GET /login 
[1/9/2026, 2:40:06 PM] POST /login 
[1/9/2026, 2:40:11 PM] POST /login 
[1/9/2026, 2:40:11 PM] GET / 
[1/9/2026, 2:40:15 PM] GET /order 
[1/9/2026, 2:41:44 PM] GET /order 
[1/9/2026, 2:41:45 PM] GET /login 
[1/9/2026, 2:41:50 PM] POST /login 
[1/9/2026, 2:41:50 PM] GET / 
[1/9/2026, 2:41:54 PM] GET /order 
[1/9/2026, 2:44:30 PM] GET /order 
[1/9/2026, 2:44:30 PM] GET /login 
[1/9/2026, 2:44:36 PM] POST /login 
[1/9/2026, 2:44:36 PM] GET / 
[1/9/2026, 2:44:39 PM] GET /order 
[1/9/2026, 2:45:05 PM] GET /order 
[1/9/2026, 2:45:05 PM] GET /login 
[1/9/2026, 2:45:14 PM] POST /login 
[1/9/2026, 2:45:15 PM] GET / 
[1/9/2026, 2:45:18 PM] GET /order 
[1/9/2026, 2:45:20 PM] GET /order 
[1/9/2026, 2:45:25 PM] GET /cart 
[1/9/2026, 2:45:25 PM] GET /api/ghn/provinces 
[1/9/2026, 2:45:25 PM] GET /api/ghn/districts/202 
[1/9/2026, 2:45:26 PM] GET /api/ghn/wards/1457 
[1/9/2026, 2:45:26 PM] POST /api/calc-shipping 
[1/9/2026, 2:47:27 PM] GET /order 
[1/9/2026, 2:47:28 PM] GET /login 
[1/9/2026, 2:47:33 PM] POST /login 
[1/9/2026, 2:47:33 PM] GET / 
[1/9/2026, 2:47:37 PM] GET /order 
[1/9/2026, 2:47:49 PM] GET / 
[1/9/2026, 2:48:21 PM] GET / 
[1/9/2026, 2:48:23 PM] GET /login 
[1/9/2026, 2:48:28 PM] POST /login 
[1/9/2026, 2:48:28 PM] GET / 
[1/9/2026, 2:50:50 PM] GET / 
[1/9/2026, 2:50:52 PM] GET /login 
[1/9/2026, 2:51:46 PM] GET /login 
[1/9/2026, 2:51:50 PM] POST /login 
[1/9/2026, 2:51:51 PM] GET / 
[1/9/2026, 2:52:41 PM] GET / 
[1/9/2026, 2:52:43 PM] GET /login 
[1/9/2026, 2:52:48 PM] POST /login 
[1/9/2026, 2:52:48 PM] GET / 
[1/9/2026, 2:52:51 PM] GET /Aodai 
[1/9/2026, 2:52:53 PM] GET / 
[1/9/2026, 2:52:55 PM] GET /Aodai 
[1/9/2026, 2:52:57 PM] GET / 
[1/9/2026, 2:52:59 PM] GET /Vest 
[1/9/2026, 2:53:00 PM] GET /Quan 
[1/9/2026, 2:53:01 PM] GET /Aodai 
[1/9/2026, 2:53:04 PM] GET / 
[1/9/2026, 2:56:17 PM] GET / 
[1/9/2026, 2:56:19 PM] GET /login 
[1/9/2026, 2:56:26 PM] POST /login 
[1/9/2026, 2:56:26 PM] GET / 
[1/9/2026, 2:56:28 PM] GET /order 
[1/9/2026, 2:56:39 PM] GET / 
[1/9/2026, 2:56:44 PM] GET /order 
[1/9/2026, 2:56:52 PM] GET / 
[1/9/2026, 2:56:56 PM] GET /order 
[1/9/2026, 2:57:00 PM] GET / 
[1/9/2026, 2:57:02 PM] GET /Quan 
[1/9/2026, 2:57:04 PM] GET /order 
[1/9/2026, 2:57:31 PM] GET /order 
[1/9/2026, 2:57:31 PM] GET /login 
[1/9/2026, 2:57:36 PM] POST /login 
[1/9/2026, 2:57:37 PM] GET / 
[1/9/2026, 2:57:39 PM] GET /order 
[1/9/2026, 2:57:45 PM] GET / 
[1/9/2026, 2:57:48 PM] GET /Vest 
[1/9/2026, 2:57:53 PM] GET /Quan 
[1/9/2026, 2:57:54 PM] GET /Aosomi 
[1/9/2026, 2:57:56 PM] GET /Aodai 
[1/9/2026, 2:57:58 PM] GET /Phukien 
[1/9/2026, 2:57:59 PM] GET /Aodai 
[1/9/2026, 2:58:00 PM] GET /Aosomi 
[1/9/2026, 2:58:03 PM] GET /Aodai 
[1/9/2026, 2:58:04 PM] GET /Aosomi 
[1/9/2026, 2:58:05 PM] GET / 
[1/9/2026, 2:58:08 PM] GET /Aosomi 
[1/9/2026, 2:58:19 PM] GET /Phukien 
[1/9/2026, 2:58:29 PM] GET /order 
[1/9/2026, 3:01:38 PM] GET /order 
[1/9/2026, 3:01:38 PM] GET /login 
[1/9/2026, 3:01:43 PM] POST /login 
[1/9/2026, 3:01:44 PM] GET / 
[1/9/2026, 3:01:47 PM] GET /Aosomi 
[1/9/2026, 3:01:49 PM] GET /Aodai 
[1/9/2026, 3:01:51 PM] GET /order 
[1/9/2026, 3:01:53 PM] GET /cart 
[1/9/2026, 3:01:53 PM] GET /api/ghn/provinces 
[1/9/2026, 3:01:53 PM] GET /api/ghn/districts/202 
[1/9/2026, 3:01:54 PM] GET /api/ghn/wards/1457 
[1/9/2026, 3:01:54 PM] POST /api/calc-shipping 
[1/9/2026, 3:01:57 PM] POST /api/calc-shipping 
[1/9/2026, 3:02:03 PM] POST /api/calc-shipping 
[1/9/2026, 3:02:03 PM] POST /api/calc-shipping 
[1/9/2026, 3:02:04 PM] POST /api/calc-shipping 
[1/9/2026, 3:02:04 PM] POST /api/calc-shipping 
[1/9/2026, 3:02:18 PM] POST /save-profile 
[1/9/2026, 3:02:28 PM] GET / 
[1/9/2026, 3:02:33 PM] GET /cart 
[1/9/2026, 3:02:33 PM] GET /api/ghn/provinces 
[1/9/2026, 3:02:34 PM] GET /api/ghn/districts/202 
[1/9/2026, 3:02:34 PM] GET /api/ghn/wards/1457 
[1/9/2026, 3:02:34 PM] POST /api/calc-shipping 
[1/9/2026, 3:02:36 PM] GET / 
[1/9/2026, 3:02:39 PM] GET /order 
[1/9/2026, 3:02:41 PM] GET /cart 
[1/9/2026, 3:02:41 PM] GET /api/ghn/provinces 
[1/9/2026, 3:02:41 PM] GET /api/ghn/districts/202 
[1/9/2026, 3:02:41 PM] GET /api/ghn/wards/1457 
[1/9/2026, 3:02:42 PM] POST /api/calc-shipping 
[1/9/2026, 3:02:42 PM] GET /order 
[1/9/2026, 3:02:44 PM] GET /cart 
[1/9/2026, 3:02:45 PM] GET /api/ghn/provinces 
[1/9/2026, 3:02:45 PM] GET /api/ghn/districts/202 
[1/9/2026, 3:02:45 PM] GET /api/ghn/wards/1457 
[1/9/2026, 3:02:45 PM] POST /api/calc-shipping 
[1/9/2026, 3:02:49 PM] GET / 
[1/9/2026, 3:02:51 PM] GET /Aodai 
[1/9/2026, 3:02:55 PM] GET /cart 
[1/9/2026, 3:02:56 PM] GET /api/ghn/provinces 
[1/9/2026, 3:02:56 PM] GET /api/ghn/districts/202 
[1/9/2026, 3:02:56 PM] GET /api/ghn/wards/1457 
[1/9/2026, 3:02:57 PM] POST /api/calc-shipping 
[1/9/2026, 3:02:58 PM] GET /order 
[1/9/2026, 3:03:04 PM] GET / 
[1/9/2026, 3:03:07 PM] GET /Aosomi 
[1/9/2026, 3:03:09 PM] GET /Aodai 
[1/9/2026, 3:04:59 PM] GET /Aodai 
[1/9/2026, 3:05:01 PM] GET /register 
[1/9/2026, 3:05:10 PM] GET /login 
[1/9/2026, 3:05:12 PM] GET /register 
[1/9/2026, 3:05:14 PM] GET /login 
[1/9/2026, 3:05:17 PM] GET /register 
[1/9/2026, 3:06:09 PM] GET /register 
[1/9/2026, 3:06:27 PM] GET /register 
[1/9/2026, 3:06:32 PM] GET /login 
[1/9/2026, 3:06:34 PM] GET /register 
[1/9/2026, 3:06:35 PM] GET /login 
[1/9/2026, 3:06:36 PM] GET /register 
[1/9/2026, 3:06:42 PM] GET /login 
[1/9/2026, 3:06:44 PM] GET /Doimatkhau 
[1/9/2026, 3:06:46 PM] GET /login 
[1/9/2026, 3:06:48 PM] GET / 
[1/9/2026, 3:06:52 PM] GET /order 
[1/9/2026, 3:06:52 PM] GET /login 
[1/9/2026, 3:06:54 PM] GET /cart 
[1/9/2026, 3:06:54 PM] GET /login 
[1/9/2026, 3:06:57 PM] GET /register 
[1/9/2026, 3:06:58 PM] GET /login 
[1/9/2026, 3:07:11 PM] POST /login 
[1/9/2026, 3:07:11 PM] GET / 
[1/9/2026, 3:07:16 PM] GET /Vest 
[1/9/2026, 3:07:17 PM] GET /Quan 
[1/9/2026, 3:07:19 PM] GET /Vest 
[1/9/2026, 3:07:21 PM] GET /Quan 
[1/9/2026, 3:07:22 PM] GET /Aosomi 
[1/9/2026, 3:07:23 PM] GET /Aodai 
[1/9/2026, 3:07:24 PM] GET /Phukien 
[1/9/2026, 3:07:25 PM] GET /order 
[1/9/2026, 3:07:30 PM] GET /cart 
[1/9/2026, 3:07:30 PM] GET /api/ghn/provinces 
[1/9/2026, 3:07:30 PM] GET /api/ghn/districts/202 
[1/9/2026, 3:07:30 PM] GET /api/ghn/wards/1457 
[1/9/2026, 3:07:31 PM] POST /api/calc-shipping 
[1/9/2026, 3:07:31 PM] GET /order 
[1/9/2026, 3:07:33 PM] GET /cart 
[1/9/2026, 3:07:34 PM] GET /api/ghn/provinces 
[1/9/2026, 3:07:34 PM] GET /api/ghn/districts/202 
[1/9/2026, 3:07:34 PM] GET /api/ghn/wards/1457 
[1/9/2026, 3:07:34 PM] POST /api/calc-shipping 
[1/9/2026, 3:07:35 PM] GET /order 
[1/9/2026, 3:07:37 PM] GET /cart 
[1/9/2026, 3:07:37 PM] GET /api/ghn/provinces 
[1/9/2026, 3:07:37 PM] GET /api/ghn/districts/202 
[1/9/2026, 3:07:37 PM] GET /api/ghn/wards/1457 
[1/9/2026, 3:07:38 PM] POST /api/calc-shipping 
[1/9/2026, 3:07:40 PM] GET /order 
[1/9/2026, 3:07:42 PM] GET /cart 
[1/9/2026, 3:07:43 PM] GET /api/ghn/provinces 
[1/9/2026, 3:07:43 PM] GET /api/ghn/districts/202 
[1/9/2026, 3:07:43 PM] GET /api/ghn/wards/1457 
[1/9/2026, 3:07:44 PM] POST /api/calc-shipping 
[1/9/2026, 3:07:44 PM] GET /order 
[1/9/2026, 3:07:47 PM] GET /cart 
[1/9/2026, 3:07:47 PM] GET /api/ghn/provinces 
[1/9/2026, 3:07:48 PM] GET /api/ghn/districts/202 
[1/9/2026, 3:07:48 PM] GET /api/ghn/wards/1457 
[1/9/2026, 3:07:48 PM] POST /api/calc-shipping 
[1/9/2026, 3:07:50 PM] GET / 
[1/9/2026, 3:07:52 PM] GET /order 
[1/9/2026, 3:07:54 PM] GET /cart 
[1/9/2026, 3:07:55 PM] GET /api/ghn/provinces 
[1/9/2026, 3:07:55 PM] GET /api/ghn/districts/202 
[1/9/2026, 3:07:55 PM] GET /api/ghn/wards/1457 
[1/9/2026, 3:07:55 PM] POST /api/calc-shipping 
[1/9/2026, 3:07:57 PM] GET /order 
[1/9/2026, 3:07:58 PM] GET /cart 
[1/9/2026, 3:07:59 PM] GET /api/ghn/provinces 
[1/9/2026, 3:07:59 PM] GET /api/ghn/districts/202 
[1/9/2026, 3:07:59 PM] GET /api/ghn/wards/1457 
[1/9/2026, 3:07:59 PM] POST /api/calc-shipping 
[1/9/2026, 3:08:00 PM] GET / 
[1/9/2026, 3:08:02 PM] GET /order 
[1/9/2026, 3:08:04 PM] GET /cart 
[1/9/2026, 3:08:04 PM] GET /api/ghn/provinces 
[1/9/2026, 3:08:05 PM] GET /api/ghn/districts/202 
[1/9/2026, 3:08:05 PM] GET /api/ghn/wards/1457 
[1/9/2026, 3:08:05 PM] POST /api/calc-shipping 
[1/9/2026, 3:09:01 PM] GET / 
[1/9/2026, 3:09:09 PM] GET /login 
[1/9/2026, 3:09:14 PM] POST /login 
[1/9/2026, 3:09:14 PM] GET / 
[1/9/2026, 3:09:16 PM] GET /Vest 
[1/9/2026, 3:09:18 PM] GET /Quan 
[1/9/2026, 3:09:19 PM] GET /Aosomi 
[1/9/2026, 3:09:19 PM] GET /Aodai 
[1/9/2026, 3:09:20 PM] GET /Phukien 
[1/9/2026, 3:09:22 PM] GET /order 
[1/9/2026, 3:09:25 PM] GET /cart 
[1/9/2026, 3:09:25 PM] GET /api/ghn/provinces 
[1/9/2026, 3:09:25 PM] GET /api/ghn/districts/202 
[1/9/2026, 3:09:26 PM] GET /api/ghn/wards/1457 
[1/9/2026, 3:09:26 PM] POST /api/calc-shipping 
[1/9/2026, 3:09:28 PM] GET /order 
[1/9/2026, 3:09:31 PM] GET /cart 
[1/9/2026, 3:09:31 PM] GET /api/ghn/provinces 
[1/9/2026, 3:09:31 PM] GET /api/ghn/districts/202 
[1/9/2026, 3:09:31 PM] GET /api/ghn/wards/1457 
[1/9/2026, 3:09:32 PM] POST /api/calc-shipping 
[1/9/2026, 3:10:03 PM] GET /cart 
[1/9/2026, 3:10:03 PM] GET /login 
[1/9/2026, 3:10:05 PM] GET /cart 
[1/9/2026, 3:10:05 PM] GET /login 
[1/9/2026, 3:10:09 PM] POST /login 
[1/9/2026, 3:10:10 PM] GET / 
[1/9/2026, 3:10:11 PM] GET /cart 
[1/9/2026, 3:10:12 PM] GET /api/ghn/provinces 
[1/9/2026, 3:10:12 PM] GET /api/ghn/districts/202 
[1/9/2026, 3:10:12 PM] GET /api/ghn/wards/1457 
[1/9/2026, 3:10:12 PM] POST /api/calc-shipping 
[1/9/2026, 3:10:14 PM] GET /order 
[1/9/2026, 3:10:15 PM] GET /cart 
[1/9/2026, 3:10:15 PM] GET /api/ghn/provinces 
[1/9/2026, 3:10:16 PM] GET /api/ghn/districts/202 
[1/9/2026, 3:10:16 PM] GET /api/ghn/wards/1457 
[1/9/2026, 3:10:16 PM] POST /api/calc-shipping 
[1/9/2026, 3:10:17 PM] GET /order 
[1/9/2026, 3:10:18 PM] GET /cart 
[1/9/2026, 3:10:19 PM] GET /api/ghn/provinces 
[1/9/2026, 3:10:19 PM] GET /api/ghn/districts/202 
[1/9/2026, 3:10:19 PM] GET /api/ghn/wards/1457 
[1/9/2026, 3:10:19 PM] POST /api/calc-shipping 
[1/9/2026, 3:10:22 PM] GET /order 
[1/9/2026, 3:10:24 PM] GET /cart 
[1/9/2026, 3:10:24 PM] GET /api/ghn/provinces 
[1/9/2026, 3:10:25 PM] GET /api/ghn/districts/202 
[1/9/2026, 3:10:25 PM] GET /api/ghn/wards/1457 
[1/9/2026, 3:10:25 PM] POST /api/calc-shipping 
[1/9/2026, 3:11:12 PM] GET /cart 
[1/9/2026, 3:11:12 PM] GET /login 
[1/9/2026, 3:11:20 PM] POST /login 
[1/9/2026, 3:11:20 PM] GET / 
[1/9/2026, 3:11:22 PM] GET /cart 
[1/9/2026, 3:11:22 PM] GET /api/ghn/provinces 
[1/9/2026, 3:11:22 PM] GET /api/ghn/districts/202 
[1/9/2026, 3:11:22 PM] GET /api/ghn/wards/1457 
[1/9/2026, 3:11:23 PM] POST /api/calc-shipping 
[1/9/2026, 3:11:24 PM] GET /order 
[1/9/2026, 3:11:26 PM] GET /cart 
[1/9/2026, 3:11:27 PM] GET /api/ghn/provinces 
[1/9/2026, 3:11:27 PM] GET /api/ghn/districts/202 
[1/9/2026, 3:11:27 PM] GET /api/ghn/wards/1457 
[1/9/2026, 3:11:27 PM] POST /api/calc-shipping 
[1/9/2026, 3:11:28 PM] GET /order 
[1/9/2026, 3:11:31 PM] GET /cart 
[1/9/2026, 3:11:31 PM] GET /api/ghn/provinces 
[1/9/2026, 3:11:31 PM] GET /api/ghn/districts/202 
[1/9/2026, 3:11:31 PM] GET /api/ghn/wards/1457 
[1/9/2026, 3:11:32 PM] POST /api/calc-shipping 
[1/9/2026, 3:12:12 PM] GET /cart 
[1/9/2026, 3:12:12 PM] GET /login 
[1/9/2026, 3:12:18 PM] POST /login 
[1/9/2026, 3:12:23 PM] POST /login 
[1/9/2026, 3:12:23 PM] GET / 
[1/9/2026, 3:12:25 PM] GET /cart 
[1/9/2026, 3:12:25 PM] GET /api/ghn/provinces 
[1/9/2026, 3:12:26 PM] GET /api/ghn/districts/202 
[1/9/2026, 3:12:26 PM] GET /api/ghn/wards/1457 
[1/9/2026, 3:12:26 PM] POST /api/calc-shipping 
[1/9/2026, 3:12:28 PM] GET /order 
[1/9/2026, 3:12:30 PM] GET /cart 
[1/9/2026, 3:12:30 PM] GET /api/ghn/provinces 
[1/9/2026, 3:12:30 PM] GET /api/ghn/districts/202 
[1/9/2026, 3:12:31 PM] GET /api/ghn/wards/1457 
[1/9/2026, 3:12:32 PM] GET /order 
[1/9/2026, 3:12:34 PM] GET /cart 
[1/9/2026, 3:12:34 PM] GET /api/ghn/provinces 
[1/9/2026, 3:12:35 PM] GET /api/ghn/districts/202 
[1/9/2026, 3:12:35 PM] GET /api/ghn/wards/1457 
[1/9/2026, 3:12:35 PM] POST /api/calc-shipping 
[1/9/2026, 3:12:36 PM] GET /order 
[1/9/2026, 3:12:38 PM] GET /cart 
[1/9/2026, 3:12:38 PM] GET /api/ghn/provinces 
[1/9/2026, 3:12:38 PM] GET /api/ghn/districts/202 
[1/9/2026, 3:12:38 PM] GET /api/ghn/wards/1457 
[1/9/2026, 3:12:39 PM] POST /api/calc-shipping 
[1/9/2026, 3:12:39 PM] GET /order 
[1/9/2026, 3:13:01 PM] GET /order 
[1/9/2026, 3:13:01 PM] GET /login 
[1/9/2026, 3:13:06 PM] POST /login 
[1/9/2026, 3:13:06 PM] GET / 
[1/9/2026, 3:13:08 PM] GET /cart 
[1/9/2026, 3:13:08 PM] GET /api/ghn/provinces 
[1/9/2026, 3:13:08 PM] GET /api/ghn/districts/202 
[1/9/2026, 3:13:08 PM] GET /api/ghn/wards/1457 
[1/9/2026, 3:13:08 PM] POST /api/calc-shipping 
[1/9/2026, 3:13:09 PM] GET /order 
[1/9/2026, 3:13:11 PM] GET /cart 
[1/9/2026, 3:13:11 PM] GET /api/ghn/provinces 
[1/9/2026, 3:13:11 PM] GET /api/ghn/districts/202 
[1/9/2026, 3:13:11 PM] GET /api/ghn/wards/1457 
[1/9/2026, 3:13:11 PM] POST /api/calc-shipping 
[1/9/2026, 3:13:12 PM] GET /order 
[1/9/2026, 3:13:14 PM] GET /cart 
[1/9/2026, 3:13:14 PM] GET /api/ghn/provinces 
[1/9/2026, 3:13:14 PM] GET /api/ghn/districts/202 
[1/9/2026, 3:13:14 PM] GET /api/ghn/wards/1457 
[1/9/2026, 3:13:14 PM] POST /api/calc-shipping 
[1/9/2026, 3:13:17 PM] GET /order 
[1/9/2026, 3:13:21 PM] GET /cart 
[1/9/2026, 3:13:21 PM] GET /api/ghn/provinces 
[1/9/2026, 3:13:21 PM] GET /api/ghn/districts/202 
[1/9/2026, 3:13:21 PM] GET /api/ghn/wards/1457 
[1/9/2026, 3:13:22 PM] POST /api/calc-shipping 
[1/9/2026, 3:13:22 PM] GET /order 
[1/9/2026, 3:13:24 PM] GET /cart 
[1/9/2026, 3:13:24 PM] GET /api/ghn/provinces 
[1/9/2026, 3:13:24 PM] GET /api/ghn/districts/202 
[1/9/2026, 3:13:24 PM] GET /api/ghn/wards/1457 
[1/9/2026, 3:13:25 PM] POST /api/calc-shipping 
[1/9/2026, 3:13:28 PM] GET /order 
[1/9/2026, 3:13:44 PM] GET /order 
[1/9/2026, 3:13:44 PM] GET /login 
[1/9/2026, 3:13:49 PM] POST /login 
[1/9/2026, 3:13:49 PM] GET / 
[1/9/2026, 3:13:51 PM] GET /order 
[1/9/2026, 3:13:53 PM] GET /cart 
[1/9/2026, 3:13:53 PM] GET /api/ghn/provinces 
[1/9/2026, 3:13:54 PM] GET /api/ghn/districts/202 
[1/9/2026, 3:13:54 PM] GET /api/ghn/wards/1457 
[1/9/2026, 3:13:54 PM] POST /api/calc-shipping 
[1/9/2026, 3:13:56 PM] GET /order 
[1/9/2026, 3:13:57 PM] GET /cart 
[1/9/2026, 3:13:58 PM] GET /api/ghn/provinces 
[1/9/2026, 3:13:58 PM] GET /api/ghn/districts/202 
[1/9/2026, 3:13:58 PM] GET /api/ghn/wards/1457 
[1/9/2026, 3:13:58 PM] POST /api/calc-shipping 
[1/9/2026, 3:14:01 PM] GET /order 
[1/9/2026, 3:14:17 PM] GET /order 
[1/9/2026, 3:14:17 PM] GET /login 
[1/9/2026, 3:14:22 PM] POST /login 
[1/9/2026, 3:14:22 PM] GET / 
[1/9/2026, 3:14:25 PM] GET /order 
[1/9/2026, 3:14:27 PM] GET /cart 
[1/9/2026, 3:14:28 PM] GET /api/ghn/provinces 
[1/9/2026, 3:14:28 PM] GET /api/ghn/districts/202 
[1/9/2026, 3:14:28 PM] GET /api/ghn/wards/1457 
[1/9/2026, 3:14:28 PM] POST /api/calc-shipping 
[1/9/2026, 3:14:29 PM] GET /order 
[1/9/2026, 3:14:31 PM] GET /cart 
[1/9/2026, 3:14:31 PM] GET /api/ghn/provinces 
[1/9/2026, 3:14:31 PM] GET /api/ghn/districts/202 
[1/9/2026, 3:14:31 PM] GET /api/ghn/wards/1457 
[1/9/2026, 3:14:32 PM] POST /api/calc-shipping 
[1/9/2026, 3:14:32 PM] GET /order 
[1/9/2026, 3:14:34 PM] GET /cart 
[1/9/2026, 3:14:34 PM] GET /api/ghn/provinces 
[1/9/2026, 3:14:34 PM] GET /api/ghn/districts/202 
[1/9/2026, 3:14:34 PM] GET /api/ghn/wards/1457 
[1/9/2026, 3:14:34 PM] POST /api/calc-shipping 
[1/9/2026, 3:14:36 PM] GET / 
[1/9/2026, 3:14:41 PM] GET /Vest 
[1/9/2026, 3:14:43 PM] GET / 
[1/9/2026, 3:14:45 PM] GET /Vest 
[1/9/2026, 3:14:47 PM] GET /Quan 
[1/9/2026, 3:14:48 PM] GET /Aosomi 
[1/9/2026, 3:14:48 PM] GET /Aodai 
[1/9/2026, 3:14:49 PM] GET /Phukien 
[1/9/2026, 3:14:50 PM] GET /order 
[1/9/2026, 3:14:52 PM] GET /cart 
[1/9/2026, 3:14:52 PM] GET /api/ghn/provinces 
[1/9/2026, 3:14:53 PM] GET /api/ghn/districts/202 
[1/9/2026, 3:14:53 PM] GET /api/ghn/wards/1457 
[1/9/2026, 3:14:53 PM] POST /api/calc-shipping 
[1/9/2026, 3:14:54 PM] GET /order 
[1/9/2026, 3:14:56 PM] GET / 
[1/9/2026, 3:14:58 PM] GET /Vest 
[1/9/2026, 3:15:00 PM] GET / 
[1/9/2026, 3:15:02 PM] GET /Vest 
[1/9/2026, 3:15:24 PM] GET /logout 
[1/9/2026, 3:15:24 PM] GET / 
[1/9/2026, 3:15:26 PM] GET /login 
[1/9/2026, 3:15:30 PM] POST /login 
[1/9/2026, 3:15:30 PM] GET / 
[1/9/2026, 3:15:32 PM] GET /order 
[1/9/2026, 3:15:52 PM] GET /cart 
[1/9/2026, 3:15:52 PM] GET /api/ghn/provinces 
[1/9/2026, 3:15:52 PM] GET /api/ghn/districts/202 
[1/9/2026, 3:15:52 PM] GET /api/ghn/wards/1457 
[1/9/2026, 3:15:52 PM] POST /api/calc-shipping 
[1/9/2026, 3:22:32 PM] GET /cart 
[1/9/2026, 3:22:32 PM] GET /login 
[1/9/2026, 3:22:38 PM] POST /login 
[1/9/2026, 3:22:38 PM] GET / 
[1/9/2026, 3:22:42 PM] GET /Vest 
[1/9/2026, 3:22:45 PM] GET /Quan 
[1/9/2026, 3:22:46 PM] GET /Aosomi 
[1/9/2026, 3:22:47 PM] GET /Aodai 
[1/9/2026, 3:22:48 PM] GET /Phukien 
[1/9/2026, 3:22:50 PM] GET /product/6952103878fe8886f673cc4b 
[1/9/2026, 3:23:20 PM] GET /product/6952103878fe8886f673cc37 
[1/9/2026, 3:23:25 PM] GET / 
[1/9/2026, 3:23:27 PM] GET /product/6953fe084a7cbb8ae5fd23de 
[1/9/2026, 3:23:35 PM] GET /product/6953fc286077faa2b433cfca 
[1/9/2026, 3:24:14 PM] GET /product/6953eb87f43ead5fda718500 
[1/9/2026, 3:24:24 PM] POST /add-to-cart 
[1/9/2026, 3:24:27 PM] POST /add-to-cart 
[1/9/2026, 3:24:29 PM] POST /add-to-cart 
[1/9/2026, 3:24:31 PM] POST /add-to-cart 
[1/9/2026, 3:24:37 PM] GET /product/6952103878fe8886f673cc43 
[1/9/2026, 3:24:42 PM] GET /Aodai 
[1/9/2026, 3:24:45 PM] GET /Aosomi 
[1/9/2026, 3:24:47 PM] GET /Quan 
[1/9/2026, 3:24:49 PM] GET /product/6953fe084a7cbb8ae5fd23de 
[1/9/2026, 3:24:51 PM] GET /product/6953fc286077faa2b433cfca 
[1/9/2026, 3:24:56 PM] GET /product/6952103878fe8886f673cc0f 
[1/9/2026, 3:25:57 PM] GET /product/6952103878fe8886f673cc0f 
[1/9/2026, 3:26:09 PM] POST /add-to-cart 
[1/9/2026, 3:26:16 PM] GET /product/6952103878fe8886f673cc0b 
[1/9/2026, 3:26:23 PM] GET /product/6953fc286077faa2b433cfca 
[1/9/2026, 3:31:52 PM] GET /product/6953fc286077faa2b433cfca 
[1/9/2026, 3:32:07 PM] POST /add-to-cart 
[1/9/2026, 3:32:12 PM] GET /login 
[1/9/2026, 3:32:16 PM] POST /login 
[1/9/2026, 3:32:17 PM] GET / 
[1/9/2026, 3:32:19 PM] GET /product/6953fc286077faa2b433cfca 
[1/9/2026, 3:32:21 PM] POST /add-to-cart 
[1/9/2026, 3:32:25 PM] POST /add-to-cart 
[1/9/2026, 3:32:31 PM] POST /add-to-cart 
[1/9/2026, 3:33:59 PM] GET /product/6953eb87f43ead5fda718500 
[1/9/2026, 3:34:07 PM] GET /Quan 
[1/9/2026, 3:34:08 PM] GET /product/6952103878fe8886f673cc0f 
[1/9/2026, 3:35:20 PM] POST /add-to-cart 
[1/9/2026, 3:39:18 PM] GET /product/6952103878fe8886f673cc0f 
[1/9/2026, 3:39:28 PM] GET /product/6952103878fe8886f673cc0f?productId=6952103878fe8886f673cc0f&quantity=1&size=&productSize=M 
[1/9/2026, 3:39:30 PM] GET /product/6952103878fe8886f673cc0f?productId=6952103878fe8886f673cc0f&quantity=1&size= 
[1/9/2026, 3:39:37 PM] GET /login 
[1/9/2026, 3:39:42 PM] POST /login 
[1/9/2026, 3:39:42 PM] GET / 
[1/9/2026, 3:40:04 PM] GET /product/6953fc286077faa2b433cfca 
[1/9/2026, 3:40:08 PM] GET /Quan 
[1/9/2026, 3:40:09 PM] GET /product/6952103878fe8886f673cc0f 
[1/9/2026, 3:40:22 PM] GET /product/6952103878fe8886f673cc0f?productId=6952103878fe8886f673cc0f&quantity=1&size=&productSize=L 
[1/9/2026, 3:40:23 PM] GET /product/6952103878fe8886f673cc0f?productId=6952103878fe8886f673cc0f&quantity=1&size= 
[1/9/2026, 3:40:24 PM] GET /product/6952103878fe8886f673cc0f?productId=6952103878fe8886f673cc0f&quantity=1&size= 
[1/9/2026, 3:43:21 PM] GET /product/6952103878fe8886f673cc0f?productId=6952103878fe8886f673cc0f&quantity=1&size= 
[1/9/2026, 3:43:30 PM] GET /product/6952103878fe8886f673cc0f?productId=6952103878fe8886f673cc0f&quantity=1&size=&productSize=L 
[1/9/2026, 3:43:55 PM] GET /product/6952103878fe8886f673cc0f?productId=6952103878fe8886f673cc0f&quantity=1&size=&productSize=L 
[1/9/2026, 3:43:57 PM] GET /product/6952103878fe8886f673cc0f?productId=6952103878fe8886f673cc0f&quantity=1&size= 
[1/9/2026, 3:43:59 PM] GET /product/6952103878fe8886f673cc0f?productId=6952103878fe8886f673cc0f&quantity=1&size= 
[1/9/2026, 3:44:00 PM] GET /product/6952103878fe8886f673cc0f?productId=6952103878fe8886f673cc0f&quantity=1&size= 
[1/9/2026, 3:44:01 PM] GET /product/6952103878fe8886f673cc0f?productId=6952103878fe8886f673cc0f&quantity=1&size= 
[1/9/2026, 3:47:47 PM] GET /product/6952103878fe8886f673cc0f?productId=6952103878fe8886f673cc0f&quantity=1&size= 
[1/9/2026, 3:51:52 PM] GET /product/6952103878fe8886f673cc0f?productId=6952103878fe8886f673cc0f&quantity=1&size= 
[1/9/2026, 3:52:11 PM] POST /add-to-cart 
[1/9/2026, 3:53:06 PM] GET /product/6952103878fe8886f673cc0f?productId=6952103878fe8886f673cc0f&quantity=1&size= 
[1/9/2026, 3:54:17 PM] GET /product/6952103878fe8886f673cc0f?productId=6952103878fe8886f673cc0f&quantity=1&size= 
[1/9/2026, 3:54:19 PM] GET / 
[1/9/2026, 3:54:23 PM] GET /Vest 
[1/9/2026, 3:54:24 PM] GET / 
[1/9/2026, 3:54:26 PM] GET /Aosomi 
[1/9/2026, 3:54:27 PM] GET / 
[1/9/2026, 3:54:29 PM] GET /product/6953fc286077faa2b433cfca 
[1/9/2026, 3:54:30 PM] GET / 
[1/9/2026, 3:54:32 PM] GET /product/6953fc286077faa2b433cfca 
[1/9/2026, 3:54:34 PM] GET / 
[1/9/2026, 3:54:36 PM] GET /product/6953fc286077faa2b433cfca 
[1/9/2026, 3:54:37 PM] GET / 
[1/9/2026, 3:59:32 PM] GET / 
[1/9/2026, 3:59:33 PM] GET /product/6953eb87f43ead5fda718500 
[1/9/2026, 3:59:35 PM] GET / 
[1/9/2026, 3:59:55 PM] GET /product/6953fc286077faa2b433cfca 
[1/9/2026, 4:00:13 PM] GET /product/6953fc286077faa2b433cfca 
[1/9/2026, 4:00:16 PM] GET /Vest 
[1/9/2026, 4:00:17 PM] GET / 
[1/9/2026, 4:00:19 PM] GET /product/6953eb87f43ead5fda718500 
[1/9/2026, 4:00:36 PM] GET /product/6953eb87f43ead5fda718500 
[1/9/2026, 4:00:38 PM] GET / 
[1/9/2026, 4:00:39 PM] GET / 
[1/9/2026, 4:00:41 PM] GET /product/6953fc286077faa2b433cfca 
[1/9/2026, 4:00:45 PM] GET /order 
[1/9/2026, 4:00:45 PM] GET /login 
[1/9/2026, 4:00:46 PM] GET /cart 
[1/9/2026, 4:00:46 PM] GET /login 
[1/9/2026, 4:00:51 PM] POST /login 
[1/9/2026, 4:00:52 PM] GET / 
[1/9/2026, 4:00:55 PM] GET /order 
[1/9/2026, 4:00:59 PM] GET /cart 
[1/9/2026, 4:00:59 PM] GET /api/ghn/provinces 
[1/9/2026, 4:01:00 PM] GET /api/ghn/districts/202 
[1/9/2026, 4:01:00 PM] GET /api/ghn/wards/1457 
[1/9/2026, 4:01:00 PM] POST /api/calc-shipping 
[1/9/2026, 4:01:35 PM] GET / 
[1/9/2026, 4:01:38 PM] GET /order 
[1/9/2026, 4:01:38 PM] GET /login 
[1/9/2026, 4:01:43 PM] POST /login 
[1/9/2026, 4:01:48 PM] POST /login 
[1/9/2026, 4:01:48 PM] GET / 
[1/9/2026, 4:01:50 PM] GET /product/6953fc286077faa2b433cfca 
[1/9/2026, 4:01:52 PM] GET /product/6953fc286077faa2b433cfca 
[1/9/2026, 4:01:53 PM] GET / 
[1/9/2026, 4:01:55 PM] GET /order 
[1/9/2026, 4:01:58 PM] GET /cart 
[1/9/2026, 4:01:59 PM] GET /api/ghn/provinces 
[1/9/2026, 4:01:59 PM] GET /api/ghn/districts/202 
[1/9/2026, 4:01:59 PM] GET /api/ghn/wards/1457 
[1/9/2026, 4:01:59 PM] POST /api/calc-shipping 
[1/9/2026, 4:02:00 PM] GET /order 
[1/9/2026, 4:02:02 PM] GET /cart 
[1/9/2026, 4:02:02 PM] GET /api/ghn/provinces 
[1/9/2026, 4:02:02 PM] GET /api/ghn/districts/202 
[1/9/2026, 4:02:02 PM] GET /api/ghn/wards/1457 
[1/9/2026, 4:02:02 PM] POST /api/calc-shipping 
[1/9/2026, 4:02:25 PM] GET /cart 
[1/9/2026, 4:02:25 PM] GET /login 
[1/9/2026, 4:02:32 PM] POST /login 
[1/9/2026, 4:02:32 PM] GET / 
[1/9/2026, 4:02:35 PM] GET /cart 
[1/9/2026, 4:02:35 PM] GET /api/ghn/provinces 
[1/9/2026, 4:02:35 PM] GET /api/ghn/districts/202 
[1/9/2026, 4:02:35 PM] GET /api/ghn/wards/1457 
[1/9/2026, 4:02:36 PM] POST /api/calc-shipping 
[1/9/2026, 4:02:36 PM] GET /order 
[1/9/2026, 4:02:38 PM] GET /cart 
[1/9/2026, 4:02:38 PM] GET /api/ghn/provinces 
[1/9/2026, 4:02:38 PM] GET /api/ghn/districts/202 
[1/9/2026, 4:02:38 PM] GET /api/ghn/wards/1457 
[1/9/2026, 4:02:39 PM] POST /api/calc-shipping 
[1/9/2026, 4:02:39 PM] GET /order 
[1/9/2026, 4:02:41 PM] GET / 
[1/9/2026, 4:02:43 PM] GET /Quan 
[1/9/2026, 4:02:44 PM] GET /Vest 
[1/9/2026, 4:02:45 PM] GET /product/6952103878fe8886f673cc07 
[1/9/2026, 4:03:35 PM] GET /product/6952103878fe8886f673cc07 
[1/9/2026, 4:03:36 PM] GET /login 
[1/9/2026, 4:03:41 PM] POST /login 
[1/9/2026, 4:03:41 PM] GET / 
[1/9/2026, 4:03:46 PM] GET /Aodai 
[1/9/2026, 4:03:48 PM] GET /product/6952103878fe8886f673cc3b 
[1/9/2026, 4:03:54 PM] POST /add-to-cart 
[1/9/2026, 4:03:56 PM] POST /add-to-cart 
[1/9/2026, 4:03:57 PM] POST /add-to-cart 
[1/9/2026, 4:03:58 PM] POST /add-to-cart 
[1/9/2026, 4:04:01 PM] POST /add-to-cart 
[1/9/2026, 4:04:02 PM] POST /add-to-cart 
[1/9/2026, 4:04:03 PM] POST /add-to-cart 
[1/9/2026, 4:04:04 PM] POST /add-to-cart 
[1/9/2026, 4:04:04 PM] POST /add-to-cart 
[1/9/2026, 4:04:04 PM] POST /add-to-cart 
[1/9/2026, 4:04:05 PM] POST /add-to-cart 
[1/9/2026, 4:04:05 PM] POST /add-to-cart 
[1/9/2026, 4:04:05 PM] POST /add-to-cart 
[1/9/2026, 4:04:06 PM] POST /add-to-cart 
[1/9/2026, 4:04:06 PM] POST /add-to-cart 
[1/9/2026, 4:04:06 PM] POST /add-to-cart 
[1/9/2026, 4:04:06 PM] POST /add-to-cart 
[1/9/2026, 4:04:06 PM] POST /add-to-cart 
[1/9/2026, 4:04:15 PM] POST /add-to-cart 
[1/9/2026, 4:04:16 PM] POST /add-to-cart 
[1/9/2026, 4:04:16 PM] POST /add-to-cart 
[1/9/2026, 4:04:16 PM] POST /add-to-cart 
[1/9/2026, 4:04:17 PM] GET /order 
[1/9/2026, 4:04:20 PM] POST /repay-order 
[1/9/2026, 4:04:26 PM] GET /order?code=00&id=45e8f687bd004278919d68bca7e94806&cancel=true&status=CANCELLED&orderCode=949460851 
[1/9/2026, 4:04:26 PM] GET /login 
[1/9/2026, 4:06:04 PM] GET / 
[1/9/2026, 4:06:08 PM] GET /login 
[1/9/2026, 4:06:10 PM] GET / 
[1/9/2026, 4:06:12 PM] GET /login 
[1/9/2026, 4:06:17 PM] POST /login 
[1/9/2026, 4:06:17 PM] GET / 
[1/9/2026, 4:06:22 PM] GET /product/695405b206e5d094d3f07e06 
[1/9/2026, 4:06:25 PM] POST /add-to-cart 
[1/9/2026, 4:06:26 PM] POST /add-to-cart 
[1/9/2026, 4:06:32 PM] POST /add-to-cart 
[1/9/2026, 4:06:35 PM] POST /add-to-cart 
[1/9/2026, 4:06:35 PM] POST /add-to-cart 
[1/9/2026, 4:06:36 PM] POST /add-to-cart 
[1/9/2026, 4:06:36 PM] POST /add-to-cart 
[1/9/2026, 4:06:36 PM] POST /add-to-cart 
[1/9/2026, 4:08:57 PM] GET /product/695405b206e5d094d3f07e06 
[1/9/2026, 4:08:59 PM] POST /add-to-cart 
[1/9/2026, 4:09:02 PM] GET /login 
[1/9/2026, 4:09:07 PM] POST /login 
[1/9/2026, 4:09:07 PM] GET / 
[1/9/2026, 4:09:10 PM] GET /product/6953eb87f43ead5fda718500 
[1/9/2026, 4:09:16 PM] POST /add-to-cart 
[1/9/2026, 4:09:19 PM] POST /add-to-cart 
[1/9/2026, 4:09:22 PM] POST /add-to-cart 
[1/9/2026, 4:09:24 PM] GET /cart 
[1/9/2026, 4:09:25 PM] GET /api/ghn/provinces 
[1/9/2026, 4:09:25 PM] GET /api/ghn/districts/202 
[1/9/2026, 4:09:25 PM] GET /api/ghn/wards/1457 
[1/9/2026, 4:09:26 PM] POST /api/calc-shipping 
[1/9/2026, 4:09:36 PM] GET /cart 
[1/9/2026, 4:09:36 PM] GET /api/ghn/provinces 
[1/9/2026, 4:09:37 PM] GET /api/ghn/districts/202 
[1/9/2026, 4:09:37 PM] GET /api/ghn/wards/1457 
[1/9/2026, 4:09:37 PM] POST /api/calc-shipping 
[1/9/2026, 4:09:46 PM] POST /update-cart 
[1/9/2026, 4:09:46 PM] GET /cart 
[1/9/2026, 4:09:47 PM] GET /api/ghn/provinces 
[1/9/2026, 4:09:48 PM] GET /api/ghn/districts/202 
[1/9/2026, 4:09:48 PM] GET /api/ghn/wards/1457 
[1/9/2026, 4:09:48 PM] POST /api/calc-shipping 
[1/9/2026, 4:09:49 PM] POST /update-cart 
[1/9/2026, 4:09:49 PM] GET /cart 
[1/9/2026, 4:09:50 PM] GET /api/ghn/provinces 
[1/9/2026, 4:09:50 PM] GET /api/ghn/districts/202 
[1/9/2026, 4:09:50 PM] GET /api/ghn/wards/1457 
[1/9/2026, 4:09:51 PM] POST /api/calc-shipping 
[1/9/2026, 4:09:52 PM] POST /update-cart 
[1/9/2026, 4:09:52 PM] GET /cart 
[1/9/2026, 4:09:53 PM] GET /api/ghn/provinces 
[1/9/2026, 4:09:53 PM] GET /api/ghn/districts/202 
[1/9/2026, 4:09:54 PM] GET /api/ghn/wards/1457 
[1/9/2026, 4:09:54 PM] POST /api/calc-shipping 
[1/9/2026, 4:09:54 PM] POST /update-cart 
[1/9/2026, 4:09:55 PM] GET /cart 
[1/9/2026, 4:09:55 PM] GET /api/ghn/provinces 
[1/9/2026, 4:09:55 PM] GET /api/ghn/districts/202 
[1/9/2026, 4:09:56 PM] GET /api/ghn/wards/1457 
[1/9/2026, 4:09:56 PM] POST /update-cart 
[1/9/2026, 4:09:56 PM] POST /api/calc-shipping 
[1/9/2026, 4:09:56 PM] GET /cart 
[1/9/2026, 4:09:57 PM] GET /api/ghn/provinces 
[1/9/2026, 4:09:57 PM] GET /api/ghn/districts/202 
[1/9/2026, 4:09:57 PM] GET /api/ghn/wards/1457 
[1/9/2026, 4:09:57 PM] POST /update-cart 
[1/9/2026, 4:09:57 PM] POST /api/calc-shipping 
[1/9/2026, 4:09:58 PM] GET /cart 
[1/9/2026, 4:09:58 PM] GET /api/ghn/provinces 
[1/9/2026, 4:09:58 PM] GET /api/ghn/districts/202 
[1/9/2026, 4:09:59 PM] GET /api/ghn/wards/1457 
[1/9/2026, 4:09:59 PM] POST /api/calc-shipping 
[1/9/2026, 4:10:04 PM] GET /cart 
[1/9/2026, 4:10:05 PM] GET /api/ghn/provinces 
[1/9/2026, 4:10:05 PM] GET /api/ghn/districts/202 
[1/9/2026, 4:10:06 PM] GET /api/ghn/wards/1457 
[1/9/2026, 4:10:06 PM] POST /api/calc-shipping 
[1/9/2026, 4:10:08 PM] POST /api/calc-shipping 
[1/9/2026, 4:10:12 PM] POST /place-order 
[1/9/2026, 4:10:18 PM] GET / 
[1/9/2026, 4:10:20 PM] GET /order 
[1/9/2026, 4:10:22 PM] GET /cart 
[1/9/2026, 4:10:22 PM] GET /api/ghn/provinces 
[1/9/2026, 4:10:23 PM] GET /api/ghn/districts/202 
[1/9/2026, 4:10:23 PM] GET /api/ghn/wards/1457 
[1/9/2026, 4:10:23 PM] POST /api/calc-shipping 
[1/9/2026, 4:10:24 PM] GET / 
[1/9/2026, 4:10:29 PM] GET /cart 
[1/9/2026, 4:10:30 PM] GET /api/ghn/provinces 
[1/9/2026, 4:10:30 PM] GET /api/ghn/districts/202 
[1/9/2026, 4:10:31 PM] GET /api/ghn/wards/1457 
[1/9/2026, 4:10:31 PM] POST /api/calc-shipping 
[1/9/2026, 4:10:31 PM] GET /order 
[1/9/2026, 4:10:33 PM] GET / 
[1/9/2026, 4:10:44 PM] GET /Phukien 
[1/9/2026, 7:49:06 PM] GET / 
[1/9/2026, 7:49:06 PM] GET /favicon.ico 
[1/9/2026, 7:49:21 PM] GET /login 
[1/9/2026, 7:49:26 PM] POST /login 
[1/9/2026, 7:49:26 PM] GET / 
[1/9/2026, 7:49:29 PM] GET /Vest 
[1/9/2026, 7:49:30 PM] GET /Quan 
[1/9/2026, 7:49:31 PM] GET /Aosomi 
[1/9/2026, 7:49:32 PM] GET /Aodai 
[1/9/2026, 7:49:33 PM] GET /Phukien 
[1/9/2026, 7:49:36 PM] GET /product/6952103878fe8886f673cc4d 
[1/9/2026, 7:49:38 PM] GET /product/6952103878fe8886f673cc4b 
[1/9/2026, 7:49:42 PM] GET /product/6952103878fe8886f673cc49 
[1/9/2026, 7:49:46 PM] POST /add-to-cart 
[1/9/2026, 7:49:49 PM] GET /Quan 
[1/9/2026, 7:49:50 PM] GET /product/6952103878fe8886f673cc0f 
[1/9/2026, 7:49:54 PM] POST /add-to-cart 
[1/9/2026, 7:50:18 PM] GET / 
[1/9/2026, 7:50:20 PM] GET /Phukien 
[1/9/2026, 7:50:21 PM] GET /order 
[1/9/2026, 7:50:24 PM] GET /cart 
[1/9/2026, 7:50:25 PM] GET /api/ghn/provinces 
[1/9/2026, 7:50:25 PM] GET /api/ghn/districts/202 
[1/9/2026, 7:50:25 PM] GET /api/ghn/wards/1457 
[1/9/2026, 7:50:25 PM] POST /api/calc-shipping 
[1/9/2026, 7:50:30 PM] POST /api/calc-shipping 
[1/9/2026, 7:50:30 PM] POST /api/calc-shipping 
[1/9/2026, 7:50:31 PM] POST /api/calc-shipping 
[1/9/2026, 7:50:31 PM] POST /api/calc-shipping 
[1/9/2026, 7:50:33 PM] POST /api/calc-shipping 
[1/9/2026, 7:50:33 PM] POST /api/calc-shipping 
[1/9/2026, 7:50:37 PM] GET /order 
[1/9/2026, 7:50:39 PM] GET /cart 
[1/9/2026, 7:50:39 PM] GET /api/ghn/provinces 
[1/9/2026, 7:50:40 PM] GET /api/ghn/districts/202 
[1/9/2026, 7:50:40 PM] GET /api/ghn/wards/1457 
[1/9/2026, 7:50:40 PM] POST /api/calc-shipping 
[1/9/2026, 7:50:41 PM] GET /order 
[1/9/2026, 7:51:00 PM] GET / 
[1/9/2026, 7:51:05 PM] GET /order 
[1/9/2026, 7:51:21 PM] GET /cart 
[1/9/2026, 7:51:21 PM] GET /api/ghn/provinces 
[1/9/2026, 7:51:22 PM] GET /api/ghn/districts/202 
[1/9/2026, 7:51:22 PM] GET /api/ghn/wards/1457 
[1/9/2026, 7:51:22 PM] POST /api/calc-shipping 
[1/9/2026, 7:51:26 PM] GET /order 
[1/9/2026, 7:51:30 PM] GET / 
[1/9/2026, 7:51:34 PM] GET /order 
[1/9/2026, 7:51:39 PM] GET /cart 
[1/9/2026, 7:51:39 PM] GET /api/ghn/provinces 
[1/9/2026, 7:51:40 PM] GET /api/ghn/districts/202 
[1/9/2026, 7:51:40 PM] GET /api/ghn/wards/1457 
[1/9/2026, 7:51:40 PM] POST /api/calc-shipping 
[1/9/2026, 7:51:41 PM] GET /order 
[1/9/2026, 7:51:43 PM] GET /cart 
[1/9/2026, 7:51:43 PM] GET /api/ghn/provinces 
[1/9/2026, 7:51:43 PM] GET /api/ghn/districts/202 
[1/9/2026, 7:51:43 PM] GET /api/ghn/wards/1457 
[1/9/2026, 7:51:43 PM] POST /api/calc-shipping 
[1/9/2026, 7:51:44 PM] GET /order 
[1/9/2026, 7:51:58 PM] GET /cart 
[1/9/2026, 7:51:59 PM] GET /api/ghn/provinces 
[1/9/2026, 7:51:59 PM] GET /api/ghn/districts/202 
[1/9/2026, 7:51:59 PM] GET /api/ghn/wards/1457 
[1/9/2026, 7:51:59 PM] POST /api/calc-shipping 
[1/9/2026, 7:52:00 PM] GET / 
[1/9/2026, 7:52:23 PM] GET /order 
[1/9/2026, 7:52:47 PM] GET /cart 
[1/9/2026, 7:52:47 PM] GET /api/ghn/provinces 
[1/9/2026, 7:52:48 PM] GET /api/ghn/districts/202 
[1/9/2026, 7:52:48 PM] GET /api/ghn/wards/1457 
[1/9/2026, 7:52:48 PM] POST /api/calc-shipping 
[1/9/2026, 7:52:50 PM] GET /order 
[1/9/2026, 7:52:56 PM] GET /cart 
[1/9/2026, 7:52:56 PM] GET /api/ghn/provinces 
[1/9/2026, 7:52:56 PM] GET /api/ghn/districts/202 
[1/9/2026, 7:52:56 PM] GET /api/ghn/wards/1457 
[1/9/2026, 7:52:56 PM] POST /api/calc-shipping 
[1/9/2026, 7:52:58 PM] GET /order 
[1/9/2026, 7:55:39 PM] GET / 
[1/9/2026, 7:55:41 PM] GET /login 
[1/9/2026, 7:55:48 PM] POST /login 
[1/9/2026, 7:55:53 PM] POST /login 
[1/9/2026, 7:55:54 PM] GET / 
[1/9/2026, 7:56:05 PM] GET /Aosomi 
[1/9/2026, 7:56:07 PM] GET / 
[1/9/2026, 7:56:09 PM] GET /Vest 
[1/9/2026, 7:56:11 PM] GET / 
[1/9/2026, 7:56:14 PM] GET /Vest 
[1/9/2026, 7:56:16 PM] GET /Quan 
[1/9/2026, 7:56:20 PM] GET /product/6952103878fe8886f673cc13 
[1/9/2026, 7:56:24 PM] GET /product/6952103878fe8886f673cc0f 
[1/9/2026, 7:56:34 PM] POST /add-to-cart 
[1/9/2026, 7:56:41 PM] POST /add-to-cart 
[1/9/2026, 7:56:48 PM] POST /add-to-cart 
[1/9/2026, 7:56:52 PM] POST /add-to-cart 
[1/9/2026, 7:56:56 PM] GET /cart 
[1/9/2026, 7:56:56 PM] GET /api/ghn/provinces 
[1/9/2026, 7:56:56 PM] GET /api/ghn/districts/202 
[1/9/2026, 7:56:57 PM] GET /api/ghn/wards/1457 
[1/9/2026, 7:56:57 PM] POST /api/calc-shipping 
[1/9/2026, 7:59:05 PM] GET /product/6952103878fe8886f673cc0f 
[1/9/2026, 7:59:07 PM] GET /login 
[1/9/2026, 7:59:13 PM] POST /login 
[1/9/2026, 7:59:13 PM] GET / 
[1/9/2026, 7:59:15 PM] GET /product/6953fe084a7cbb8ae5fd23de 
[1/9/2026, 7:59:20 PM] GET /product/6953eb87f43ead5fda718500 
[1/9/2026, 7:59:23 PM] GET /Aodai 
[1/9/2026, 7:59:26 PM] GET / 
[1/9/2026, 7:59:28 PM] GET /Quan 
[1/9/2026, 7:59:33 PM] GET / 
[1/9/2026, 7:59:36 PM] GET /Quan 
[1/9/2026, 7:59:39 PM] GET /product/6952103878fe8886f673cc17 
[1/9/2026, 7:59:52 PM] GET / 
[1/9/2026, 8:00:06 PM] GET /cart 
[1/9/2026, 8:00:07 PM] GET /api/ghn/provinces 
[1/9/2026, 8:00:07 PM] GET /api/ghn/districts/202 
[1/9/2026, 8:00:07 PM] GET /api/ghn/wards/1457 
[1/9/2026, 8:00:07 PM] POST /api/calc-shipping 
[1/9/2026, 8:00:10 PM] POST /remove-from-cart 
[1/9/2026, 8:00:10 PM] GET /cart 
[1/9/2026, 8:00:10 PM] GET /api/ghn/provinces 
[1/9/2026, 8:00:11 PM] GET /api/ghn/districts/202 
[1/9/2026, 8:00:11 PM] GET /api/ghn/wards/1457 
[1/9/2026, 8:00:11 PM] POST /api/calc-shipping 
[1/9/2026, 8:00:12 PM] POST /update-cart 
[1/9/2026, 8:00:12 PM] GET /cart 
[1/9/2026, 8:00:13 PM] GET /api/ghn/provinces 
[1/9/2026, 8:00:13 PM] GET /api/ghn/districts/202 
[1/9/2026, 8:00:13 PM] GET /api/ghn/wards/1457 
[1/9/2026, 8:00:13 PM] POST /api/calc-shipping 
[1/9/2026, 8:00:14 PM] POST /update-cart 
[1/9/2026, 8:00:14 PM] GET /cart 
[1/9/2026, 8:00:14 PM] GET /api/ghn/provinces 
[1/9/2026, 8:00:14 PM] GET /api/ghn/districts/202 
[1/9/2026, 8:00:14 PM] GET /api/ghn/wards/1457 
[1/9/2026, 8:00:15 PM] POST /api/calc-shipping 
[1/9/2026, 8:00:15 PM] POST /update-cart 
[1/9/2026, 8:00:15 PM] GET /cart 
[1/9/2026, 8:00:15 PM] GET /api/ghn/provinces 
[1/9/2026, 8:00:16 PM] GET /api/ghn/districts/202 
[1/9/2026, 8:00:16 PM] GET /api/ghn/wards/1457 
[1/9/2026, 8:00:16 PM] POST /api/calc-shipping 
[1/9/2026, 8:00:16 PM] POST /update-cart 
[1/9/2026, 8:00:17 PM] GET /cart 
[1/9/2026, 8:00:17 PM] GET /api/ghn/provinces 
[1/9/2026, 8:00:17 PM] GET /api/ghn/districts/202 
[1/9/2026, 8:00:17 PM] GET /api/ghn/wards/1457 
[1/9/2026, 8:00:17 PM] POST /api/calc-shipping 
[1/9/2026, 8:00:18 PM] POST /update-cart 
[1/9/2026, 8:00:18 PM] GET /cart 
[1/9/2026, 8:00:18 PM] GET /api/ghn/provinces 
[1/9/2026, 8:00:19 PM] GET /api/ghn/districts/202 
[1/9/2026, 8:00:19 PM] GET /api/ghn/wards/1457 
[1/9/2026, 8:00:19 PM] POST /api/calc-shipping 
[1/9/2026, 8:00:21 PM] POST /update-cart 
[1/9/2026, 8:00:21 PM] GET /cart 
[1/9/2026, 8:00:21 PM] GET /api/ghn/provinces 
[1/9/2026, 8:00:21 PM] GET /api/ghn/districts/202 
[1/9/2026, 8:00:21 PM] GET /api/ghn/wards/1457 
[1/9/2026, 8:00:22 PM] POST /api/calc-shipping 
[1/9/2026, 8:00:23 PM] POST /update-cart 
[1/9/2026, 8:00:23 PM] GET /cart 
[1/9/2026, 8:00:23 PM] GET /api/ghn/provinces 
[1/9/2026, 8:00:24 PM] GET /api/ghn/districts/202 
[1/9/2026, 8:00:24 PM] GET /api/ghn/wards/1457 
[1/9/2026, 8:00:24 PM] POST /api/calc-shipping 
[1/9/2026, 8:11:27 PM] GET /cart 
[1/9/2026, 8:11:27 PM] GET /login 
[1/9/2026, 8:11:33 PM] POST /login 
[1/9/2026, 8:11:33 PM] GET / 
[1/9/2026, 8:11:36 PM] GET /Vest 
[1/9/2026, 8:11:37 PM] GET /Quan 
[1/9/2026, 8:11:38 PM] GET / 
[1/9/2026, 8:11:40 PM] GET /Vest 
[1/9/2026, 8:11:42 PM] GET / 
[1/9/2026, 8:11:47 PM] GET /Quan 
[1/9/2026, 8:11:50 PM] GET / 
[1/9/2026, 8:11:51 PM] GET /Vest 
[1/9/2026, 8:11:56 PM] GET / 
[1/9/2026, 8:11:58 PM] GET /Vest 
[1/9/2026, 8:12:02 PM] GET /cart 
[1/9/2026, 8:12:02 PM] GET /api/ghn/provinces 
[1/9/2026, 8:12:03 PM] GET /api/ghn/districts/202 
[1/9/2026, 8:12:03 PM] GET /api/ghn/wards/1457 
[1/9/2026, 8:12:03 PM] POST /api/calc-shipping 
[1/9/2026, 8:12:04 PM] POST /update-cart 
[1/9/2026, 8:12:05 PM] GET /cart 
[1/9/2026, 8:12:05 PM] GET /api/ghn/provinces 
[1/9/2026, 8:12:05 PM] GET /api/ghn/districts/202 
[1/9/2026, 8:12:05 PM] GET /api/ghn/wards/1457 
[1/9/2026, 8:12:05 PM] POST /api/calc-shipping 
[1/9/2026, 8:12:23 PM] POST /update-cart 
[1/9/2026, 8:12:24 PM] GET /cart 
[1/9/2026, 8:12:24 PM] GET /api/ghn/provinces 
[1/9/2026, 8:12:24 PM] GET /api/ghn/districts/202 
[1/9/2026, 8:12:24 PM] GET /api/ghn/wards/1457 
[1/9/2026, 8:12:24 PM] POST /api/calc-shipping 
[1/9/2026, 8:12:25 PM] POST /update-cart 
[1/9/2026, 8:12:25 PM] GET /cart 
[1/9/2026, 8:12:26 PM] GET /api/ghn/provinces 
[1/9/2026, 8:12:26 PM] GET /api/ghn/districts/202 
[1/9/2026, 8:12:26 PM] GET /api/ghn/wards/1457 
[1/9/2026, 8:12:26 PM] POST /api/calc-shipping 
[1/9/2026, 8:12:29 PM] POST /remove-from-cart 
[1/9/2026, 8:12:29 PM] GET /cart 
[1/9/2026, 8:12:29 PM] GET /api/ghn/provinces 
[1/9/2026, 8:12:29 PM] GET /api/ghn/districts/202 
[1/9/2026, 8:12:29 PM] GET /api/ghn/wards/1457 
[1/9/2026, 8:12:30 PM] POST /api/calc-shipping 
[1/9/2026, 8:12:35 PM] POST /update-cart 
[1/9/2026, 8:12:35 PM] GET /cart 
[1/9/2026, 8:12:36 PM] GET /api/ghn/provinces 
[1/9/2026, 8:12:36 PM] GET /api/ghn/districts/202 
[1/9/2026, 8:12:36 PM] GET /api/ghn/wards/1457 
[1/9/2026, 8:12:36 PM] POST /api/calc-shipping 
[1/9/2026, 8:12:38 PM] POST /update-cart 
[1/9/2026, 8:12:38 PM] GET /cart 
[1/9/2026, 8:12:38 PM] GET /api/ghn/provinces 
[1/9/2026, 8:12:38 PM] GET /api/ghn/districts/202 
[1/9/2026, 8:12:38 PM] GET /api/ghn/wards/1457 
[1/9/2026, 8:12:39 PM] POST /api/calc-shipping 
[1/9/2026, 8:13:39 PM] GET /cart 
[1/9/2026, 8:13:39 PM] GET /login 
[1/9/2026, 8:13:45 PM] POST /login 
[1/9/2026, 8:13:45 PM] GET / 
[1/9/2026, 8:13:47 PM] GET /cart 
[1/9/2026, 8:13:48 PM] GET /api/ghn/provinces 
[1/9/2026, 8:13:48 PM] GET /api/ghn/districts/202 
[1/9/2026, 8:13:48 PM] GET /api/ghn/wards/1457 
[1/9/2026, 8:13:48 PM] POST /api/calc-shipping 
[1/9/2026, 8:13:53 PM] POST /update-cart 
[1/9/2026, 8:13:53 PM] GET /cart 
[1/9/2026, 8:13:53 PM] GET /api/ghn/provinces 
[1/9/2026, 8:13:53 PM] GET /api/ghn/districts/202 
[1/9/2026, 8:13:53 PM] GET /api/ghn/wards/1457 
[1/9/2026, 8:13:54 PM] POST /api/calc-shipping 
[1/9/2026, 8:13:55 PM] POST /update-cart 
[1/9/2026, 8:13:55 PM] GET /cart 
[1/9/2026, 8:13:56 PM] GET /api/ghn/provinces 
[1/9/2026, 8:13:56 PM] GET /api/ghn/districts/202 
[1/9/2026, 8:13:56 PM] GET /api/ghn/wards/1457 
[1/9/2026, 8:13:56 PM] POST /api/calc-shipping 
[1/9/2026, 8:13:56 PM] POST /update-cart 
[1/9/2026, 8:13:57 PM] GET /cart 
[1/9/2026, 8:13:57 PM] GET /api/ghn/provinces 
[1/9/2026, 8:13:57 PM] GET /api/ghn/districts/202 
[1/9/2026, 8:13:57 PM] GET /api/ghn/wards/1457 
[1/9/2026, 8:13:57 PM] POST /api/calc-shipping 
[1/9/2026, 8:14:44 PM] GET /cart 
[1/9/2026, 8:14:44 PM] GET /login 
[1/9/2026, 8:14:49 PM] POST /login 
[1/9/2026, 8:14:50 PM] GET / 
[1/9/2026, 8:14:51 PM] GET /cart 
[1/9/2026, 8:14:52 PM] GET /api/ghn/provinces 
[1/9/2026, 8:14:52 PM] GET /api/ghn/districts/202 
[1/9/2026, 8:14:52 PM] GET /api/ghn/wards/1457 
[1/9/2026, 8:14:52 PM] POST /api/calc-shipping 
[1/9/2026, 8:15:00 PM] POST /api/calc-shipping 
[1/9/2026, 8:15:03 PM] POST /api/calc-shipping 
[1/9/2026, 8:15:03 PM] POST /api/calc-shipping 
[1/9/2026, 8:15:09 PM] POST /api/calc-shipping 
[1/9/2026, 8:15:09 PM] POST /api/calc-shipping 
[1/9/2026, 8:15:10 PM] POST /api/calc-shipping 
[1/9/2026, 8:15:10 PM] POST /api/calc-shipping 
[1/9/2026, 8:15:19 PM] GET / 
[1/9/2026, 8:15:23 PM] GET /Vest 
[1/9/2026, 8:15:24 PM] GET /Quan 
[1/9/2026, 8:15:26 PM] GET / 
[1/9/2026, 8:15:27 PM] GET /Quan 
[1/9/2026, 8:15:30 PM] GET / 
[1/9/2026, 8:15:32 PM] GET /Vest 
[1/9/2026, 8:15:34 PM] GET /Quan 
[1/9/2026, 8:15:35 PM] GET /Vest 
[1/9/2026, 8:15:37 PM] GET /Aodai 
[1/9/2026, 8:15:38 PM] GET / 
[1/9/2026, 8:16:27 PM] GET / 
[1/9/2026, 8:16:30 PM] GET /login 
[1/9/2026, 8:16:34 PM] POST /login 
[1/9/2026, 8:16:35 PM] GET / 
[1/9/2026, 8:16:37 PM] GET / 
[1/9/2026, 8:16:39 PM] GET /Vest 
[1/9/2026, 8:16:40 PM] GET /Quan 
[1/9/2026, 8:16:41 PM] GET /Aosomi 
[1/9/2026, 8:16:42 PM] GET /Aodai 
[1/9/2026, 8:16:43 PM] GET /Phukien 
[1/9/2026, 8:17:13 PM] GET /cart 
[1/9/2026, 8:17:13 PM] GET /login 
[1/9/2026, 8:17:18 PM] POST /login 
[1/9/2026, 8:17:18 PM] GET / 
[1/9/2026, 8:17:20 PM] GET /cart 
[1/9/2026, 8:17:20 PM] GET /api/ghn/provinces 
[1/9/2026, 8:17:21 PM] GET /api/ghn/districts/202 
[1/9/2026, 8:17:21 PM] GET /api/ghn/wards/1457 
[1/9/2026, 8:17:21 PM] POST /api/calc-shipping 
[1/9/2026, 8:17:22 PM] GET /cart 
[1/9/2026, 8:17:23 PM] GET /api/ghn/provinces 
[1/9/2026, 8:17:23 PM] GET /api/ghn/districts/202 
[1/9/2026, 8:17:23 PM] GET /api/ghn/wards/1457 
[1/9/2026, 8:17:23 PM] POST /api/calc-shipping 
[1/9/2026, 8:17:25 PM] GET / 
[1/9/2026, 8:17:27 PM] GET /order 
[1/9/2026, 8:17:58 PM] GET / 
[1/9/2026, 8:18:00 PM] GET /login 
[1/9/2026, 8:18:05 PM] POST /login 
[1/9/2026, 8:18:05 PM] GET / 
[1/9/2026, 8:18:08 PM] GET /Vest 
[1/9/2026, 8:18:09 PM] GET /product/6952103878fe8886f673cc07 
[1/9/2026, 8:18:11 PM] GET /product/6952103878fe8886f673cc07 
[1/9/2026, 8:18:13 PM] GET /product/6952103878fe8886f673cc07 
[1/9/2026, 8:18:15 PM] GET /order 
[1/9/2026, 8:18:17 PM] GET /cart 
[1/9/2026, 8:18:17 PM] GET /api/ghn/provinces 
[1/9/2026, 8:18:18 PM] GET /api/ghn/districts/202 
[1/9/2026, 8:18:18 PM] GET /api/ghn/wards/1457 
[1/9/2026, 8:18:18 PM] POST /api/calc-shipping 
[1/9/2026, 8:18:19 PM] GET / 
[1/9/2026, 8:18:45 PM] GET /Aosomi 
[1/9/2026, 8:18:48 PM] GET /product/6952103878fe8886f673cc27 
[1/9/2026, 8:19:28 PM] GET / 
[1/9/2026, 8:19:30 PM] GET /login 
[1/9/2026, 8:19:33 PM] GET / 
[1/9/2026, 8:19:35 PM] GET /login 
[1/9/2026, 8:19:36 PM] GET /register 
[1/9/2026, 8:19:37 PM] GET /login 
[1/9/2026, 8:19:39 PM] GET /register 
[1/9/2026, 8:19:44 PM] GET /login 
[1/9/2026, 8:19:47 PM] GET /Doimatkhau 
[1/9/2026, 8:19:51 PM] GET /login 
[1/9/2026, 8:19:56 PM] POST /login 
[1/9/2026, 8:19:56 PM] GET / 
[1/9/2026, 8:19:59 PM] GET /product/6953fe084a7cbb8ae5fd23de 
[1/9/2026, 8:21:02 PM] GET /product/6953fe084a7cbb8ae5fd23de 
[1/9/2026, 8:22:33 PM] GET /admin 
[1/9/2026, 8:22:33 PM] GET /admin/login 
[1/9/2026, 8:22:38 PM] POST /admin/login 
[1/9/2026, 8:22:38 PM] GET /admin 
[1/9/2026, 8:22:44 PM] GET /admin/api/dashboard-chart?start=2025-12-31&end=2026-01-09 
[1/9/2026, 8:22:46 PM] GET /admin/homepage 
[1/9/2026, 8:23:39 PM] GET /product/695405b206e5d094d3f07e06 
[1/9/2026, 8:23:42 PM] GET /product/6953fe084a7cbb8ae5fd23de 
[1/9/2026, 8:23:45 PM] GET / 
[1/9/2026, 8:23:49 PM] GET /product/6953eb87f43ead5fda718500 
[1/9/2026, 8:40:53 PM] GET /admin/homepage 
[1/9/2026, 8:40:53 PM] GET /admin/login 
[1/9/2026, 8:41:04 PM] POST /admin/login 
[1/9/2026, 8:41:04 PM] GET /admin 
[1/9/2026, 8:41:08 PM] GET /admin/homepage 
[1/9/2026, 8:41:48 PM] GET /admin/homepage 
[1/9/2026, 8:41:48 PM] GET /admin/login 
[1/9/2026, 8:41:53 PM] POST /admin/login 
[1/9/2026, 8:41:53 PM] GET /admin 
[1/9/2026, 8:42:00 PM] GET /admin/homepage 
[1/9/2026, 8:42:21 PM] POST /admin/homepage 
[1/9/2026, 8:42:22 PM] GET /admin/homepage?success=true 
[1/9/2026, 8:42:25 PM] GET / 
[1/9/2026, 8:45:54 PM] GET / 
[1/9/2026, 8:45:56 PM] GET /admin/homepage?success=true 
[1/9/2026, 8:45:56 PM] GET /admin/login 
[1/9/2026, 8:46:01 PM] POST /admin/login 
[1/9/2026, 8:46:02 PM] GET /admin 
[1/9/2026, 8:46:06 PM] GET /admin/homepage 
[1/9/2026, 8:46:36 PM] POST /admin/homepage 
[1/9/2026, 8:46:42 PM] GET /admin/homepage?success=true 
[1/9/2026, 8:46:47 PM] GET / 
[1/9/2026, 8:49:38 PM] GET / 
[1/9/2026, 8:49:47 PM] GET /admin/homepage?success=true 
[1/9/2026, 8:49:47 PM] GET /admin/login 
[1/9/2026, 8:49:53 PM] POST /admin/login 
[1/9/2026, 8:49:53 PM] GET /admin 
[1/9/2026, 8:50:21 PM] GET /admin/homepage 
[1/9/2026, 8:51:06 PM] GET /admin/homepage 
[1/9/2026, 8:51:06 PM] GET /admin/login 
[1/9/2026, 8:51:11 PM] POST /admin/login 
[1/9/2026, 8:51:11 PM] GET /admin 
[1/9/2026, 8:51:15 PM] GET /admin/homepage 
[1/9/2026, 8:57:55 PM] GET / 
[1/9/2026, 8:57:59 PM] GET /admin/homepage 
[1/9/2026, 8:57:59 PM] GET /admin/login 
[1/9/2026, 8:58:03 PM] POST /admin/login 
[1/9/2026, 8:58:04 PM] GET /admin 
[1/9/2026, 8:58:08 PM] GET /admin/homepage 
[1/9/2026, 9:00:47 PM] GET /admin/homepage 
[1/9/2026, 9:00:47 PM] GET /admin/login 
[1/9/2026, 9:00:52 PM] POST /admin/login 
[1/9/2026, 9:00:52 PM] GET /admin 
[1/9/2026, 9:00:55 PM] GET /admin/homepage 
[1/9/2026, 9:01:35 PM] POST /admin/homepage 
[1/9/2026, 9:02:19 PM] GET / 
[1/9/2026, 9:02:22 PM] GET / 
[1/9/2026, 9:04:25 PM] GET / 
[1/9/2026, 9:04:28 PM] POST /admin/homepage 
[1/9/2026, 9:04:28 PM] GET /admin/login 
[1/9/2026, 9:04:34 PM] POST /admin/login 
[1/9/2026, 9:04:34 PM] GET /admin 
[1/9/2026, 9:04:38 PM] GET /admin/homepage 
[1/9/2026, 9:05:11 PM] POST /admin/homepage 
[1/9/2026, 9:09:25 PM] POST /admin/homepage 
[1/9/2026, 9:09:25 PM] GET /admin/login 
[1/9/2026, 9:09:29 PM] POST /admin/login 
[1/9/2026, 9:09:30 PM] GET /admin 
[1/9/2026, 9:09:33 PM] GET /admin/homepage 
[1/9/2026, 9:09:35 PM] POST /admin/homepage 
[1/9/2026, 9:09:36 PM] GET /admin/homepage?success=true 
[1/9/2026, 9:09:42 PM] POST /admin/homepage 
[1/9/2026, 9:09:42 PM] GET /admin/homepage?success=true 
[1/9/2026, 9:10:14 PM] POST /admin/homepage 
[1/9/2026, 9:10:54 PM] GET /admin/homepage?success=true 
[1/9/2026, 9:10:54 PM] GET /admin/login 
[1/9/2026, 9:10:58 PM] POST /admin/login 
[1/9/2026, 9:10:58 PM] GET /admin 
[1/9/2026, 9:11:07 PM] GET /admin/homepage 
[1/9/2026, 9:11:44 PM] POST /admin/homepage 
[1/9/2026, 9:11:51 PM] GET / 
[1/9/2026, 9:11:52 PM] GET /images/default-avatar.png 
[1/9/2026, 9:11:57 PM] GET / 
[1/9/2026, 9:11:57 PM] GET /images/default-avatar.png 
[1/9/2026, 9:12:04 PM] POST /admin/homepage 
[1/9/2026, 9:13:07 PM] POST /admin/homepage 
[1/9/2026, 9:13:14 PM] POST /admin/homepage 
[1/9/2026, 9:13:23 PM] GET / 
[1/9/2026, 9:13:23 PM] GET /images/default-avatar.png 
[1/9/2026, 9:13:24 PM] GET / 
[1/9/2026, 9:13:24 PM] GET /images/default-avatar.png 
[1/9/2026, 9:14:16 PM] GET /admin/homepage 
[1/9/2026, 9:14:28 PM] POST /admin/homepage 
[1/9/2026, 9:14:29 PM] GET /admin/homepage?success=true 
[1/9/2026, 9:14:33 PM] GET / 
[1/9/2026, 9:14:33 PM] GET /images/default-avatar.png 
[1/9/2026, 9:20:14 PM] GET /admin/homepage?success=true 
[1/9/2026, 9:20:15 PM] GET /admin/login 
[1/9/2026, 9:20:21 PM] POST /admin/login 
[1/9/2026, 9:20:21 PM] GET /admin 
[1/9/2026, 9:20:24 PM] GET /admin/homepage 
[1/9/2026, 9:20:52 PM] POST /admin/homepage 
[1/9/2026, 9:20:58 PM] GET / 
[1/9/2026, 9:20:58 PM] GET /images/default-avatar.png 
[1/9/2026, 9:22:30 PM] GET /admin/config 
[1/9/2026, 9:22:33 PM] GET /admin 
[1/9/2026, 9:22:35 PM] GET /admin/homepage 
[1/9/2026, 9:22:38 PM] GET /admin/homepage 
[1/9/2026, 9:22:39 PM] GET /admin/homepage 
[1/9/2026, 9:22:47 PM] POST /admin/homepage 
[1/9/2026, 9:22:49 PM] GET /admin/homepage?success=true 
[1/9/2026, 9:22:52 PM] GET / 
[1/9/2026, 9:22:52 PM] GET /images/default-avatar.png 
[1/9/2026, 9:24:09 PM] GET / 
[1/9/2026, 9:24:10 PM] GET /images/default-avatar.png 
[1/9/2026, 9:24:11 PM] GET /admin/homepage?success=true 
[1/9/2026, 9:24:11 PM] GET /admin/login 
[1/9/2026, 9:24:16 PM] POST /admin/login 
[1/9/2026, 9:24:16 PM] GET /admin 
[1/9/2026, 9:24:19 PM] GET /admin/homepage 
[1/9/2026, 9:24:39 PM] POST /admin/homepage 
[1/9/2026, 9:24:46 PM] GET / 
[1/9/2026, 9:24:46 PM] GET /images/default-avatar.png 
[1/9/2026, 9:28:37 PM] POST /admin/homepage 
[1/9/2026, 9:28:38 PM] GET /admin/login 
[1/9/2026, 9:28:42 PM] POST /admin/login 
[1/9/2026, 9:28:42 PM] GET /admin 
[1/9/2026, 9:28:45 PM] GET /admin/homepage 
[1/9/2026, 9:28:57 PM] POST /admin/homepage 
[1/9/2026, 9:29:00 PM] GET /admin/homepage?success=true 
[1/9/2026, 9:29:04 PM] GET /admin/homepage?success=true 
[1/9/2026, 9:29:06 PM] GET / 
[1/9/2026, 9:29:30 PM] POST /admin/homepage 
[1/9/2026, 9:29:33 PM] GET /admin/homepage?success=true 
[1/9/2026, 9:29:38 PM] GET / 
[1/9/2026, 9:31:21 PM] GET /admin/homepage?success=true 
[1/9/2026, 9:31:21 PM] GET /admin/login 
[1/9/2026, 9:31:26 PM] POST /admin/login 
[1/9/2026, 9:31:26 PM] GET /admin 
[1/9/2026, 9:31:31 PM] POST /admin/users/toggle-lock/6952644f0002f664f6bbb774 
[1/9/2026, 9:31:31 PM] GET /admin/users 
[1/9/2026, 9:31:34 PM] POST /admin/users/toggle-lock/6952644f0002f664f6bbb774 
[1/9/2026, 9:31:34 PM] GET /admin/users 
[1/9/2026, 9:31:38 PM] GET /admin/config 
[1/9/2026, 9:31:43 PM] GET /admin/orders 
[1/9/2026, 9:31:46 PM] GET /admin/users 
[1/9/2026, 9:31:47 PM] GET /admin/products 
[1/9/2026, 9:31:47 PM] GET /css/admin-style.css 
[1/9/2026, 9:31:53 PM] GET /admin/homepage 
[1/9/2026, 9:32:43 PM] GET /admin/homepage 
[1/9/2026, 9:32:43 PM] GET /admin/login 
[1/9/2026, 9:32:48 PM] POST /admin/login 
[1/9/2026, 9:32:48 PM] GET /admin 
[1/9/2026, 9:32:51 PM] GET /admin/config 
[1/9/2026, 9:32:52 PM] GET /admin/orders 
[1/9/2026, 9:32:56 PM] GET /admin/users 
[1/9/2026, 9:32:58 PM] GET /admin/products 
[1/9/2026, 9:32:58 PM] GET /css/admin-style.css 
[1/9/2026, 9:33:08 PM] GET /admin 
[1/9/2026, 9:33:11 PM] GET /admin/users 
[1/9/2026, 9:33:15 PM] GET /admin/orders 
[1/9/2026, 9:33:17 PM] GET /admin/config 
[1/9/2026, 9:33:18 PM] GET /admin/users 
[1/9/2026, 9:33:20 PM] GET /admin/products 
[1/9/2026, 9:33:20 PM] GET /css/admin-style.css 
[1/9/2026, 9:33:22 PM] GET /admin/users 
[1/9/2026, 9:33:23 PM] GET /admin 
[1/9/2026, 9:33:25 PM] GET /admin/orders 
[1/9/2026, 9:33:29 PM] GET /admin/config 
[1/9/2026, 9:33:30 PM] GET /admin/users 
[1/9/2026, 9:33:45 PM] GET /admin/config 
[1/9/2026, 9:33:46 PM] GET /admin 
[1/9/2026, 9:33:50 PM] GET /admin 
[1/9/2026, 9:34:25 PM] GET /Quan 
[1/9/2026, 9:34:27 PM] GET /favicon.ico 
[1/9/2026, 9:34:27 PM] GET / 
[1/9/2026, 9:36:09 PM] GET / 
[1/9/2026, 9:36:10 PM] GET /favicon.ico 
[1/9/2026, 9:36:12 PM] GET / 
[1/9/2026, 9:36:24 PM] GET /login 
[1/9/2026, 9:36:30 PM] POST /login 
[1/9/2026, 9:36:36 PM] POST /login 
[1/9/2026, 9:36:37 PM] GET / 
[1/9/2026, 9:36:45 PM] GET /product/6952103878fe8886f673cc43 
[1/9/2026, 9:36:58 PM] POST /add-to-cart 
[1/9/2026, 9:37:02 PM] POST /add-to-cart 
[1/9/2026, 9:37:06 PM] POST /add-to-cart 
[1/9/2026, 9:37:09 PM] POST /add-to-cart 
[1/9/2026, 9:37:17 PM] GET /order 
[1/9/2026, 9:37:28 PM] GET /cart 
[1/9/2026, 9:37:29 PM] GET /api/ghn/provinces 
[1/9/2026, 9:37:30 PM] GET /api/ghn/districts/202 
[1/9/2026, 9:37:30 PM] GET /api/ghn/wards/1457 
[1/9/2026, 9:37:31 PM] POST /api/calc-shipping 
[1/9/2026, 9:37:47 PM] GET /cart 
[1/9/2026, 9:37:48 PM] GET /api/ghn/provinces 
[1/9/2026, 9:37:49 PM] GET /api/ghn/districts/202 
[1/9/2026, 9:37:49 PM] GET /api/ghn/wards/1457 
[1/9/2026, 9:37:49 PM] GET / 
[1/9/2026, 9:37:49 PM] POST /api/calc-shipping 
[1/9/2026, 9:38:20 PM] GET /admin/products 
[1/9/2026, 9:38:20 PM] GET /css/admin-style.css 
[1/9/2026, 9:38:22 PM] POST /admin/products/toggle-hot/6952103878fe8886f673cc37 
[1/9/2026, 9:38:23 PM] GET /admin/products 
[1/9/2026, 9:38:23 PM] GET /css/admin-style.css 
[1/9/2026, 9:38:24 PM] GET / 
[1/9/2026, 9:38:42 PM] GET /product/6952103878fe8886f673cc37 
[1/9/2026, 9:44:13 PM] GET /?zarsrc=30&utm_source=zalo&utm_medium=zalo&utm_campaign=zalo 
[1/9/2026, 9:44:14 PM] GET /favicon.ico 
[1/9/2026, 9:44:38 PM] GET /login 
[1/9/2026, 9:44:54 PM] POST /login 
[1/9/2026, 9:44:54 PM] GET / 
[1/9/2026, 9:45:19 PM] GET /product/6952103878fe8886f673cc43 
[1/9/2026, 9:45:21 PM] GET /order 
[1/9/2026, 9:45:49 PM] GET / 
[1/9/2026, 9:45:49 PM] GET / 
[1/9/2026, 9:45:51 PM] GET /login 
[1/9/2026, 9:46:05 PM] POST /login 
[1/9/2026, 9:46:05 PM] GET / 
[1/9/2026, 9:47:23 PM] GET / 
[1/9/2026, 9:47:28 PM] GET /favicon.ico 
[1/9/2026, 9:47:29 PM] GET /product/6952103878fe8886f673cc37 
[1/9/2026, 9:47:30 PM] GET /login 
[1/9/2026, 9:47:43 PM] POST /login 
[1/9/2026, 9:47:44 PM] GET / 
[1/9/2026, 9:47:52 PM] GET /order 
[1/9/2026, 9:48:52 PM] GET / 
[1/9/2026, 9:48:55 PM] GET / 
[1/9/2026, 9:48:58 PM] GET /login 
[1/9/2026, 9:49:04 PM] POST /login 
[1/9/2026, 9:49:05 PM] GET / 
[1/9/2026, 9:49:51 PM] GET / 
[1/9/2026, 9:49:52 PM] GET /login 
[1/9/2026, 9:49:58 PM] POST /login 
[1/9/2026, 9:49:58 PM] GET / 
[1/9/2026, 9:50:45 PM] GET / 
[1/9/2026, 9:51:09 PM] GET / 
[1/9/2026, 9:54:22 PM] GET / 
[1/9/2026, 9:55:02 PM] GET /admin/products 
[1/9/2026, 9:55:02 PM] GET /admin/login 
[1/9/2026, 9:55:07 PM] POST /admin/login 
[1/9/2026, 9:55:08 PM] GET /admin 
[1/9/2026, 9:55:12 PM] GET /admin/homepage 
[1/9/2026, 9:56:02 PM] GET /Vest 
[1/9/2026, 9:56:11 PM] GET /product/6952103878fe8886f673cc37 
[1/9/2026, 9:56:21 PM] POST /add-to-cart 
[1/9/2026, 9:56:42 PM] POST /admin/homepage 
[1/9/2026, 9:56:45 PM] GET /admin/homepage?success=true 
[1/9/2026, 9:56:47 PM] GET / 
[1/9/2026, 9:56:56 PM] GET / 
[1/9/2026, 9:59:22 PM] GET / 
[1/9/2026, 9:59:25 PM] GET / 
[1/9/2026, 9:59:55 PM] GET / 
[1/9/2026, 9:59:59 PM] GET / 
[1/9/2026, 10:00:20 PM] GET / 
[1/9/2026, 10:00:42 PM] GET /login 
[1/9/2026, 10:00:48 PM] POST /login 
[1/9/2026, 10:00:49 PM] GET / 
[1/9/2026, 10:03:58 PM] GET / 
[1/9/2026, 10:04:02 PM] GET /Aodai 
[1/9/2026, 10:04:12 PM] GET /product/6952103878fe8886f673cc3b 
[1/9/2026, 10:04:17 PM] GET /login 
[1/9/2026, 10:04:23 PM] POST /login 
[1/9/2026, 10:04:23 PM] GET / 
[1/9/2026, 10:04:24 PM] GET /Aodai 
[1/9/2026, 10:04:28 PM] GET / 
[1/9/2026, 10:04:30 PM] GET /Aodai 
[1/9/2026, 10:05:46 PM] GET /Aodai 
[1/9/2026, 10:05:47 PM] GET /Vest 
[1/9/2026, 10:05:50 PM] GET /Quan 
[1/9/2026, 10:05:51 PM] GET /Aosomi 
[1/9/2026, 10:05:52 PM] GET /Aodai 
[1/9/2026, 10:05:53 PM] GET /Phukien 
[1/9/2026, 10:05:54 PM] GET /login 
[1/9/2026, 10:06:01 PM] POST /login 
[1/9/2026, 10:06:01 PM] GET / 
[1/9/2026, 10:06:03 PM] GET /Vest 
[1/9/2026, 10:06:04 PM] GET /Quan 
[1/9/2026, 10:06:05 PM] GET /Aosomi 
[1/9/2026, 10:06:06 PM] GET /Aodai 
[1/9/2026, 10:06:07 PM] GET /product/6952103878fe8886f673cc37 
[1/9/2026, 10:06:10 PM] GET /cart 
[1/9/2026, 10:06:11 PM] GET /api/ghn/provinces 
[1/9/2026, 10:06:14 PM] GET / 
[1/9/2026, 10:06:16 PM] GET /Quan 
[1/9/2026, 10:06:18 PM] GET /Vest 
[1/9/2026, 10:06:37 PM] GET /order 
[1/9/2026, 10:06:39 PM] GET /cart 
[1/9/2026, 10:06:40 PM] GET /api/ghn/provinces 
[1/9/2026, 10:09:17 PM] GET /Vest 
[1/9/2026, 10:09:19 PM] GET /login 
[1/9/2026, 10:09:25 PM] POST /login 
[1/9/2026, 10:09:25 PM] GET / 
[1/9/2026, 10:09:27 PM] GET /cart 
[1/9/2026, 10:09:28 PM] GET /api/ghn/provinces 
[1/9/2026, 10:09:28 PM] GET /api/ghn/districts/202 
[1/9/2026, 10:09:29 PM] GET /api/ghn/wards/1457 
[1/9/2026, 10:09:29 PM] POST /api/calc-shipping 
[1/9/2026, 10:09:34 PM] POST /update-cart 
[1/9/2026, 10:09:34 PM] GET /cart 
[1/9/2026, 10:09:35 PM] GET /api/ghn/provinces 
[1/9/2026, 10:09:35 PM] GET /api/ghn/districts/202 
[1/9/2026, 10:09:36 PM] GET /api/ghn/wards/1457 
[1/9/2026, 10:09:36 PM] POST /api/calc-shipping 
[1/9/2026, 10:09:43 PM] POST /api/calc-shipping 
[1/9/2026, 10:09:43 PM] POST /api/calc-shipping 
[1/9/2026, 10:09:44 PM] POST /api/calc-shipping 
[1/9/2026, 10:09:44 PM] POST /api/calc-shipping 
[1/9/2026, 10:09:53 PM] POST /api/calc-shipping 
[1/9/2026, 10:09:54 PM] POST /place-order 
[1/9/2026, 10:10:03 PM] GET /order?code=00&id=c33c7845790f49faa3162fca8b300979&cancel=true&status=CANCELLED&orderCode=971394892 
[1/9/2026, 10:10:06 PM] GET /cart 
[1/9/2026, 10:10:07 PM] GET /api/ghn/provinces 
[1/9/2026, 10:10:07 PM] GET /api/ghn/districts/202 
[1/9/2026, 10:10:08 PM] GET /api/ghn/wards/1457 
[1/9/2026, 10:10:08 PM] POST /api/calc-shipping 
[1/9/2026, 10:11:59 PM] GET /logout 
[1/9/2026, 10:11:59 PM] GET / 
[1/9/2026, 10:12:01 PM] GET /login 
[1/9/2026, 10:12:09 PM] POST /login 
[1/9/2026, 10:12:10 PM] GET / 
[1/9/2026, 10:12:11 PM] GET /cart 
[1/9/2026, 10:12:12 PM] GET /api/ghn/provinces 
[1/9/2026, 10:12:12 PM] GET /api/ghn/districts/202 
[1/9/2026, 10:12:13 PM] GET /api/ghn/wards/1457 
[1/9/2026, 10:12:13 PM] POST /api/calc-shipping 
[1/9/2026, 10:12:48 PM] GET /cart 
[1/9/2026, 10:12:49 PM] GET /login 
[1/9/2026, 10:12:54 PM] POST /login 
[1/9/2026, 10:12:54 PM] GET / 
[1/9/2026, 10:12:55 PM] GET /cart 
[1/9/2026, 10:12:56 PM] GET /api/ghn/provinces 
[1/9/2026, 10:12:57 PM] GET /api/ghn/districts/202 
[1/9/2026, 10:12:57 PM] GET /api/ghn/wards/1457 
[1/9/2026, 10:12:57 PM] POST /api/calc-shipping 
[1/9/2026, 10:13:09 PM] POST /update-cart 
[1/9/2026, 10:13:09 PM] GET /cart 
[1/9/2026, 10:13:10 PM] GET /api/ghn/provinces 
[1/9/2026, 10:13:10 PM] GET /api/ghn/districts/202 
[1/9/2026, 10:13:11 PM] GET /api/ghn/wards/1457 
[1/9/2026, 10:13:11 PM] POST /api/calc-shipping 
[1/9/2026, 10:13:12 PM] POST /remove-from-cart 
[1/9/2026, 10:13:12 PM] GET /cart 
[1/9/2026, 10:13:13 PM] GET /api/ghn/provinces 
[1/9/2026, 10:13:13 PM] GET /api/ghn/districts/202 
[1/9/2026, 10:13:14 PM] GET /api/ghn/wards/1457 
[1/9/2026, 10:13:14 PM] POST /remove-from-cart 
[1/9/2026, 10:13:14 PM] POST /api/calc-shipping 
[1/9/2026, 10:13:15 PM] GET /cart 
[1/9/2026, 10:13:15 PM] GET /api/ghn/provinces 
[1/9/2026, 10:13:16 PM] GET /api/ghn/districts/202 
[1/9/2026, 10:13:16 PM] POST /update-cart 
[1/9/2026, 10:13:16 PM] GET /api/ghn/wards/1457 
[1/9/2026, 10:13:17 PM] POST /remove-from-cart 
[1/9/2026, 10:13:17 PM] POST /api/calc-shipping 
[1/9/2026, 10:13:17 PM] GET /cart 
[1/9/2026, 10:13:18 PM] GET /cart 
[1/9/2026, 10:13:18 PM] GET /api/ghn/provinces 
[1/9/2026, 10:13:19 PM] GET /api/ghn/districts/202 
[1/9/2026, 10:13:20 PM] POST /remove-from-cart 
[1/9/2026, 10:13:20 PM] GET /api/ghn/wards/1457 
[1/9/2026, 10:13:20 PM] POST /api/calc-shipping 
[1/9/2026, 10:13:20 PM] GET /cart 
[1/9/2026, 10:13:21 PM] GET /api/ghn/provinces 
[1/9/2026, 10:13:21 PM] GET /api/ghn/districts/202 
[1/9/2026, 10:13:21 PM] GET /api/ghn/wards/1457 
[1/9/2026, 10:13:22 PM] POST /api/calc-shipping 
[1/9/2026, 10:13:29 PM] POST /save-profile 
[1/9/2026, 10:13:40 PM] POST /save-profile 
[1/9/2026, 10:14:34 PM] GET /cart 
[1/9/2026, 10:14:34 PM] GET /api/ghn/provinces 
[1/9/2026, 10:14:35 PM] GET /api/ghn/districts/202 
[1/9/2026, 10:14:35 PM] GET /api/ghn/wards/1457 
[1/9/2026, 10:14:35 PM] POST /api/calc-shipping 
[1/9/2026, 10:18:18 PM] POST /api/calc-shipping 
[1/9/2026, 10:18:25 PM] GET /cart 
[1/9/2026, 10:18:26 PM] GET /api/ghn/provinces 
[1/9/2026, 10:18:26 PM] GET /api/ghn/districts/202 
[1/9/2026, 10:18:27 PM] GET /api/ghn/wards/1457 
[1/9/2026, 10:18:27 PM] POST /api/calc-shipping 
[1/9/2026, 10:18:29 PM] POST /api/calc-shipping 
[1/9/2026, 10:18:29 PM] POST /api/calc-shipping 
[1/9/2026, 10:18:30 PM] GET / 
[1/9/2026, 10:18:31 PM] GET /Vest 
[1/9/2026, 10:18:32 PM] GET /Quan 
[1/9/2026, 10:18:33 PM] GET /Aosomi 
[1/9/2026, 10:18:33 PM] GET /Aodai 
[1/9/2026, 10:18:35 PM] GET /Phukien 
[1/9/2026, 10:18:36 PM] GET /cart 
[1/9/2026, 10:18:37 PM] GET /api/ghn/provinces 
[1/9/2026, 10:18:37 PM] GET /api/ghn/districts/202 
[1/9/2026, 10:18:38 PM] GET /api/ghn/wards/1457 
[1/9/2026, 10:18:38 PM] POST /api/calc-shipping 
[1/9/2026, 10:31:01 PM] GET /cart 
[1/9/2026, 10:31:01 PM] GET /login 
[1/9/2026, 10:31:02 PM] GET / 
[1/9/2026, 10:31:03 PM] GET /login 
[1/9/2026, 10:31:07 PM] GET /register 
[1/9/2026, 10:31:08 PM] GET /login 
[1/9/2026, 10:31:09 PM] GET / 
[1/9/2026, 10:31:11 PM] GET /login 
[1/9/2026, 10:31:12 PM] GET / 
[1/9/2026, 10:31:13 PM] GET /login 
[1/9/2026, 10:31:14 PM] GET / 
[1/9/2026, 10:31:15 PM] GET /login 
[1/9/2026, 10:31:18 PM] GET /register 
[1/9/2026, 10:31:19 PM] GET /login 
[1/9/2026, 10:31:20 PM] GET /Doimatkhau 
[1/9/2026, 10:31:23 PM] GET /login 
[1/9/2026, 10:31:24 PM] GET /register 
[1/9/2026, 10:31:35 PM] GET /login 
[1/9/2026, 10:31:39 PM] POST /login 
[1/9/2026, 10:31:45 PM] POST /login 
[1/9/2026, 10:31:46 PM] GET / 
[1/9/2026, 10:31:50 PM] GET /product/695405b206e5d094d3f07e06 
[1/9/2026, 10:32:11 PM] GET /product/6952103878fe8886f673cc43 
[1/9/2026, 10:32:12 PM] GET /product/6952103878fe8886f673cc37 
[1/9/2026, 10:32:26 PM] POST /add-to-cart 
[1/9/2026, 10:32:31 PM] GET /logout 
[1/9/2026, 10:32:31 PM] GET / 
[1/9/2026, 10:32:32 PM] GET /login 
[1/9/2026, 10:32:38 PM] POST /login 
[1/9/2026, 10:32:39 PM] GET / 
[1/9/2026, 10:32:41 PM] GET /product/6952103878fe8886f673cc43 
[1/9/2026, 10:33:17 PM] GET /admin/homepage?success=true 
[1/9/2026, 10:33:17 PM] GET /admin/login 
[1/9/2026, 10:33:23 PM] POST /admin/login 
[1/9/2026, 10:33:23 PM] GET /admin 
[1/9/2026, 10:33:27 PM] GET /admin/products 
[1/9/2026, 10:33:27 PM] GET /css/admin-style.css 
[1/9/2026, 10:33:29 PM] GET /admin/products/edit-product/6952103878fe8886f673cc37 
[1/9/2026, 10:33:29 PM] GET /css/admin-style.css 
[1/9/2026, 10:33:38 PM] GET /product/6952103878fe8886f673cc37 
[1/9/2026, 10:33:55 PM] GET /product/6953eb87f43ead5fda718500 
[1/9/2026, 10:33:56 PM] GET /product/6952103878fe8886f673cc43 
[1/9/2026, 10:33:58 PM] GET /product/6953eb87f43ead5fda718500 
[1/9/2026, 10:34:00 PM] GET /product/6952103878fe8886f673cc43 
[1/9/2026, 10:34:07 PM] GET /order 
[1/9/2026, 10:34:28 PM] POST /repay-order 
[1/9/2026, 10:35:18 PM] GET /order?code=00&id=43459a06cc2c4e928147b7804e9009c3&cancel=true&status=CANCELLED&orderCode=972868888 
[1/9/2026, 10:35:18 PM] OPTIONS /order?code=00&id=43459a06cc2c4e928147b7804e9009c3&cancel=true&status=CANCELLED&orderCode=972868888 
[1/9/2026, 10:37:20 PM] GET /order 
[1/9/2026, 10:37:20 PM] GET /login 
[1/9/2026, 10:37:27 PM] POST /login 
[1/9/2026, 10:37:27 PM] GET / 
[1/9/2026, 10:37:29 PM] GET /order 
[1/9/2026, 10:38:04 PM] GET /order 
[1/9/2026, 10:38:04 PM] GET /login 
[1/9/2026, 10:38:10 PM] POST /login 
[1/9/2026, 10:38:10 PM] GET / 
[1/9/2026, 10:38:12 PM] GET /order 
[1/9/2026, 10:38:35 PM] GET / 
[1/9/2026, 10:38:36 PM] GET /Quan 
[1/9/2026, 10:38:37 PM] GET /Aosomi 
[1/9/2026, 10:38:38 PM] GET /Aodai 
[1/9/2026, 10:38:38 PM] GET /Vest 
[1/9/2026, 10:38:41 PM] GET /cart 
[1/9/2026, 10:38:42 PM] GET /api/ghn/provinces 
[1/9/2026, 10:38:43 PM] GET /api/ghn/districts/202 
[1/9/2026, 10:38:43 PM] GET /api/ghn/wards/1457 
[1/9/2026, 10:38:43 PM] POST /api/calc-shipping 
[1/9/2026, 10:38:45 PM] POST /api/calc-shipping 
[1/9/2026, 10:38:45 PM] POST /api/calc-shipping 
[1/9/2026, 10:45:28 PM] GET /cart 
[1/9/2026, 10:45:28 PM] GET /login 
[1/9/2026, 10:45:36 PM] POST /login 
[1/9/2026, 10:45:42 PM] POST /login 
[1/9/2026, 10:45:42 PM] GET / 
[1/9/2026, 10:46:01 PM] GET /product/695405b206e5d094d3f07e06 
[1/9/2026, 10:46:10 PM] POST /add-to-cart 
[1/9/2026, 10:46:26 PM] GET /product/695405b206e5d094d3f07e06 
[1/9/2026, 10:46:29 PM] POST /add-to-cart 
[1/9/2026, 10:46:32 PM] GET /product/695405b206e5d094d3f07e06 
[1/9/2026, 10:46:36 PM] GET /product/6953fe084a7cbb8ae5fd23de 
[1/9/2026, 10:46:41 PM] GET /Aodai 
[1/9/2026, 10:46:43 PM] GET /product/6952103878fe8886f673cc3f 
[1/9/2026, 10:46:45 PM] POST /add-to-cart 
[1/9/2026, 10:47:02 PM] GET / 
[1/9/2026, 10:47:04 PM] GET /product/6952103878fe8886f673cc43 
[1/9/2026, 10:47:07 PM] POST /add-to-cart 
[1/9/2026, 10:47:44 PM] POST /add-to-cart 
[1/9/2026, 10:48:09 PM] GET /login 
[1/9/2026, 10:48:14 PM] POST /login 
[1/9/2026, 10:48:14 PM] GET / 
[1/9/2026, 10:48:18 PM] GET /product/6952103878fe8886f673cc43 
[1/9/2026, 10:48:21 PM] POST /add-to-cart 
[1/9/2026, 10:48:24 PM] POST /add-to-cart 
[1/9/2026, 10:48:26 PM] GET / 
[1/9/2026, 10:50:37 PM] GET / 
[1/9/2026, 10:50:40 PM] GET /product/6953fc286077faa2b433cfca 
[1/9/2026, 10:50:41 PM] POST /add-to-cart 
[1/9/2026, 10:50:43 PM] GET /login 
[1/9/2026, 10:50:49 PM] POST /login 
[1/9/2026, 10:50:49 PM] GET / 
[1/9/2026, 10:50:50 PM] GET /product/6953fc286077faa2b433cfca 
[1/9/2026, 10:50:53 PM] POST /add-to-cart 
[1/9/2026, 10:50:55 PM] POST /add-to-cart 
[1/9/2026, 10:50:59 PM] GET /product/695405b206e5d094d3f07e06 
[1/9/2026, 10:51:08 PM] GET /product/6952103878fe8886f673cc43 
[1/9/2026, 10:51:09 PM] GET /login 
[1/9/2026, 10:51:13 PM] GET / 
[1/9/2026, 10:51:14 PM] GET /login 
[1/9/2026, 10:51:15 PM] GET /register 
[1/9/2026, 10:51:16 PM] GET /login 
[1/9/2026, 10:51:17 PM] GET / 
[1/9/2026, 10:51:18 PM] GET /login 
[1/9/2026, 10:51:19 PM] GET /register 
[1/9/2026, 10:51:20 PM] GET / 
[1/9/2026, 10:51:22 PM] GET /login 
[1/9/2026, 10:51:28 PM] POST /login 
[1/9/2026, 10:51:28 PM] GET / 
[1/9/2026, 10:51:31 PM] GET /product/6952103878fe8886f673cc43 
[1/9/2026, 10:51:33 PM] POST /add-to-cart 
[1/9/2026, 10:51:37 PM] POST /add-to-cart 
[1/9/2026, 10:51:40 PM] POST /add-to-cart 
[1/9/2026, 10:51:44 PM] GET /order 
[1/9/2026, 10:51:52 PM] GET / 
[1/10/2026, 1:04:56 PM] GET /login 
[1/10/2026, 1:04:57 PM] GET /favicon.ico 
[1/10/2026, 1:05:03 PM] POST /login 
[1/10/2026, 1:05:03 PM] GET / 
[1/10/2026, 1:05:08 PM] GET /product/6953fc286077faa2b433cfca 
[1/10/2026, 1:05:15 PM] GET /cart 
[1/10/2026, 1:05:15 PM] GET /socket.io/socket.io.js 
[1/10/2026, 1:06:22 PM] POST /place-order 
[1/10/2026, 1:08:28 PM] GET /logout 
[1/10/2026, 1:08:29 PM] GET / 
[1/10/2026, 1:08:31 PM] GET /login 
[1/10/2026, 1:08:38 PM] POST /login 
[1/10/2026, 1:08:38 PM] GET / 
[1/10/2026, 1:08:41 PM] GET /cart 
[1/10/2026, 1:08:41 PM] GET /socket.io/socket.io.js 
[1/10/2026, 1:09:04 PM] POST /place-order 
[1/10/2026, 1:09:11 PM] GET /order?code=00&id=d02aea0d8a3a4fe4994bee085e986c44&cancel=true&status=CANCELLED&orderCode=25344686 
[1/10/2026, 1:09:14 PM] GET /order/tracking/6961ed004a2e7f4011bdea34 
[1/10/2026, 1:17:54 PM] GET /order/tracking/6961ed004a2e7f4011bdea34 
[1/10/2026, 1:19:08 PM] GET /order/tracking/6961ed004a2e7f4011bdea34 
[1/10/2026, 1:19:12 PM] GET / 
[1/10/2026, 1:19:18 PM] GET / 
[1/10/2026, 1:19:21 PM] GET /order 
[1/10/2026, 1:19:25 PM] GET /cart 
[1/10/2026, 1:19:25 PM] GET /socket.io/socket.io.js 
[1/10/2026, 1:19:34 PM] GET /order 
[1/10/2026, 1:19:37 PM] GET /order/tracking/6961ed004a2e7f4011bdea34 
[1/10/2026, 1:35:52 PM] GET / 
[1/10/2026, 1:35:56 PM] GET /order 
[1/10/2026, 1:35:59 PM] GET /order/tracking/6961ed004a2e7f4011bdea34 
[1/10/2026, 1:36:09 PM] GET /order 
[1/10/2026, 1:36:12 PM] GET /order/tracking/69611a42a170f1b03425e022 
[1/10/2026, 1:36:19 PM] GET /order/tracking/6960aa2cddc69936b78338df 
[1/10/2026, 1:36:22 PM] GET /order/tracking/695fdf95daf3e333e4b5c860 
[1/10/2026, 1:36:24 PM] GET /order/tracking/695fd34e9ce84b5e249286fe 
[1/10/2026, 1:36:51 PM] GET /order/tracking/6961ed004a2e7f4011bdea34 
[1/10/2026, 1:37:02 PM] GET /order 
[1/10/2026, 1:37:31 PM] GET /order 
[1/10/2026, 1:37:34 PM] GET / 
[1/10/2026, 1:37:36 PM] GET /order 
[1/10/2026, 1:37:39 PM] GET /order/tracking/69611a42a170f1b03425e022 
[1/10/2026, 1:37:45 PM] GET /order/tracking/6961ed004a2e7f4011bdea34 
[1/10/2026, 1:37:48 PM] GET /order/tracking/695fdf95daf3e333e4b5c860 
[1/10/2026, 1:37:52 PM] GET /order/tracking/695fd34e9ce84b5e249286fe 
[1/10/2026, 1:38:09 PM] GET /cart 
[1/10/2026, 1:38:10 PM] GET /socket.io/socket.io.js 
[1/10/2026, 1:49:16 PM] GET /cart 
[1/10/2026, 1:49:17 PM] GET /socket.io/socket.io.js 
[1/10/2026, 1:49:20 PM] GET / 
[1/10/2026, 1:49:26 PM] GET /order 
[1/10/2026, 1:49:29 PM] GET /cart 
[1/10/2026, 1:49:30 PM] GET /socket.io/socket.io.js 
[1/10/2026, 1:50:20 PM] POST /place-order 
[1/10/2026, 1:50:26 PM] GET /order?code=00&id=202b0af765dd4b27921136a3e6a31877&cancel=true&status=CANCELLED&orderCode=27820849 
[1/10/2026, 1:50:26 PM] OPTIONS /order?code=00&id=202b0af765dd4b27921136a3e6a31877&cancel=true&status=CANCELLED&orderCode=27820849 
[1/10/2026, 1:50:30 PM] GET /order/tracking/6961f6acee5993bafafc4734 
[1/10/2026, 1:50:33 PM] GET /order/tracking/6961f6acee5993bafafc4734 
[1/10/2026, 1:50:54 PM] GET /cart 
[1/10/2026, 1:50:55 PM] GET /socket.io/socket.io.js 
[1/10/2026, 2:02:45 PM] GET /cart 
[1/10/2026, 2:02:46 PM] GET /socket.io/socket.io.js 
[1/10/2026, 2:02:50 PM] GET / 
[1/10/2026, 2:02:52 PM] GET /order 
[1/10/2026, 2:02:55 PM] GET /logout 
[1/10/2026, 2:02:55 PM] GET / 
[1/10/2026, 2:02:57 PM] GET /login 
[1/10/2026, 2:03:02 PM] POST /login 
[1/10/2026, 2:03:03 PM] GET / 
[1/10/2026, 2:03:05 PM] GET /cart 
[1/10/2026, 2:03:05 PM] GET /socket.io/socket.io.js 
[1/10/2026, 2:11:21 PM] GET /cart 
[1/10/2026, 2:11:22 PM] GET /socket.io/socket.io.js 
[1/10/2026, 2:11:22 PM] GET /api/ghn/provinces 
[1/10/2026, 2:11:27 PM] GET / 
[1/10/2026, 2:11:29 PM] GET /cart 
[1/10/2026, 2:11:29 PM] GET /socket.io/socket.io.js 
[1/10/2026, 2:11:29 PM] GET /api/ghn/provinces 
[1/10/2026, 2:11:37 PM] POST /update-cart 
[1/10/2026, 2:11:37 PM] GET /cart 
[1/10/2026, 2:11:38 PM] GET /socket.io/socket.io.js 
[1/10/2026, 2:11:38 PM] GET /api/ghn/provinces 
[1/10/2026, 2:19:13 PM] GET /cart 
[1/10/2026, 2:19:14 PM] GET /socket.io/socket.io.js 
[1/10/2026, 2:19:14 PM] GET /api/ghn/provinces 
[1/10/2026, 2:19:17 PM] GET / 
[1/10/2026, 2:19:20 PM] GET /cart 
[1/10/2026, 2:19:21 PM] GET /socket.io/socket.io.js 
[1/10/2026, 2:19:21 PM] GET /api/ghn/provinces 
[1/10/2026, 2:19:37 PM] GET /logout 
[1/10/2026, 2:19:37 PM] GET / 
[1/10/2026, 2:19:39 PM] GET /login 
[1/10/2026, 2:19:45 PM] POST /login 
[1/10/2026, 2:19:45 PM] GET / 
[1/10/2026, 2:19:48 PM] GET /cart 
[1/10/2026, 2:19:49 PM] GET /socket.io/socket.io.js 
[1/10/2026, 2:19:49 PM] GET /api/ghn/provinces 
[1/10/2026, 2:20:29 PM] GET /cart 
[1/10/2026, 2:20:29 PM] GET /socket.io/socket.io.js 
[1/10/2026, 2:20:30 PM] GET /api/ghn/provinces 
[1/10/2026, 2:20:30 PM] GET /api/ghn/districts/202 
[1/10/2026, 2:20:31 PM] GET /api/ghn/wards/1457 
[1/10/2026, 2:20:31 PM] POST /api/calc-shipping 
[1/10/2026, 2:20:36 PM] POST /api/calc-shipping 
[1/10/2026, 2:20:38 PM] POST /api/calc-shipping 
[1/10/2026, 2:20:39 PM] POST /api/calc-shipping 
[1/10/2026, 2:20:41 PM] POST /api/calc-shipping 
[1/10/2026, 2:20:41 PM] POST /api/calc-shipping 
[1/10/2026, 2:20:45 PM] POST /api/calc-shipping 
[1/10/2026, 2:20:46 PM] POST /api/calc-shipping 
[1/10/2026, 2:20:47 PM] POST /api/calc-shipping 
[1/10/2026, 2:20:47 PM] POST /api/calc-shipping 
[1/10/2026, 2:20:49 PM] POST /place-order 
[1/10/2026, 2:21:10 PM] POST /api/payos-webhook 
[1/10/2026, 2:21:17 PM] GET /order?code=00&id=7009594df0ed4aa38c039977212c9b78&cancel=false&status=PAID&orderCode=29649693 
[1/10/2026, 2:21:22 PM] GET /order?code=00&id=7009594df0ed4aa38c039977212c9b78&cancel=false&status=PAID&orderCode=29649693 
[1/10/2026, 2:21:40 PM] GET /order/tracking/6961fdd1a177ed4d311d8279 
[1/10/2026, 2:23:11 PM] POST /api/payos-webhook 
[1/10/2026, 2:23:11 PM] GET /order?code=00&id=7009594df0ed4aa38c039977212c9b78&cancel=false&status=PAID&orderCode=29649693 
[1/10/2026, 2:23:15 PM] GET /order/tracking/6961fdd1a177ed4d311d8279 
[1/10/2026, 2:23:24 PM] GET / 
[1/10/2026, 2:23:27 PM] GET /product/6953fe084a7cbb8ae5fd23de 
[1/10/2026, 2:23:30 PM] GET /product/695405b206e5d094d3f07e06 
[1/10/2026, 2:23:32 PM] POST /add-to-cart 
[1/10/2026, 2:23:34 PM] GET /cart 
[1/10/2026, 2:23:35 PM] GET /socket.io/socket.io.js 
[1/10/2026, 2:23:35 PM] GET /api/ghn/provinces 
[1/10/2026, 2:23:36 PM] GET /api/ghn/districts/202 
[1/10/2026, 2:23:36 PM] GET /api/ghn/wards/1457 
[1/10/2026, 2:23:37 PM] POST /api/calc-shipping 
[1/10/2026, 2:23:39 PM] POST /api/calc-shipping 
[1/10/2026, 2:23:41 PM] POST /place-order 
[1/10/2026, 2:24:44 PM] POST /api/payos-webhook 
[1/10/2026, 2:24:50 PM] GET /order?code=00&id=d973ce5eb17442e89aa9f73c485beddd&cancel=false&status=PAID&orderCode=29821899 
[1/10/2026, 2:24:58 PM] GET /order/tracking/6961fe7d1ef7fd471fe16a11 
[1/10/2026, 2:26:18 PM] GET / 
[1/10/2026, 2:26:19 PM] GET /favicon.ico 
[1/10/2026, 2:26:25 PM] GET /login 
[1/10/2026, 2:26:30 PM] POST /login 
[1/10/2026, 2:26:30 PM] GET / 
[1/10/2026, 2:26:35 PM] GET /cart 
[1/10/2026, 2:26:36 PM] GET /socket.io/socket.io.js 
[1/10/2026, 2:26:36 PM] GET /api/ghn/provinces 
[1/10/2026, 2:26:37 PM] GET /api/ghn/districts/202 
[1/10/2026, 2:26:38 PM] GET /api/ghn/wards/1457 
[1/10/2026, 2:26:38 PM] POST /api/calc-shipping 
[1/10/2026, 2:26:41 PM] POST /api/calc-shipping 
[1/10/2026, 2:26:43 PM] POST /save-profile 
[1/10/2026, 2:26:47 PM] GET /order 
[1/10/2026, 2:26:49 PM] GET /order/tracking/6961fe7d1ef7fd471fe16a11 
[1/10/2026, 2:27:28 PM] GET /order/tracking/6961fe7d1ef7fd471fe16a11 
[1/10/2026, 2:27:31 PM] GET / 
[1/10/2026, 2:27:36 PM] GET /product/6952103878fe8886f673cc43 
[1/10/2026, 2:27:38 PM] GET /product/6952103878fe8886f673cc37 
[1/10/2026, 2:27:40 PM] GET /product/6952103878fe8886f673cc43 
[1/10/2026, 2:27:43 PM] GET /product/6952103878fe8886f673cc37 
[1/10/2026, 2:27:52 PM] GET /login 
[1/10/2026, 2:27:58 PM] GET /admin 
[1/10/2026, 2:27:58 PM] GET /admin/login 
[1/10/2026, 2:28:15 PM] POST /admin/login 
[1/10/2026, 2:28:15 PM] GET /admin 
[1/10/2026, 2:28:16 PM] GET /socket.io/socket.io.js 
[1/10/2026, 2:29:01 PM] GET /admin/homepage 
[1/10/2026, 2:29:36 PM] POST /admin/homepage 
[1/10/2026, 2:29:39 PM] GET /admin/homepage?success=true 
[1/10/2026, 2:29:50 PM] GET / 
[1/10/2026, 2:30:54 PM] POST /admin/homepage 
[1/10/2026, 2:30:54 PM] GET /admin/homepage?success=true 
[1/10/2026, 2:30:59 PM] GET / 
[1/10/2026, 2:36:26 PM] GET /product/695405b206e5d094d3f07e06 
[1/10/2026, 2:36:28 PM] GET /logout 
[1/10/2026, 2:36:29 PM] GET / 
[1/10/2026, 2:36:31 PM] GET /login 
[1/10/2026, 2:36:36 PM] POST /login 
[1/10/2026, 2:36:37 PM] GET / 
[1/10/2026, 2:36:39 PM] GET /cart 
[1/10/2026, 2:36:39 PM] GET /socket.io/socket.io.js 
[1/10/2026, 2:36:40 PM] GET /api/ghn/provinces 
[1/10/2026, 2:36:40 PM] GET /api/ghn/districts/202 
[1/10/2026, 2:36:41 PM] GET /api/ghn/wards/1457 
[1/10/2026, 2:36:41 PM] POST /api/calc-shipping 
[1/10/2026, 2:36:44 PM] GET /product/695405b206e5d094d3f07e06 
[1/10/2026, 2:36:46 PM] POST /add-to-cart 
[1/10/2026, 2:36:47 PM] GET /cart 
[1/10/2026, 2:36:48 PM] GET /socket.io/socket.io.js 
[1/10/2026, 2:36:48 PM] GET /api/ghn/provinces 
[1/10/2026, 2:36:49 PM] GET /api/ghn/districts/202 
[1/10/2026, 2:36:49 PM] GET /api/ghn/wards/1457 
[1/10/2026, 2:36:49 PM] POST /api/calc-shipping 
[1/10/2026, 2:36:50 PM] POST /api/calc-shipping 
[1/10/2026, 2:36:52 PM] POST /place-order 
[1/10/2026, 2:37:21 PM] POST /api/payos-webhook 
[1/10/2026, 2:37:27 PM] GET /order?code=00&id=d14a1323f5fa4918844b78e1f8ae6a9c&cancel=false&status=PAID&orderCode=30612218 
[1/10/2026, 2:38:02 PM] GET /order?code=00&id=d14a1323f5fa4918844b78e1f8ae6a9c&cancel=false&status=PAID&orderCode=30612218 
[1/10/2026, 2:38:05 PM] GET /order/tracking/69620194ffecfb908258f993 
[1/10/2026, 2:44:28 PM] GET / 
[1/10/2026, 2:44:30 PM] GET /cart 
[1/10/2026, 2:44:31 PM] GET /socket.io/socket.io.js 
[1/10/2026, 2:44:31 PM] GET /api/ghn/provinces 
[1/10/2026, 2:44:32 PM] GET /api/ghn/districts/202 
[1/10/2026, 2:44:33 PM] GET /api/ghn/wards/1457 
[1/10/2026, 2:44:33 PM] POST /api/calc-shipping 
[1/10/2026, 2:45:07 PM] POST /api/calc-shipping 
[1/10/2026, 2:45:08 PM] POST /save-profile 
[1/10/2026, 2:45:13 PM] GET /cart 
[1/10/2026, 2:45:13 PM] GET /socket.io/socket.io.js 
[1/10/2026, 2:45:14 PM] GET /api/ghn/provinces 
[1/10/2026, 2:45:14 PM] GET /api/ghn/districts/202 
[1/10/2026, 2:45:15 PM] GET /api/ghn/wards/1457 
[1/10/2026, 2:45:15 PM] POST /api/calc-shipping 
[1/10/2026, 2:45:18 PM] POST /api/calc-shipping 
[1/10/2026, 2:45:19 PM] POST /save-profile 
[1/10/2026, 2:45:37 PM] GET /cart 
[1/10/2026, 2:45:38 PM] GET /socket.io/socket.io.js 
[1/10/2026, 2:45:38 PM] GET /api/ghn/provinces 
[1/10/2026, 2:45:39 PM] GET /api/ghn/districts/202 
[1/10/2026, 2:45:39 PM] GET /api/ghn/wards/1457 
[1/10/2026, 2:45:40 PM] POST /api/calc-shipping 
[1/10/2026, 2:45:42 PM] POST /api/calc-shipping 
[1/10/2026, 2:45:44 PM] POST /api/calc-shipping 
[1/10/2026, 2:45:45 PM] POST /save-profile 
[1/10/2026, 2:46:29 PM] GET /api/ghn/districts/216 
[1/10/2026, 2:46:31 PM] GET /api/ghn/wards/3200 
[1/10/2026, 2:46:32 PM] POST /api/calc-shipping 
[1/10/2026, 2:46:45 PM] GET / 
[1/10/2026, 2:46:48 PM] GET /product/695405b206e5d094d3f07e06 
[1/10/2026, 2:46:50 PM] POST /add-to-cart 
[1/10/2026, 2:46:51 PM] GET /cart 
[1/10/2026, 2:46:52 PM] GET /socket.io/socket.io.js 
[1/10/2026, 2:46:52 PM] GET /api/ghn/provinces 
[1/10/2026, 2:46:53 PM] GET /api/ghn/districts/202 
[1/10/2026, 2:46:53 PM] GET /api/ghn/wards/1457 
[1/10/2026, 2:46:54 PM] POST /api/calc-shipping 
[1/10/2026, 2:46:55 PM] GET /api/ghn/districts/212 
[1/10/2026, 2:46:57 PM] GET /api/ghn/wards/2084 
[1/10/2026, 2:47:02 PM] POST /api/calc-shipping 
[1/10/2026, 2:47:04 PM] POST /save-profile 
[1/10/2026, 2:47:07 PM] POST /api/calc-shipping 
[1/10/2026, 2:47:08 PM] POST /place-order 
[1/10/2026, 2:47:35 PM] POST /api/payos-webhook 
[1/10/2026, 2:47:42 PM] GET /order?code=00&id=2a877ef98fdb4372adbac5b214d7a475&cancel=false&status=PAID&orderCode=31228818 
[1/10/2026, 2:48:06 PM] GET /order/tracking/696203fcffecfb908258fca0 
[1/10/2026, 2:49:20 PM] GET /order 
[1/10/2026, 2:49:22 PM] GET /order/tracking/69620194ffecfb908258f993 
[1/10/2026, 2:49:26 PM] GET /order/tracking/696203fcffecfb908258fca0 
[1/10/2026, 2:49:29 PM] GET /order 
[1/10/2026, 2:54:04 PM] GET / 
[1/10/2026, 2:54:07 PM] GET /product/695405b206e5d094d3f07e06 
[1/10/2026, 2:54:09 PM] POST /add-to-cart 
[1/10/2026, 2:54:10 PM] GET /cart 
[1/10/2026, 2:54:11 PM] GET /socket.io/socket.io.js 
[1/10/2026, 2:54:11 PM] GET /api/ghn/provinces 
[1/10/2026, 2:54:12 PM] GET /api/ghn/districts/212 
[1/10/2026, 2:54:13 PM] GET /api/ghn/wards/2084 
[1/10/2026, 2:54:13 PM] POST /api/calc-shipping 
[1/10/2026, 2:54:14 PM] POST /api/calc-shipping 
[1/10/2026, 2:54:18 PM] POST /place-order 
[1/10/2026, 2:54:42 PM] POST /api/payos-webhook 
[1/10/2026, 2:54:51 PM] GET /order?code=00&id=bc2307740f744a19b7bc557b54fbf25a&cancel=false&status=PAID&orderCode=31658955 
[1/10/2026, 2:54:55 PM] GET /order/tracking/696205aa8590fff33513b269 
[1/10/2026, 2:55:01 PM] GET /order 
[1/10/2026, 2:56:20 PM] GET / 
[1/10/2026, 2:56:23 PM] GET /product/695405b206e5d094d3f07e06 
[1/10/2026, 2:56:25 PM] POST /add-to-cart 
[1/10/2026, 2:56:27 PM] GET /cart 
[1/10/2026, 2:56:27 PM] GET /socket.io/socket.io.js 
[1/10/2026, 2:56:28 PM] GET /api/ghn/provinces 
[1/10/2026, 2:56:28 PM] GET /api/ghn/districts/212 
[1/10/2026, 2:56:29 PM] GET /api/ghn/wards/2084 
[1/10/2026, 2:56:29 PM] POST /api/calc-shipping 
[1/10/2026, 2:56:30 PM] POST /api/calc-shipping 
[1/10/2026, 2:56:32 PM] POST /place-order 
[1/10/2026, 2:56:54 PM] POST /api/payos-webhook 
[1/10/2026, 2:57:00 PM] GET /order?code=00&id=fb4decd9c82a4175a1959ddc72e169ce&cancel=false&status=PAID&orderCode=31793145 
[1/10/2026, 3:02:55 PM] GET / 
[1/10/2026, 3:02:57 PM] GET /order 
[1/10/2026, 3:02:59 PM] GET /order/tracking/69620631b0aa801d81fcb01d 
[1/10/2026, 3:14:17 PM] GET / 
[1/10/2026, 3:14:18 PM] GET /favicon.ico 
[1/10/2026, 3:14:24 PM] GET /Aodai 
[1/10/2026, 3:14:25 PM] GET /Aosomi 
[1/10/2026, 3:14:27 PM] GET /Quan 
[1/10/2026, 3:14:28 PM] GET /Vest 
[1/10/2026, 3:14:29 PM] GET /cart 
[1/10/2026, 3:14:30 PM] GET /socket.io/socket.io.js 
[1/10/2026, 3:14:30 PM] GET /api/ghn/provinces 
[1/10/2026, 3:14:31 PM] GET /cart 
[1/10/2026, 3:14:31 PM] GET /api/ghn/districts/202 
[1/10/2026, 3:14:31 PM] GET /socket.io/socket.io.js 
[1/10/2026, 3:14:32 PM] GET /order 
[1/10/2026, 3:14:35 PM] GET /order/tracking/69620631b0aa801d81fcb01d 
[1/10/2026, 3:14:37 PM] GET /order 
[1/10/2026, 3:14:39 PM] GET /cart 
[1/10/2026, 3:14:40 PM] GET /socket.io/socket.io.js 
[1/10/2026, 3:14:40 PM] GET /api/ghn/provinces 
[1/10/2026, 3:14:40 PM] GET /order 
[1/10/2026, 3:14:41 PM] GET /api/ghn/districts/202 
[1/10/2026, 3:14:42 PM] GET /order/tracking/69620631b0aa801d81fcb01d 
[1/10/2026, 3:14:49 PM] GET /cart 
[1/10/2026, 3:14:50 PM] GET /socket.io/socket.io.js 
[1/10/2026, 3:14:50 PM] GET /api/ghn/provinces 
[1/10/2026, 3:14:51 PM] GET /api/ghn/districts/202 
[1/10/2026, 3:14:52 PM] GET /api/ghn/wards/1457 
[1/10/2026, 3:14:52 PM] POST /api/calc-shipping 
[1/10/2026, 3:14:54 PM] POST /api/calc-shipping 
[1/10/2026, 3:14:54 PM] POST /api/calc-shipping 
[1/10/2026, 3:15:00 PM] POST /api/calc-shipping 
[1/10/2026, 3:15:01 PM] POST /save-profile 
[1/10/2026, 3:15:05 PM] GET /cart 
[1/10/2026, 3:15:05 PM] GET /socket.io/socket.io.js 
[1/10/2026, 3:15:06 PM] GET /api/ghn/provinces 
[1/10/2026, 3:15:07 PM] GET /api/ghn/districts/202 
[1/10/2026, 3:15:07 PM] GET /api/ghn/wards/1457 
[1/10/2026, 3:15:08 PM] POST /api/calc-shipping 
[1/10/2026, 3:15:12 PM] GET / 
[1/10/2026, 3:15:23 PM] GET /product/6952103878fe8886f673cc37 
[1/10/2026, 3:15:49 PM] GET /product/695405b206e5d094d3f07e06 
[1/10/2026, 3:15:52 PM] GET /cart 
[1/10/2026, 3:15:52 PM] GET /socket.io/socket.io.js 
[1/10/2026, 3:15:52 PM] GET /api/ghn/provinces 
[1/10/2026, 3:15:53 PM] GET /api/ghn/districts/202 
[1/10/2026, 3:15:54 PM] GET /api/ghn/wards/1457 
[1/10/2026, 3:15:54 PM] GET /order 
[1/10/2026, 3:15:54 PM] POST /api/calc-shipping 
[1/10/2026, 3:15:57 PM] GET / 
[1/10/2026, 3:16:41 PM] GET / 
[1/10/2026, 3:16:42 PM] GET /product/6952103878fe8886f673cc43 
[1/10/2026, 3:16:52 PM] GET /product/6952103878fe8886f673cc37 
[1/10/2026, 3:16:56 PM] GET /product/6952103878fe8886f673cc37?productId=6952103878fe8886f673cc37&quantity=1&size=&productSize=L 
[1/10/2026, 3:16:58 PM] GET /product/6952103878fe8886f673cc37?productId=6952103878fe8886f673cc37&quantity=1&size=&productSize=S 
[1/10/2026, 3:17:16 PM] GET /product/6952103878fe8886f673cc37?productId=6952103878fe8886f673cc37&quantity=1&size=&productSize=S 
[1/10/2026, 3:18:07 PM] GET /order/tracking/69620631b0aa801d81fcb01d 
[1/10/2026, 3:18:08 PM] GET / 
[1/10/2026, 3:18:10 PM] GET /product/6953eb87f43ead5fda718500 
[1/10/2026, 3:18:13 PM] GET /product/6952103878fe8886f673cc37 
[1/10/2026, 7:29:05 PM] GET /login 
[1/10/2026, 7:29:07 PM] GET /favicon.ico 
[1/10/2026, 7:29:08 PM] GET / 
[1/10/2026, 7:29:10 PM] GET /login 
[1/10/2026, 7:29:17 PM] POST /login 
[1/10/2026, 7:29:17 PM] GET / 
[1/10/2026, 7:29:24 PM] GET /product/6952103878fe8886f673cc43 
[1/10/2026, 7:29:30 PM] POST /add-to-cart 
[1/10/2026, 7:29:33 PM] POST /add-to-cart 
[1/10/2026, 7:29:39 PM] POST /add-to-cart 
[1/10/2026, 7:29:43 PM] GET /Phukien 
[1/10/2026, 7:29:46 PM] GET /product/6952103878fe8886f673cc4b 
[1/10/2026, 7:29:48 PM] POST /add-to-cart 
[1/10/2026, 7:29:51 PM] GET /product/6952103878fe8886f673cc4f 
[1/10/2026, 7:29:53 PM] GET /cart 
[1/10/2026, 7:29:54 PM] GET /socket.io/socket.io.js 
[1/10/2026, 7:29:54 PM] GET /api/ghn/provinces 
[1/10/2026, 7:29:55 PM] GET /api/ghn/districts/202 
[1/10/2026, 7:29:55 PM] GET /api/ghn/wards/1457 
[1/10/2026, 7:29:57 PM] POST /api/calc-shipping 
[1/10/2026, 7:29:58 PM] POST /api/calc-shipping 
[1/10/2026, 7:29:59 PM] POST /api/calc-shipping 
[1/10/2026, 7:30:00 PM] POST /api/calc-shipping 
[1/10/2026, 7:30:00 PM] POST /api/calc-shipping 
[1/10/2026, 7:30:08 PM] GET / 
[1/10/2026, 7:30:18 PM] GET /product/695405b206e5d094d3f07e06 
[1/10/2026, 7:30:18 PM] GET /product/695405b206e5d094d3f07e06 
[1/10/2026, 7:49:56 PM] GET /product/6953eb87f43ead5fda718500 
[1/10/2026, 7:50:06 PM] GET /Phukien 
[1/10/2026, 7:50:08 PM] GET /product/6952103878fe8886f673cc4f 
[1/10/2026, 7:50:10 PM] GET / 
[1/10/2026, 7:50:12 PM] GET /Quan 
[1/10/2026, 7:50:14 PM] GET /cart 
[1/10/2026, 7:50:14 PM] GET /socket.io/socket.io.js 
[1/10/2026, 7:50:15 PM] GET /api/ghn/provinces 
[1/10/2026, 7:50:15 PM] GET /api/ghn/districts/202 
[1/10/2026, 7:50:16 PM] GET /order 
[1/10/2026, 7:50:16 PM] GET /api/ghn/wards/1457 
[1/10/2026, 7:50:19 PM] GET /order/tracking/69620631b0aa801d81fcb01d 
[1/10/2026, 7:50:23 PM] GET /order/tracking/696205aa8590fff33513b269 
[1/10/2026, 7:50:27 PM] GET /order/tracking/6961f6acee5993bafafc4734 
[1/10/2026, 7:50:34 PM] GET / 
[1/10/2026, 7:51:52 PM] GET /cart 
[1/10/2026, 7:51:53 PM] GET /socket.io/socket.io.js 
[1/10/2026, 7:51:53 PM] GET /api/ghn/provinces 
[1/10/2026, 7:51:54 PM] GET /api/ghn/districts/202 
[1/10/2026, 7:51:55 PM] GET /api/ghn/wards/1457 
[1/10/2026, 7:51:55 PM] POST /api/calc-shipping 
[1/10/2026, 7:51:57 PM] POST /api/calc-shipping 
[1/10/2026, 7:51:58 PM] POST /save-profile 
[1/10/2026, 7:52:02 PM] GET / 
[1/10/2026, 7:52:04 PM] GET /cart 
[1/10/2026, 7:52:06 PM] GET /socket.io/socket.io.js 
[1/10/2026, 7:52:06 PM] GET /api/ghn/provinces 
[1/10/2026, 7:52:07 PM] GET /api/ghn/districts/202 
[1/10/2026, 7:52:07 PM] GET /api/ghn/wards/1457 
[1/10/2026, 7:52:07 PM] POST /api/calc-shipping 
[1/10/2026, 7:52:53 PM] POST /api/calc-shipping 
[1/10/2026, 7:52:54 PM] POST /save-profile 
[1/10/2026, 7:53:00 PM] GET /cart 
[1/10/2026, 7:53:00 PM] GET /socket.io/socket.io.js 
[1/10/2026, 7:53:01 PM] GET /api/ghn/provinces 
[1/10/2026, 7:53:01 PM] GET /api/ghn/districts/202 
[1/10/2026, 7:53:02 PM] GET /api/ghn/wards/1457 
[1/10/2026, 7:53:02 PM] POST /api/calc-shipping 
[1/10/2026, 7:53:05 PM] POST /api/calc-shipping 
[1/10/2026, 7:53:06 PM] POST /save-profile 
[1/10/2026, 7:53:11 PM] GET /cart 
[1/10/2026, 7:53:11 PM] GET /socket.io/socket.io.js 
[1/10/2026, 7:53:12 PM] GET /api/ghn/provinces 
[1/10/2026, 7:53:12 PM] GET /api/ghn/districts/202 
[1/10/2026, 7:53:13 PM] GET /api/ghn/wards/1457 
[1/10/2026, 7:53:13 PM] POST /api/calc-shipping 
[1/10/2026, 7:58:06 PM] GET /cart 
[1/10/2026, 7:58:07 PM] GET /socket.io/socket.io.js 
[1/10/2026, 7:58:07 PM] GET /api/ghn/provinces 
[1/10/2026, 7:58:08 PM] GET /api/ghn/districts/202 
[1/10/2026, 7:58:08 PM] GET /api/ghn/wards/1457 
[1/10/2026, 7:58:09 PM] POST /api/calc-shipping 
[1/10/2026, 7:58:11 PM] POST /api/calc-shipping 
[1/10/2026, 7:58:12 PM] POST /save-profile 
[1/10/2026, 7:58:15 PM] GET /cart 
[1/10/2026, 7:58:16 PM] GET /socket.io/socket.io.js 
[1/10/2026, 7:58:17 PM] GET /api/ghn/provinces 
[1/10/2026, 7:58:17 PM] GET /api/ghn/districts/202 
[1/10/2026, 7:58:18 PM] GET /api/ghn/wards/1457 
[1/10/2026, 7:58:18 PM] POST /api/calc-shipping 
[1/10/2026, 8:09:30 PM] GET / 
[1/10/2026, 8:09:33 PM] GET /product/695405b206e5d094d3f07e06 
[1/10/2026, 8:09:37 PM] POST /add-to-cart 
[1/10/2026, 8:09:38 PM] GET /cart 
[1/10/2026, 8:09:39 PM] GET /socket.io/socket.io.js 
[1/10/2026, 8:09:39 PM] GET /api/ghn/provinces 
[1/10/2026, 8:09:40 PM] GET /api/ghn/districts/202 
[1/10/2026, 8:09:40 PM] GET /api/ghn/wards/1457 
[1/10/2026, 8:09:41 PM] POST /api/calc-shipping 
[1/10/2026, 8:09:42 PM] POST /api/calc-shipping 
[1/10/2026, 8:09:44 PM] POST /place-order 
[1/10/2026, 8:10:01 PM] POST /api/payos-webhook 
[1/10/2026, 8:10:08 PM] GET /order?code=00&id=910e4a6c8bb84117b1d550818c9c3114&cancel=false&status=PAID&orderCode=50585019 
[1/10/2026, 8:12:30 PM] GET /order?code=00&id=910e4a6c8bb84117b1d550818c9c3114&cancel=false&status=PAID&orderCode=50585019 
[1/10/2026, 8:12:32 PM] GET / 
[1/10/2026, 8:12:35 PM] GET /product/695405b206e5d094d3f07e06 
[1/10/2026, 8:12:37 PM] POST /add-to-cart 
[1/10/2026, 8:12:38 PM] GET /cart 
[1/10/2026, 8:12:39 PM] GET /socket.io/socket.io.js 
[1/10/2026, 8:12:39 PM] GET /api/ghn/provinces 
[1/10/2026, 8:12:47 PM] GET /cart 
[1/10/2026, 8:12:48 PM] GET /socket.io/socket.io.js 
[1/10/2026, 8:12:48 PM] GET /api/ghn/provinces 
[1/10/2026, 8:13:49 PM] GET /cart 
[1/10/2026, 8:13:50 PM] GET /socket.io/socket.io.js 
[1/10/2026, 8:13:50 PM] GET /api/ghn/provinces 
[1/10/2026, 8:13:51 PM] GET /api/ghn/districts/202 
[1/10/2026, 8:13:52 PM] GET /api/ghn/wards/1457 
[1/10/2026, 8:13:53 PM] POST /api/calc-shipping 
[1/10/2026, 8:13:56 PM] POST /api/calc-shipping 
[1/10/2026, 8:13:58 PM] POST /place-order 
[1/10/2026, 8:14:35 PM] POST /api/payos-webhook 
[1/10/2026, 8:14:41 PM] GET /order?code=00&id=cc7f7a35c8c3405f907e5c02c3ccac4f&cancel=false&status=PAID&orderCode=50838735 
[1/10/2026, 8:17:10 PM] GET / 
[1/10/2026, 8:17:13 PM] GET /product/695405b206e5d094d3f07e06 
[1/10/2026, 8:17:15 PM] POST /add-to-cart 
[1/10/2026, 8:17:17 PM] GET /login 
[1/10/2026, 8:18:28 PM] POST /add-to-cart 
[1/10/2026, 8:18:29 PM] GET /cart 
[1/10/2026, 8:18:30 PM] GET /socket.io/socket.io.js 
[1/10/2026, 8:18:30 PM] GET /api/ghn/provinces 
[1/10/2026, 8:18:31 PM] GET /api/ghn/districts/202 
[1/10/2026, 8:18:32 PM] GET /api/ghn/wards/1457 
[1/10/2026, 8:18:33 PM] POST /api/calc-shipping 
[1/10/2026, 8:18:33 PM] POST /update-cart 
[1/10/2026, 8:18:33 PM] GET /cart 
[1/10/2026, 8:18:34 PM] GET /socket.io/socket.io.js 
[1/10/2026, 8:18:35 PM] GET /api/ghn/provinces 
[1/10/2026, 8:18:35 PM] GET /api/ghn/districts/202 
[1/10/2026, 8:18:36 PM] GET /api/ghn/wards/1457 
[1/10/2026, 8:18:36 PM] POST /api/calc-shipping 
[1/10/2026, 8:18:38 PM] POST /api/calc-shipping 
[1/10/2026, 8:18:42 PM] POST /place-order 
[1/10/2026, 8:19:37 PM] POST /api/payos-webhook 
[1/10/2026, 8:19:43 PM] GET /order?code=00&id=e7ee9d127ea940cba7a8f79e6562c4a1&cancel=false&status=PAID&orderCode=51122779 
[1/10/2026, 8:24:16 PM] GET / 
[1/10/2026, 8:24:18 PM] GET /product/695405b206e5d094d3f07e06 
[1/10/2026, 8:24:19 PM] POST /add-to-cart 
[1/10/2026, 8:24:20 PM] GET /cart 
[1/10/2026, 8:24:21 PM] GET /socket.io/socket.io.js 
[1/10/2026, 8:24:21 PM] GET /api/ghn/provinces 
[1/10/2026, 8:24:22 PM] GET /api/ghn/districts/202 
[1/10/2026, 8:24:23 PM] GET /api/ghn/wards/1457 
[1/10/2026, 8:24:23 PM] POST /api/calc-shipping 
[1/10/2026, 8:24:24 PM] POST /place-order 
[1/10/2026, 8:24:48 PM] POST /api/payos-webhook 
[1/10/2026, 8:24:53 PM] GET /order?code=00&id=f79375156d2044629f14cce628f8263a&cancel=false&status=PAID&orderCode=51464678 
[1/10/2026, 8:27:06 PM] GET / 
[1/10/2026, 8:27:09 PM] GET /product/695405b206e5d094d3f07e06 
[1/10/2026, 8:27:14 PM] POST /add-to-cart 
[1/10/2026, 8:27:15 PM] GET /cart 
[1/10/2026, 8:27:15 PM] GET /socket.io/socket.io.js 
[1/10/2026, 8:27:16 PM] GET /api/ghn/provinces 
[1/10/2026, 8:27:17 PM] GET /api/ghn/districts/202 
[1/10/2026, 8:27:18 PM] GET /api/ghn/wards/1457 
[1/10/2026, 8:27:18 PM] POST /api/calc-shipping 
[1/10/2026, 8:27:20 PM] POST /place-order 
[1/10/2026, 8:27:46 PM] POST /api/payos-webhook 
[1/10/2026, 8:27:53 PM] GET /order?code=00&id=05d49937b4f6429f926ce79354596025&cancel=false&status=PAID&orderCode=51640493 
[1/10/2026, 8:30:22 PM] GET / 
[1/10/2026, 8:30:25 PM] GET /product/695405b206e5d094d3f07e06 
[1/10/2026, 8:30:27 PM] POST /add-to-cart 
[1/10/2026, 8:30:28 PM] GET /cart 
[1/10/2026, 8:30:29 PM] GET /socket.io/socket.io.js 
[1/10/2026, 8:30:30 PM] GET /api/ghn/provinces 
[1/10/2026, 8:30:30 PM] GET /api/ghn/districts/202 
[1/10/2026, 8:30:31 PM] GET /api/ghn/wards/1457 
[1/10/2026, 8:30:32 PM] POST /api/calc-shipping 
[1/10/2026, 8:30:33 PM] POST /api/calc-shipping 
[1/10/2026, 8:30:33 PM] POST /api/calc-shipping 
[1/10/2026, 8:30:35 PM] POST /place-order 
[1/10/2026, 8:31:04 PM] POST /api/payos-webhook 
[1/10/2026, 8:31:10 PM] GET /order?code=00&id=dfb5862a44ed484397cb043a5b7a6dab&cancel=false&status=PAID&orderCode=51835197 
[1/10/2026, 9:36:35 PM] GET /order?code=00&id=dfb5862a44ed484397cb043a5b7a6dab&cancel=false&status=PAID&orderCode=51835197 
[1/10/2026, 9:36:36 PM] GET /login 
[1/10/2026, 9:36:41 PM] POST /login 
[1/10/2026, 9:36:42 PM] GET / 
[1/10/2026, 9:36:44 PM] GET /order 
[1/10/2026, 9:36:57 PM] GET /order/tracking/69624f996f2556a21e92c8f6 
[1/10/2026, 9:37:50 PM] GET /order 
[1/10/2026, 9:37:53 PM] GET /order/tracking/69624f996f2556a21e92c8f6 
[1/10/2026, 9:38:03 PM] GET /order 
[1/10/2026, 9:38:06 PM] GET /order/tracking/69620631b0aa801d81fcb01d 
[1/10/2026, 9:39:21 PM] GET /order 
[1/10/2026, 9:39:40 PM] GET /order/tracking/69624f996f2556a21e92c8f6 
[1/10/2026, 9:41:52 PM] GET /order 
[1/10/2026, 9:41:55 PM] GET /order/tracking/69624f996f2556a21e92c8f6 
[1/10/2026, 9:41:59 PM] GET /order 
[1/10/2026, 10:00:40 PM] GET / 
[1/10/2026, 10:00:43 PM] GET /favicon.ico 
[1/10/2026, 10:00:45 PM] GET /admin 
[1/10/2026, 10:00:45 PM] GET /admin/login 
[1/10/2026, 10:00:51 PM] POST /admin/login 
[1/10/2026, 10:00:51 PM] GET /admin 
[1/10/2026, 10:00:52 PM] GET /socket.io/socket.io.js 
[1/10/2026, 10:00:54 PM] GET /admin/orders 
[1/10/2026, 10:08:27 PM] GET /admin/orders 
[1/10/2026, 10:08:43 PM] POST /admin/orders/update-payment/6962547b1b14b6a53cd3ecd4 
[1/10/2026, 10:15:47 PM] GET /admin/orders 
[1/10/2026, 10:15:53 PM] POST /admin/orders/update-payment/6962547b1b14b6a53cd3ecd4 
[1/10/2026, 10:15:54 PM] GET /admin/orders 
[1/10/2026, 10:16:00 PM] POST /admin/orders/update-payment/6962547b1b14b6a53cd3ecd4 
[1/10/2026, 10:19:24 PM] GET /admin/orders 
[1/10/2026, 10:21:52 PM] GET /admin/orders 
[1/10/2026, 10:25:32 PM] GET /admin/orders 
[1/10/2026, 10:25:37 PM] POST /admin/orders/update-status/6962547b1b14b6a53cd3ecd4 
[1/10/2026, 10:25:37 PM] GET /admin/orders 
[1/10/2026, 10:25:41 PM] POST /admin/orders/update-status/6962547b1b14b6a53cd3ecd4 
[1/10/2026, 10:25:42 PM] GET /admin/orders 
[1/10/2026, 10:25:50 PM] POST /admin/orders/update-status/6962547b1b14b6a53cd3ecd4 
[1/10/2026, 10:25:50 PM] GET /admin/orders 
[1/10/2026, 10:25:57 PM] POST /admin/orders/update-status/6962547b1b14b6a53cd3ecd4 
[1/10/2026, 10:25:57 PM] GET /admin/orders 
[1/10/2026, 10:26:01 PM] POST /admin/orders/update-status/6962547b1b14b6a53cd3ecd4 
[1/10/2026, 10:26:01 PM] GET /admin/orders 
[1/10/2026, 10:39:54 PM] GET /admin/orders 
[1/10/2026, 10:40:00 PM] POST /admin/orders/update-status/6962547b1b14b6a53cd3ecd4 
[1/10/2026, 10:40:00 PM] GET /admin/orders 
[1/10/2026, 10:40:19 PM] POST /admin/orders/update-status/6962547b1b14b6a53cd3ecd4 
[1/10/2026, 10:40:31 PM] POST /admin/orders/update-status/6962547b1b14b6a53cd3ecd4 
[1/10/2026, 10:40:32 PM] GET /admin/orders 
[1/10/2026, 10:40:38 PM] POST /admin/order/push-ghn/6962547b1b14b6a53cd3ecd4 
[1/10/2026, 10:40:44 PM] POST /admin/orders/update-status/6962547b1b14b6a53cd3ecd4 
[1/10/2026, 10:40:45 PM] GET /admin/orders 
[1/10/2026, 10:40:49 PM] POST /admin/orders/update-status/696253b8885541b6e33aba8e 
[1/10/2026, 10:40:49 PM] GET /admin/orders 
[1/10/2026, 10:49:05 PM] GET /admin/orders 
[1/10/2026, 10:49:18 PM] POST /admin/orders/update-payment/69625308885541b6e33ab962 
[1/10/2026, 10:49:19 PM] GET /admin/orders 
[1/10/2026, 10:49:23 PM] POST /admin/orders/update-status/69625308885541b6e33ab962 
[1/10/2026, 10:49:30 PM] POST /admin/order/push-ghn/696253b8885541b6e33aba8e 
[1/10/2026, 11:32:28 PM] GET / 
[1/10/2026, 11:44:54 PM] GET /admin/orders 
[1/10/2026, 11:44:54 PM] GET /admin/login 
[1/10/2026, 11:45:00 PM] POST /admin/login 
[1/10/2026, 11:45:00 PM] GET /admin 
[1/10/2026, 11:45:01 PM] GET /socket.io/socket.io.js 
[1/10/2026, 11:45:40 PM] GET /admin/orders 
[1/10/2026, 11:46:01 PM] POST /admin/orders/update-payment/696251b2be28408fd41e17ad 
[1/10/2026, 11:46:02 PM] GET /admin/orders 
[1/11/2026, 12:14:46 PM] GET / 
[1/11/2026, 12:14:47 PM] GET /favicon.ico 
[1/11/2026, 12:15:01 PM] GET /adMIN 
[1/11/2026, 12:15:01 PM] GET /admin/login 
[1/11/2026, 12:15:14 PM] POST /admin/login 
[1/11/2026, 12:15:21 PM] POST /admin/login 
[1/11/2026, 12:15:22 PM] GET /admin 
[1/11/2026, 12:15:23 PM] GET /socket.io/socket.io.js 
[1/11/2026, 12:15:29 PM] GET /admin/api/dashboard-chart?start=2025-12-31&end=2026-01-11 
[1/11/2026, 12:15:36 PM] GET /admin/orders 
[1/11/2026, 12:15:46 PM] POST /admin/order/push-ghn/696253b8885541b6e33aba8e 
[1/11/2026, 12:24:55 PM] GET /admin/orders 
[1/11/2026, 12:25:05 PM] POST /admin/orders/update-status/696253b8885541b6e33aba8e 
[1/11/2026, 12:25:18 PM] POST /admin/orders/update-status/69625096e580ab0ad6ff8036 
[1/11/2026, 12:26:06 PM] GET /admin/orders 
[1/11/2026, 12:27:12 PM] GET / 
[1/11/2026, 12:27:16 PM] GET /logout 
[1/11/2026, 12:27:16 PM] GET / 
[1/11/2026, 12:27:17 PM] GET /login 
[1/11/2026, 12:27:27 PM] POST /login 
[1/11/2026, 12:27:27 PM] GET /admin 
[1/11/2026, 12:27:28 PM] GET /socket.io/socket.io.js 
[1/11/2026, 12:27:37 PM] GET /admin/orders 
[1/11/2026, 12:29:42 PM] GET /admin/orders 
[1/11/2026, 12:30:07 PM] GET / 
[1/11/2026, 12:30:10 PM] GET /product/695405b206e5d094d3f07e06 
[1/11/2026, 12:30:11 PM] POST /add-to-cart 
[1/11/2026, 12:30:13 PM] GET /cart 
[1/11/2026, 12:30:14 PM] GET /socket.io/socket.io.js 
[1/11/2026, 12:30:14 PM] GET /api/ghn/provinces 
[1/11/2026, 12:30:15 PM] GET /api/ghn/districts/202 
[1/11/2026, 12:30:15 PM] GET /api/ghn/wards/1457 
[1/11/2026, 12:30:16 PM] POST /api/calc-shipping 
[1/11/2026, 12:30:19 PM] POST /place-order 
[1/11/2026, 12:30:43 PM] POST /api/payos-webhook 
[1/11/2026, 12:30:49 PM] GET /order?code=00&id=c1a004ed230140f1836d64cacc1f87ed&cancel=false&status=PAID&orderCode=109419911 
[1/11/2026, 12:31:11 PM] GET /order/tracking/6963356b9ba7b435e6dd6098 
[1/11/2026, 12:31:15 PM] GET /order 
[1/11/2026, 12:31:50 PM] GET /order/tracking/6963356b9ba7b435e6dd6098 
[1/11/2026, 12:31:57 PM] GET /order 
[1/11/2026, 12:32:26 PM] GET / 
[1/11/2026, 12:32:29 PM] GET /admin/login 
[1/11/2026, 12:32:34 PM] POST /admin/login 
[1/11/2026, 12:32:34 PM] GET /admin 
[1/11/2026, 12:32:35 PM] GET /socket.io/socket.io.js 
[1/11/2026, 12:32:37 PM] GET /admin/orders 
[1/11/2026, 12:33:08 PM] GET / 
[1/11/2026, 12:33:10 PM] GET /product/695405b206e5d094d3f07e06 
[1/11/2026, 12:33:12 PM] POST /add-to-cart 
[1/11/2026, 12:33:13 PM] GET /cart 
[1/11/2026, 12:33:14 PM] GET /socket.io/socket.io.js 
[1/11/2026, 12:33:14 PM] GET /api/ghn/provinces 
[1/11/2026, 12:33:19 PM] GET /cart 
[1/11/2026, 12:33:20 PM] GET /socket.io/socket.io.js 
[1/11/2026, 12:33:20 PM] GET /api/ghn/provinces 
[1/11/2026, 12:33:28 PM] GET /api/ghn/districts/202 
[1/11/2026, 12:33:31 PM] GET /api/ghn/wards/1457 
[1/11/2026, 12:33:33 PM] POST /api/calc-shipping 
[1/11/2026, 12:33:36 PM] POST /save-profile 
[1/11/2026, 12:33:39 PM] POST /place-order 
[1/11/2026, 12:34:01 PM] POST /api/payos-webhook 
[1/11/2026, 12:34:04 PM] GET /admin/orders 
[1/11/2026, 12:34:08 PM] GET /order?code=00&id=2a4642087dba4e49911441a0b762b1a0&cancel=false&status=PAID&orderCode=109619625 
[1/11/2026, 12:34:24 PM] GET /order/tracking/696336339ba7b435e6dd621b 
[1/11/2026, 12:34:29 PM] GET /order 
[1/11/2026, 12:35:37 PM] GET /order/tracking/696336339ba7b435e6dd621b 
[1/11/2026, 12:35:39 PM] GET /order 
[1/11/2026, 12:40:42 PM] GET /admin/orders 
[1/11/2026, 12:40:47 PM] POST /admin/orders/update-status/6962547b1b14b6a53cd3ecd4 
[1/11/2026, 12:40:55 PM] POST /admin/orders/update-payment/6962547b1b14b6a53cd3ecd4 
[1/11/2026, 12:41:00 PM] GET /admin/orders 
[1/11/2026, 12:41:06 PM] POST /admin/orders/update-payment/696253b8885541b6e33aba8e 
[1/11/2026, 12:41:07 PM] GET /admin/orders 
[1/11/2026, 12:41:17 PM] POST /admin/orders/update-status/69625096e580ab0ad6ff8036 
[1/11/2026, 12:41:23 PM] POST /admin/orders/update-payment/69625096e580ab0ad6ff8036 
[1/11/2026, 12:41:24 PM] GET /admin/orders 
[1/11/2026, 12:41:50 PM] POST /admin/orders/update-payment/696336339ba7b435e6dd621b 
[1/11/2026, 12:41:50 PM] GET /admin/orders 
[1/11/2026, 12:41:57 PM] POST /admin/orders/update-payment/6963356b9ba7b435e6dd6098 
[1/11/2026, 12:41:58 PM] GET /admin/orders 
[1/11/2026, 1:23:11 PM] GET /admin/orders 
[1/11/2026, 1:23:14 PM] GET / 
[1/11/2026, 1:23:20 PM] GET /product/695405b206e5d094d3f07e06 
[1/11/2026, 1:23:21 PM] POST /add-to-cart 
[1/11/2026, 1:23:23 PM] GET /cart 
[1/11/2026, 1:23:23 PM] GET /socket.io/socket.io.js 
[1/11/2026, 1:23:24 PM] GET /api/ghn/provinces 
[1/11/2026, 1:23:24 PM] GET /api/ghn/districts/202 
[1/11/2026, 1:23:25 PM] GET /api/ghn/wards/1457 
[1/11/2026, 1:23:25 PM] POST /api/calc-shipping 
[1/11/2026, 1:23:30 PM] POST /api/calc-shipping 
[1/11/2026, 1:23:34 PM] POST /place-order 
[1/11/2026, 1:23:57 PM] POST /api/payos-webhook 
[1/11/2026, 1:24:03 PM] GET /order?code=00&id=ca19ed9c777040a881101d955b1ec4c7&cancel=false&status=PAID&orderCode=112614336 
[1/11/2026, 1:24:11 PM] GET /order/tracking/696341e6f2ee73ec55b1222d 
[1/11/2026, 1:24:39 PM] GET /order?code=00&id=ca19ed9c777040a881101d955b1ec4c7&cancel=false&status=PAID&orderCode=112614336 
[1/11/2026, 1:24:42 PM] GET /order/tracking/696341e6f2ee73ec55b1222d 
[1/11/2026, 1:25:28 PM] GET /order 
[1/11/2026, 1:25:36 PM] GET / 
[1/11/2026, 1:25:39 PM] GET /product/695405b206e5d094d3f07e06 
[1/11/2026, 1:25:40 PM] POST /add-to-cart 
[1/11/2026, 1:25:42 PM] GET /cart 
[1/11/2026, 1:25:42 PM] GET /socket.io/socket.io.js 
[1/11/2026, 1:25:43 PM] GET /api/ghn/provinces 
[1/11/2026, 1:25:43 PM] GET /api/ghn/districts/202 
[1/11/2026, 1:25:44 PM] GET /api/ghn/wards/1457 
[1/11/2026, 1:25:44 PM] POST /api/calc-shipping 
[1/11/2026, 1:25:44 PM] POST /api/calc-shipping 
[1/11/2026, 1:25:47 PM] POST /api/calc-shipping 
[1/11/2026, 1:25:48 PM] POST /api/calc-shipping 
[1/11/2026, 1:25:48 PM] POST /place-order 
[1/11/2026, 1:26:25 PM] POST /api/payos-webhook 
[1/11/2026, 1:26:31 PM] GET /order?code=00&id=39d173ec378243c9b5568df59dffd9e6&cancel=false&status=PAID&orderCode=112748690 
[1/11/2026, 1:26:36 PM] GET /order/tracking/6963426cf2ee73ec55b122b3 
[1/11/2026, 1:26:58 PM] GET /order?code=00&id=39d173ec378243c9b5568df59dffd9e6&cancel=false&status=PAID&orderCode=112748690 
[1/11/2026, 1:27:05 PM] GET /order?code=00&id=39d173ec378243c9b5568df59dffd9e6&cancel=false&status=PAID&orderCode=112748690 
[1/11/2026, 1:27:16 PM] GET /order?code=00&id=39d173ec378243c9b5568df59dffd9e6&cancel=false&status=PAID&orderCode=112748690 
[1/11/2026, 1:32:31 PM] GET /order?code=00&id=39d173ec378243c9b5568df59dffd9e6&cancel=false&status=PAID&orderCode=112748690 
[1/11/2026, 1:32:45 PM] GET / 
[1/11/2026, 1:32:48 PM] GET /product/695405b206e5d094d3f07e06 
[1/11/2026, 1:32:50 PM] POST /add-to-cart 
[1/11/2026, 1:32:52 PM] GET /cart 
[1/11/2026, 1:32:52 PM] GET /socket.io/socket.io.js 
[1/11/2026, 1:32:53 PM] GET /api/ghn/provinces 
[1/11/2026, 1:32:53 PM] GET /api/ghn/districts/202 
[1/11/2026, 1:32:54 PM] GET /api/ghn/wards/1457 
[1/11/2026, 1:32:54 PM] POST /api/calc-shipping 
[1/11/2026, 1:32:55 PM] POST /api/calc-shipping 
[1/11/2026, 1:32:57 PM] POST /api/calc-shipping 
[1/11/2026, 1:32:57 PM] POST /api/calc-shipping 
[1/11/2026, 1:32:58 PM] POST /place-order 
[1/11/2026, 1:33:15 PM] POST /api/payos-webhook 
[1/11/2026, 1:33:22 PM] GET /order?code=00&id=27322089945b4c129fc0645c5956ba67&cancel=false&status=PAID&orderCode=113178786 
[1/11/2026, 1:33:49 PM] GET /order?code=00&id=27322089945b4c129fc0645c5956ba67&cancel=false&status=PAID&orderCode=113178786 
[1/11/2026, 1:33:49 PM] GET /login 
[1/11/2026, 1:33:56 PM] POST /login 
[1/11/2026, 1:33:56 PM] GET /admin 
[1/11/2026, 1:33:58 PM] GET /socket.io/socket.io.js 
[1/11/2026, 1:33:59 PM] GET / 
[1/11/2026, 1:34:02 PM] GET /order 
[1/11/2026, 1:34:25 PM] GET /order 
[1/11/2026, 1:37:27 PM] GET / 
[1/11/2026, 1:37:32 PM] GET /product/695405b206e5d094d3f07e06 
[1/11/2026, 1:37:34 PM] POST /add-to-cart 
[1/11/2026, 1:37:36 PM] GET /cart 
[1/11/2026, 1:37:36 PM] GET /socket.io/socket.io.js 
[1/11/2026, 1:37:37 PM] GET /api/ghn/provinces 
[1/11/2026, 1:37:38 PM] GET /api/ghn/districts/202 
[1/11/2026, 1:37:38 PM] GET /api/ghn/wards/1457 
[1/11/2026, 1:37:39 PM] POST /api/calc-shipping 
[1/11/2026, 1:37:39 PM] POST /api/calc-shipping 
[1/11/2026, 1:37:41 PM] POST /api/calc-shipping 
[1/11/2026, 1:37:41 PM] POST /api/calc-shipping 
[1/11/2026, 1:37:42 PM] POST /place-order 
[1/11/2026, 1:38:35 PM] POST /api/payos-webhook 
[1/11/2026, 1:38:41 PM] GET /order?code=00&id=a66fa81ac1f94c92a1288da8ac7db692&cancel=false&status=PAID&orderCode=113462345 
[1/11/2026, 1:39:05 PM] GET /order?code=00&id=a66fa81ac1f94c92a1288da8ac7db692&cancel=false&status=PAID&orderCode=113462345 
[1/11/2026, 1:39:07 PM] GET /order/tracking/69634536ccea421d78ffcf49 
[1/11/2026, 1:39:09 PM] GET /order 
[1/11/2026, 1:39:13 PM] GET /order 
[1/11/2026, 1:39:16 PM] GET /order 
[1/11/2026, 1:39:21 PM] GET /order 
[1/11/2026, 1:50:29 PM] GET / 
[1/11/2026, 1:50:33 PM] GET /product/695405b206e5d094d3f07e06 
[1/11/2026, 1:50:35 PM] POST /add-to-cart 
[1/11/2026, 1:50:36 PM] GET /cart 
[1/11/2026, 1:50:37 PM] GET /socket.io/socket.io.js 
[1/11/2026, 1:50:37 PM] GET /api/ghn/provinces 
[1/11/2026, 1:50:38 PM] GET /api/ghn/districts/202 
[1/11/2026, 1:50:39 PM] GET /api/ghn/wards/1457 
[1/11/2026, 1:50:39 PM] POST /api/calc-shipping 
[1/11/2026, 1:50:42 PM] POST /api/calc-shipping 
[1/11/2026, 1:50:44 PM] POST /api/calc-shipping 
[1/11/2026, 1:50:44 PM] POST /api/calc-shipping 
[1/11/2026, 1:50:45 PM] POST /place-order 
[1/11/2026, 1:51:08 PM] POST /api/payos-webhook 
[1/11/2026, 1:51:14 PM] GET /order?code=00&id=07a2d2f1aba349d0a989dd44069608c5&cancel=false&status=PAID&orderCode=114245640 
[1/11/2026, 1:51:49 PM] GET /order?code=00&id=07a2d2f1aba349d0a989dd44069608c5&cancel=false&status=PAID&orderCode=114245640 
[1/11/2026, 1:51:54 PM] GET /order?code=00&id=07a2d2f1aba349d0a989dd44069608c5&cancel=false&status=PAID&orderCode=114245640 
[1/11/2026, 1:52:05 PM] GET /order?code=00&id=07a2d2f1aba349d0a989dd44069608c5&cancel=false&status=PAID&orderCode=114245640 
[1/11/2026, 1:52:14 PM] GET /order?code=00&id=07a2d2f1aba349d0a989dd44069608c5&cancel=false&status=PAID&orderCode=114245640 
[1/11/2026, 1:52:39 PM] GET /order?code=00&id=07a2d2f1aba349d0a989dd44069608c5&cancel=false&status=PAID&orderCode=114245640 
[1/11/2026, 1:52:46 PM] GET /order/tracking/69634845fd98e58b3ef30ca4 
[1/11/2026, 1:57:39 PM] GET /order 
[1/11/2026, 1:57:42 PM] GET / 
[1/11/2026, 1:57:56 PM] GET /product/695405b206e5d094d3f07e06 
[1/11/2026, 1:57:58 PM] POST /add-to-cart 
[1/11/2026, 1:58:01 PM] GET /cart 
[1/11/2026, 1:58:02 PM] GET /socket.io/socket.io.js 
[1/11/2026, 1:58:02 PM] GET /api/ghn/provinces 
[1/11/2026, 1:58:03 PM] GET /api/ghn/districts/202 
[1/11/2026, 1:58:03 PM] GET /api/ghn/wards/1457 
[1/11/2026, 1:58:04 PM] POST /api/calc-shipping 
[1/11/2026, 1:58:05 PM] POST /api/calc-shipping 
[1/11/2026, 1:58:06 PM] POST /api/calc-shipping 
[1/11/2026, 1:58:06 PM] POST /place-order 
[1/11/2026, 1:58:23 PM] POST /api/payos-webhook 
[1/11/2026, 1:58:30 PM] GET /order?code=00&id=852948ede4184b0fac9e1a39ef83c5e2&cancel=false&status=PAID&orderCode=114686856 
[1/11/2026, 1:59:10 PM] GET / 
[1/11/2026, 1:59:13 PM] GET /product/695405b206e5d094d3f07e06 
[1/11/2026, 1:59:14 PM] POST /add-to-cart 
[1/11/2026, 1:59:16 PM] GET /cart 
[1/11/2026, 1:59:16 PM] GET /socket.io/socket.io.js 
[1/11/2026, 1:59:17 PM] GET /api/ghn/provinces 
[1/11/2026, 1:59:17 PM] GET /api/ghn/districts/202 
[1/11/2026, 1:59:18 PM] GET /api/ghn/wards/1457 
[1/11/2026, 1:59:18 PM] POST /api/calc-shipping 
[1/11/2026, 1:59:21 PM] POST /api/calc-shipping 
[1/11/2026, 1:59:21 PM] POST /api/calc-shipping 
[1/11/2026, 1:59:22 PM] POST /place-order 
[1/11/2026, 1:59:45 PM] POST /api/payos-webhook 
[1/11/2026, 1:59:51 PM] GET /order?code=00&id=c0250b929161406195526512465a20e3&cancel=false&status=PAID&orderCode=114762525 
[1/11/2026, 2:02:53 PM] GET / 
[1/11/2026, 2:02:56 PM] GET /product/695405b206e5d094d3f07e06 
[1/11/2026, 2:02:58 PM] POST /add-to-cart 
[1/11/2026, 2:03:00 PM] GET /cart 
[1/11/2026, 2:03:01 PM] GET /socket.io/socket.io.js 
[1/11/2026, 2:03:01 PM] GET /api/ghn/provinces 
[1/11/2026, 2:03:02 PM] GET /api/ghn/districts/202 
[1/11/2026, 2:03:02 PM] GET /api/ghn/wards/1457 
[1/11/2026, 2:03:03 PM] POST /api/calc-shipping 
[1/11/2026, 2:03:03 PM] POST /api/calc-shipping 
[1/11/2026, 2:03:04 PM] POST /api/calc-shipping 
[1/11/2026, 2:03:05 PM] POST /place-order 
[1/11/2026, 2:03:29 PM] POST /api/payos-webhook 
[1/11/2026, 2:03:36 PM] GET /order?code=00&id=3d617f8ce4614f27b650927a3e2de1c3&cancel=false&status=PAID&orderCode=114985382 
[1/11/2026, 2:03:40 PM] GET /order/tracking/69634b29a41e8399b8db17a8 
[1/11/2026, 2:04:13 PM] GET /order?code=00&id=3d617f8ce4614f27b650927a3e2de1c3&cancel=false&status=PAID&orderCode=114985382 
[1/11/2026, 2:04:19 PM] GET /order?code=00&id=3d617f8ce4614f27b650927a3e2de1c3&cancel=false&status=PAID&orderCode=114985382 
[1/11/2026, 2:05:42 PM] GET /order?code=00&id=3d617f8ce4614f27b650927a3e2de1c3&cancel=false&status=PAID&orderCode=114985382 
[1/11/2026, 2:05:45 PM] GET /order/tracking/69634a4a3a27bb9ab875a25d 
[1/11/2026, 2:05:49 PM] GET /order 
[1/11/2026, 2:12:50 PM] GET / 
[1/11/2026, 2:12:53 PM] GET /product/695405b206e5d094d3f07e06 
[1/11/2026, 2:12:54 PM] POST /add-to-cart 
[1/11/2026, 2:12:57 PM] GET /cart 
[1/11/2026, 2:12:58 PM] GET /socket.io/socket.io.js 
[1/11/2026, 2:12:58 PM] GET /api/ghn/provinces 
[1/11/2026, 2:12:59 PM] GET /api/ghn/districts/202 
[1/11/2026, 2:13:00 PM] GET /api/ghn/wards/1457 
[1/11/2026, 2:13:00 PM] POST /api/calc-shipping 
[1/11/2026, 2:13:02 PM] POST /api/calc-shipping 
[1/11/2026, 2:13:02 PM] POST /api/calc-shipping 
[1/11/2026, 2:13:03 PM] POST /place-order 
[1/11/2026, 2:13:20 PM] POST /api/payos-webhook 
[1/11/2026, 2:13:27 PM] GET /order?code=00&id=7e12bcb0ea9c489d95ab3b8b9f4b1079&cancel=false&status=PAID&orderCode=115584031 
[1/11/2026, 2:13:43 PM] GET /order/tracking/69634d80db74ce985f74afef 
[1/11/2026, 2:13:46 PM] GET /order?code=00&id=7e12bcb0ea9c489d95ab3b8b9f4b1079&cancel=false&status=PAID&orderCode=115584031 
[1/11/2026, 2:13:51 PM] GET /order/tracking/69634d80db74ce985f74afef 
[1/11/2026, 2:13:54 PM] GET /order?code=00&id=7e12bcb0ea9c489d95ab3b8b9f4b1079&cancel=false&status=PAID&orderCode=115584031 
[1/11/2026, 2:14:00 PM] GET /order?code=00&id=7e12bcb0ea9c489d95ab3b8b9f4b1079&cancel=false&status=PAID&orderCode=115584031 
[1/11/2026, 2:14:07 PM] GET /order?code=00&id=7e12bcb0ea9c489d95ab3b8b9f4b1079&cancel=false&status=PAID&orderCode=115584031 
[1/11/2026, 2:15:07 PM] GET /login 
[1/11/2026, 2:18:32 PM] GET / 
[1/11/2026, 2:18:36 PM] GET /product/695405b206e5d094d3f07e06 
[1/11/2026, 2:18:38 PM] POST /add-to-cart 
[1/11/2026, 2:18:40 PM] GET /cart 
[1/11/2026, 2:18:40 PM] GET /socket.io/socket.io.js 
[1/11/2026, 2:18:41 PM] GET /api/ghn/provinces 
[1/11/2026, 2:18:41 PM] GET /api/ghn/districts/202 
[1/11/2026, 2:18:42 PM] GET /api/ghn/wards/1457 
[1/11/2026, 2:18:43 PM] POST /api/calc-shipping 
[1/11/2026, 2:18:44 PM] POST /api/calc-shipping 
[1/11/2026, 2:18:44 PM] POST /api/calc-shipping 
[1/11/2026, 2:18:46 PM] POST /place-order 
[1/11/2026, 2:19:05 PM] POST /api/payos-webhook 
[1/11/2026, 2:19:11 PM] GET /order?code=00&id=76936f872e4045da9f88edf59032a53a&cancel=false&status=PAID&orderCode=115926797 
[1/11/2026, 2:20:44 PM] GET /order?code=00&id=76936f872e4045da9f88edf59032a53a&cancel=false&status=PAID&orderCode=115926797 
[1/11/2026, 2:20:48 PM] GET /order?code=00&id=76936f872e4045da9f88edf59032a53a&cancel=false&status=PAID&orderCode=115926797 
[1/11/2026, 2:21:00 PM] GET /order?code=00&id=76936f872e4045da9f88edf59032a53a&cancel=false&status=PAID&orderCode=115926797 
[1/11/2026, 4:36:20 PM] GET / 
[1/11/2026, 4:36:22 PM] GET / 
[1/11/2026, 4:36:23 PM] GET /favicon.ico 
[1/11/2026, 4:36:26 PM] GET /adMIN 
[1/11/2026, 4:36:26 PM] GET /admin/login 
[1/11/2026, 4:36:31 PM] POST /admin/login 
[1/11/2026, 4:36:31 PM] GET /admin 
[1/11/2026, 4:36:32 PM] GET /socket.io/socket.io.js 
[1/11/2026, 4:36:36 PM] GET /admin/orders 
[1/11/2026, 4:40:20 PM] GET /admin/orders 
[1/11/2026, 4:40:23 PM] GET /admin/orders 
[1/11/2026, 4:40:33 PM] POST /admin/orders/update-status/69634ed62432332883487ab2 
[1/11/2026, 4:40:33 PM] GET /admin/orders 
[1/11/2026, 4:40:41 PM] POST /admin/orders/update-payment/69634ed62432332883487ab2 
[1/11/2026, 4:40:42 PM] GET /admin/orders 
[1/11/2026, 4:44:43 PM] GET / 
[1/11/2026, 4:44:46 PM] GET /product/695405b206e5d094d3f07e06 
[1/11/2026, 4:44:48 PM] POST /add-to-cart 
[1/11/2026, 4:44:49 PM] GET /cart 
[1/11/2026, 4:44:49 PM] GET /socket.io/socket.io.js 
[1/11/2026, 4:44:50 PM] GET /api/ghn/provinces 
[1/11/2026, 4:44:54 PM] GET /cart 
[1/11/2026, 4:44:55 PM] GET /socket.io/socket.io.js 
[1/11/2026, 4:44:55 PM] GET /api/ghn/provinces 
[1/11/2026, 4:45:01 PM] GET /api/ghn/districts/202 
[1/11/2026, 4:45:06 PM] GET /api/ghn/wards/1457 
[1/11/2026, 4:45:08 PM] POST /api/calc-shipping 
[1/11/2026, 4:45:11 PM] POST /save-profile 
[1/11/2026, 4:45:15 PM] POST /api/calc-shipping 
[1/11/2026, 4:45:17 PM] POST /api/calc-shipping 
[1/11/2026, 4:45:17 PM] POST /api/calc-shipping 
[1/11/2026, 4:45:22 PM] POST /api/calc-shipping 
[1/11/2026, 4:45:22 PM] POST /api/calc-shipping 
[1/11/2026, 4:45:23 PM] POST /place-order 
[1/11/2026, 4:45:47 PM] POST /api/payos-webhook 
[1/11/2026, 4:45:53 PM] GET /order?code=00&id=f4128dd525fb48e0a694ac4a163a47f4&cancel=false&status=PAID&orderCode=124723822 
[1/11/2026, 4:46:19 PM] GET /order?code=00&id=f4128dd525fb48e0a694ac4a163a47f4&cancel=false&status=PAID&orderCode=124723822 
[1/11/2026, 4:46:35 PM] GET /order?code=00&id=f4128dd525fb48e0a694ac4a163a47f4&cancel=false&status=PAID&orderCode=124723822 
[1/11/2026, 4:49:18 PM] GET /order?code=00&id=f4128dd525fb48e0a694ac4a163a47f4&cancel=false&status=PAID&orderCode=124723822 
[1/11/2026, 4:49:26 PM] GET /order?code=00&id=f4128dd525fb48e0a694ac4a163a47f4&cancel=false&status=PAID&orderCode=124723822 
[1/11/2026, 4:54:31 PM] GET /order/tracking/69637133a124d76c949c0db6 
[1/11/2026, 4:54:37 PM] GET /order 
[1/11/2026, 4:54:40 PM] GET /order/tracking/69634d80db74ce985f74afef 
[1/11/2026, 4:54:44 PM] GET /order 
[1/11/2026, 4:54:47 PM] GET /order/tracking/69637133a124d76c949c0db6 
[1/11/2026, 4:54:50 PM] GET /order 
[1/11/2026, 4:54:52 PM] GET /order/tracking/69634d80db74ce985f74afef 
[1/11/2026, 4:54:55 PM] GET /order 
[1/11/2026, 4:54:57 PM] GET /order/tracking/69637133a124d76c949c0db6 
[1/11/2026, 4:57:02 PM] GET /order 
[1/11/2026, 4:57:03 PM] GET /order/tracking/69637133a124d76c949c0db6 
[1/11/2026, 4:57:06 PM] GET /order 
[1/11/2026, 4:57:08 PM] GET /order/tracking/69634d80db74ce985f74afef 
[1/11/2026, 4:57:11 PM] GET /order 
[1/11/2026, 4:57:20 PM] GET /order/tracking/69634d80db74ce985f74afef 
[1/11/2026, 4:57:38 PM] GET /order/tracking/69637133a124d76c949c0db6 
[1/11/2026, 4:57:43 PM] GET /order/tracking/69634d80db74ce985f74afef 
[1/11/2026, 4:57:46 PM] GET /order/tracking/69637133a124d76c949c0db6 
[1/11/2026, 5:05:13 PM] GET /order 
[1/11/2026, 5:05:16 PM] GET /order/tracking/69637133a124d76c949c0db6 
[1/11/2026, 5:05:28 PM] GET /user/orders 
[1/11/2026, 5:06:01 PM] GET /user/orders 
[1/11/2026, 5:06:04 PM] GET /user/orders 
[1/11/2026, 5:06:09 PM] GET /order 
[1/11/2026, 5:06:11 PM] GET /order/tracking/69634ed62432332883487ab2 
[1/11/2026, 5:06:24 PM] GET /orders 
[1/11/2026, 5:06:54 PM] GET /orders 
[1/11/2026, 5:06:58 PM] GET /order 
[1/11/2026, 5:07:01 PM] GET /order/tracking/69634d80db74ce985f74afef 
[1/11/2026, 5:07:18 PM] GET /order 
[1/11/2026, 5:07:21 PM] GET /order/tracking/69634b29a41e8399b8db17a8 
[1/11/2026, 5:07:33 PM] GET /order 
[1/11/2026, 5:07:35 PM] GET /order/tracking/69634a4a3a27bb9ab875a25d 
[1/11/2026, 5:07:39 PM] GET /order/tracking/6963426cf2ee73ec55b122b3 
[1/11/2026, 5:07:41 PM] GET /order/tracking/6963441ae87cc91574339367 
[1/11/2026, 5:07:44 PM] GET /order/tracking/6963356b9ba7b435e6dd6098 
[1/11/2026, 5:07:50 PM] GET /order/tracking/6963356b9ba7b435e6dd6098 
[1/11/2026, 5:08:00 PM] GET /order 
[1/11/2026, 5:08:03 PM] GET /order/tracking/69637133a124d76c949c0db6 
[1/11/2026, 5:08:39 PM] GET / 
[1/11/2026, 5:08:41 PM] GET /admin/login 
[1/11/2026, 5:08:47 PM] POST /admin/login 
[1/11/2026, 5:08:47 PM] GET /admin 
[1/11/2026, 5:08:48 PM] GET /socket.io/socket.io.js 
[1/11/2026, 5:08:50 PM] GET /admin/orders 
[1/11/2026, 5:08:58 PM] POST /admin/orders/update-status/6962547b1b14b6a53cd3ecd4 
[1/11/2026, 5:09:11 PM] POST /admin/orders/update-status/69624f996f2556a21e92c8f6 
[1/11/2026, 5:09:25 PM] POST /admin/orders/update-status/69620631b0aa801d81fcb01d 
[1/11/2026, 5:09:33 PM] POST /admin/orders/update-payment/69620631b0aa801d81fcb01d 
[1/11/2026, 5:09:33 PM] GET /admin/orders 
[1/11/2026, 5:09:41 PM] POST /admin/orders/update-status/6962547b1b14b6a53cd3ecd4 
[1/11/2026, 5:11:44 PM] GET /order 
[1/11/2026, 5:11:47 PM] GET /order/tracking/69637133a124d76c949c0db6 
[1/11/2026, 5:11:54 PM] GET /order 
[1/11/2026, 5:12:01 PM] GET /order/tracking/69634ed62432332883487ab2 
[1/11/2026, 5:12:15 PM] GET /admin/orders 
[1/11/2026, 5:12:24 PM] GET /admin/config 
[1/11/2026, 5:12:25 PM] GET /socket.io/socket.io.js 
[1/11/2026, 5:12:28 PM] GET /admin/products 
[1/11/2026, 5:12:29 PM] GET /css/admin-style.css 
[1/11/2026, 5:12:32 PM] GET /admin/orders 
[1/11/2026, 5:12:34 PM] GET /admin/products 
[1/11/2026, 5:12:35 PM] GET /css/admin-style.css 
[1/11/2026, 5:13:39 PM] GET /order 
[1/11/2026, 5:13:45 PM] GET /order/tracking/69637133a124d76c949c0db6 
[1/11/2026, 5:14:40 PM] GET /order/tracking/69637133a124d76c949c0db6 
[1/11/2026, 5:15:33 PM] GET /order/tracking/69634ed62432332883487ab2 
[1/11/2026, 5:15:35 PM] GET /order/tracking/69634d80db74ce985f74afef 
[1/11/2026, 5:15:37 PM] GET /order/tracking/69634b29a41e8399b8db17a8 
[1/11/2026, 5:15:42 PM] GET /order/tracking/69634b29a41e8399b8db17a8 
[1/11/2026, 5:15:46 PM] GET /order/tracking/69634a4a3a27bb9ab875a25d 
[1/11/2026, 5:15:49 PM] GET /order/tracking/696349fec2ddb8feffbc4be3 
[1/11/2026, 5:15:51 PM] GET /order/tracking/69634845fd98e58b3ef30ca4 
[1/11/2026, 5:15:57 PM] GET /admin/orders 
[1/11/2026, 5:16:18 PM] GET /admin/orders?keyword=GYPYNRDQ&date=&status= 
[1/11/2026, 5:16:28 PM] GET /admin/orders?keyword=GHN%3AGYPYNRDQ&date=&status= 
[1/11/2026, 5:16:30 PM] GET /admin/orders 
[1/11/2026, 5:16:39 PM] GET /order/tracking/69637133a124d76c949c0db6 
[1/11/2026, 5:21:49 PM] GET / 
[1/11/2026, 5:21:51 PM] GET /product/695405b206e5d094d3f07e06 
[1/11/2026, 5:21:53 PM] POST /add-to-cart 
[1/11/2026, 5:21:56 PM] GET /logout 
[1/11/2026, 5:21:56 PM] GET / 
[1/11/2026, 5:21:58 PM] GET /login 
[1/11/2026, 5:22:03 PM] POST /login 
[1/11/2026, 5:22:03 PM] GET / 
[1/11/2026, 5:22:06 PM] GET /product/695405b206e5d094d3f07e06 
[1/11/2026, 5:22:08 PM] POST /add-to-cart 
[1/11/2026, 5:22:10 PM] GET /cart 
[1/11/2026, 5:22:10 PM] GET /socket.io/socket.io.js 
[1/11/2026, 5:22:11 PM] GET /api/ghn/provinces 
[1/11/2026, 5:22:11 PM] GET /api/ghn/districts/202 
[1/11/2026, 5:22:12 PM] GET /api/ghn/wards/1457 
[1/11/2026, 5:22:12 PM] POST /api/calc-shipping 
[1/11/2026, 5:22:14 PM] POST /api/calc-shipping 
[1/11/2026, 5:22:16 PM] POST /place-order 
[1/11/2026, 5:22:37 PM] POST /api/payos-webhook 
[1/11/2026, 5:22:43 PM] GET /order?code=00&id=6b2114b47bb947f1805e2005a3b64f86&cancel=false&status=PAID&orderCode=126937154 
[1/11/2026, 5:22:56 PM] GET /order/tracking/696379d9631a0f8a9e52272d 
[1/11/2026, 5:23:01 PM] GET /order 
[1/11/2026, 5:23:44 PM] GET /order 
[1/11/2026, 5:23:49 PM] GET /order/tracking/696379d9631a0f8a9e52272d 
[1/11/2026, 5:23:53 PM] GET /order 
[1/11/2026, 5:23:58 PM] GET /order 
[1/11/2026, 5:24:04 PM] GET /order 
[1/11/2026, 5:24:06 PM] GET /order/tracking/696379d9631a0f8a9e52272d 
[1/11/2026, 5:24:41 PM] GET /order/tracking/696379d9631a0f8a9e52272d 
[1/11/2026, 5:24:46 PM] GET /order 
[1/11/2026, 5:24:49 PM] GET /order 
[1/11/2026, 5:24:51 PM] GET /order/tracking/696379d9631a0f8a9e52272d 
[1/11/2026, 5:24:54 PM] GET /order 
[1/11/2026, 5:25:12 PM] GET / 
[1/11/2026, 5:25:14 PM] GET /product/695405b206e5d094d3f07e06 
[1/11/2026, 5:25:18 PM] GET /cart 
[1/11/2026, 5:25:18 PM] GET /socket.io/socket.io.js 
[1/11/2026, 5:25:19 PM] GET /api/ghn/provinces 
[1/11/2026, 5:25:20 PM] GET /api/ghn/districts/202 
[1/11/2026, 5:25:21 PM] POST /add-to-cart 
[1/11/2026, 5:25:22 PM] GET /cart 
[1/11/2026, 5:25:23 PM] GET /socket.io/socket.io.js 
[1/11/2026, 5:25:23 PM] GET /api/ghn/provinces 
[1/11/2026, 5:25:24 PM] GET /api/ghn/districts/202 
[1/11/2026, 5:25:24 PM] GET /api/ghn/wards/1457 
[1/11/2026, 5:25:25 PM] POST /api/calc-shipping 
[1/11/2026, 5:25:25 PM] POST /api/calc-shipping 
[1/11/2026, 5:25:27 PM] POST /api/calc-shipping 
[1/11/2026, 5:25:27 PM] POST /api/calc-shipping 
[1/11/2026, 5:25:28 PM] POST /place-order 
[1/11/2026, 5:25:49 PM] POST /api/payos-webhook 
[1/11/2026, 5:25:56 PM] GET /order?code=00&id=7b95a4dafaa74815822665143a064bc0&cancel=false&status=PAID&orderCode=127128396 
[1/11/2026, 5:26:07 PM] GET /order?code=00&id=7b95a4dafaa74815822665143a064bc0&cancel=false&status=PAID&orderCode=127128396 
[1/11/2026, 5:26:13 PM] GET /order?code=00&id=7b95a4dafaa74815822665143a064bc0&cancel=false&status=PAID&orderCode=127128396 
[1/11/2026, 5:26:55 PM] GET /order?code=00&id=7b95a4dafaa74815822665143a064bc0&cancel=false&status=PAID&orderCode=127128396 
[1/11/2026, 5:26:57 PM] GET /order/tracking/69637a98631a0f8a9e522c14 
[1/11/2026, 5:27:06 PM] GET /order/tracking/69637a98631a0f8a9e522c14 
[1/11/2026, 5:27:16 PM] GET /order/tracking/69637a98631a0f8a9e522c14 
[1/11/2026, 5:27:19 PM] GET /order/tracking/69637a98631a0f8a9e522c14 
[1/11/2026, 5:27:23 PM] GET /order 
[1/11/2026, 5:29:24 PM] GET /order 
[1/11/2026, 5:29:29 PM] GET / 
[1/11/2026, 5:29:32 PM] GET /order 
[1/11/2026, 5:30:12 PM] GET / 
[1/11/2026, 5:30:14 PM] GET /order 
[1/11/2026, 5:30:22 PM] GET /logout 
[1/11/2026, 5:30:22 PM] GET / 
[1/11/2026, 5:30:24 PM] GET /login 
[1/11/2026, 5:30:34 PM] POST /login 
[1/11/2026, 5:30:35 PM] GET / 
[1/11/2026, 5:30:38 PM] GET /order 
[1/11/2026, 5:34:07 PM] GET / 
[1/11/2026, 5:34:11 PM] GET /order 
[1/11/2026, 5:34:19 PM] GET /order/tracking/69637a98631a0f8a9e522c14 
[1/11/2026, 5:36:08 PM] GET /order 
[1/11/2026, 7:19:52 PM] GET / 
[1/11/2026, 7:19:55 PM] GET /favicon.ico 
[1/11/2026, 7:20:00 PM] GET /login 
[1/11/2026, 7:20:06 PM] POST /login 
[1/11/2026, 7:20:06 PM] GET / 
[1/11/2026, 7:20:08 PM] GET /product/695405b206e5d094d3f07e06 
[1/11/2026, 7:20:10 PM] POST /add-to-cart 
[1/11/2026, 7:20:12 PM] GET /cart 
[1/11/2026, 7:20:12 PM] GET /socket.io/socket.io.js 
[1/11/2026, 7:20:13 PM] GET /api/ghn/provinces 
[1/11/2026, 7:20:13 PM] GET /api/ghn/districts/202 
[1/11/2026, 7:20:14 PM] GET /api/ghn/wards/1457 
[1/11/2026, 7:20:14 PM] POST /api/calc-shipping 
[1/11/2026, 7:20:18 PM] POST /api/calc-shipping 
[1/11/2026, 7:20:20 PM] POST /place-order 
[1/11/2026, 7:20:52 PM] POST /api/payos-webhook 
[1/11/2026, 7:20:59 PM] GET /order?code=00&id=fadc3c9eca7a4464a590ae0dc0c46c81&cancel=false&status=PAID&orderCode=134020660 
[1/11/2026, 7:21:35 PM] GET / 
[1/11/2026, 7:21:40 PM] GET /cart 
[1/11/2026, 7:21:41 PM] GET /socket.io/socket.io.js 
[1/11/2026, 7:21:41 PM] GET /api/ghn/provinces 
[1/11/2026, 7:21:42 PM] GET /api/ghn/districts/202 
[1/11/2026, 7:21:42 PM] GET /api/ghn/wards/1457 
[1/11/2026, 7:21:43 PM] POST /api/calc-shipping 
[1/11/2026, 7:21:45 PM] GET / 
[1/11/2026, 7:21:47 PM] GET /product/6953eb87f43ead5fda718500 
[1/11/2026, 7:56:31 PM] GET / 
[1/11/2026, 7:56:36 PM] GET /product/695405b206e5d094d3f07e06 
[1/11/2026, 7:56:37 PM] POST /add-to-cart 
[1/11/2026, 7:56:40 PM] GET /cart 
[1/11/2026, 7:56:41 PM] GET /socket.io/socket.io.js 
[1/11/2026, 7:56:41 PM] GET /api/ghn/provinces 
[1/11/2026, 7:56:42 PM] GET /api/ghn/districts/202 
[1/11/2026, 7:56:42 PM] GET /api/ghn/wards/1457 
[1/11/2026, 7:56:43 PM] POST /api/calc-shipping 
[1/11/2026, 7:56:46 PM] POST /api/calc-shipping 
[1/11/2026, 7:56:48 PM] POST /place-order 
[1/11/2026, 8:01:13 PM] POST /api/payos-webhook 
[1/11/2026, 8:01:18 PM] GET /order?code=00&id=24ed9eb554df4502954692d514481bcf&cancel=false&status=PAID&orderCode=136208214 
[1/11/2026, 8:02:46 PM] GET /order/tracking/69620631b0aa801d81fcb01d 
[1/11/2026, 8:02:54 PM] GET /order 
[1/11/2026, 8:02:56 PM] GET / 
[1/11/2026, 8:02:58 PM] GET /product/695405b206e5d094d3f07e06 
[1/11/2026, 8:03:00 PM] POST /add-to-cart 
[1/11/2026, 8:03:02 PM] GET /cart 
[1/11/2026, 8:03:03 PM] GET /socket.io/socket.io.js 
[1/11/2026, 8:03:03 PM] GET /api/ghn/provinces 
[1/11/2026, 8:03:04 PM] GET /api/ghn/districts/202 
[1/11/2026, 8:03:04 PM] GET /api/ghn/wards/1457 
[1/11/2026, 8:03:05 PM] POST /api/calc-shipping 
[1/11/2026, 8:03:06 PM] POST /api/calc-shipping 
[1/11/2026, 8:03:07 PM] POST /api/calc-shipping 
[1/11/2026, 8:03:08 PM] POST /api/calc-shipping 
[1/11/2026, 8:03:09 PM] POST /place-order 
[1/11/2026, 8:09:09 PM] GET / 
[1/11/2026, 8:09:18 PM] GET /payos-webhook 
[1/11/2026, 8:09:44 PM] GET /api/payos-webhook 
[1/11/2026, 8:10:16 PM] GET / 
[1/11/2026, 8:10:20 PM] GET /order 
[1/11/2026, 8:10:49 PM] GET /order 
[1/11/2026, 8:10:55 PM] GET /order 
[1/11/2026, 8:11:00 PM] GET /order 
[1/11/2026, 8:11:06 PM] GET /order 
[1/11/2026, 8:11:09 PM] GET /order/tracking/69639e10dc82004b79f0536f 
[1/11/2026, 8:11:13 PM] GET /order 
[1/11/2026, 8:11:16 PM] GET /order 
[1/11/2026, 8:11:41 PM] GET /order 
[1/11/2026, 8:11:44 PM] GET /order 
[1/11/2026, 8:11:46 PM] GET /order/tracking/69639e10dc82004b79f0536f 
[1/11/2026, 8:11:50 PM] GET /order 
[1/11/2026, 8:11:52 PM] GET /order/tracking/696395842b99823405bf5029 
[1/11/2026, 8:11:54 PM] GET /order 
[1/11/2026, 9:01:02 PM] GET / 
[1/11/2026, 9:01:03 PM] GET /favicon.ico 
[1/11/2026, 9:01:05 PM] GET /login 
[1/11/2026, 9:01:19 PM] POST /login 
[1/11/2026, 9:01:19 PM] GET / 
[1/11/2026, 9:01:25 PM] GET /order 
[1/11/2026, 9:01:41 PM] GET /order/tracking/69637a98631a0f8a9e522c14 
[1/11/2026, 9:01:46 PM] GET /order 
[1/11/2026, 9:03:54 PM] GET /order 
[1/11/2026, 9:03:56 PM] GET /order 
[1/11/2026, 9:04:19 PM] GET /order 
[1/11/2026, 9:04:56 PM] GET /order 
[1/11/2026, 9:09:35 PM] GET /order 
[1/11/2026, 9:09:53 PM] GET /order 
[1/11/2026, 9:10:26 PM] GET /order 
[1/11/2026, 9:15:50 PM] GET /order 
[1/11/2026, 9:15:50 PM] GET /login 
[1/11/2026, 9:15:56 PM] POST /login 
[1/11/2026, 9:15:56 PM] GET / 
[1/11/2026, 9:16:00 PM] GET /product/695405b206e5d094d3f07e06 
[1/11/2026, 9:16:07 PM] GET /order 
[1/11/2026, 9:16:13 PM] GET /cart 
[1/11/2026, 9:16:13 PM] GET /socket.io/socket.io.js 
[1/11/2026, 9:16:14 PM] GET /api/ghn/provinces 
[1/11/2026, 9:16:14 PM] GET /api/ghn/districts/202 
[1/11/2026, 9:16:15 PM] GET /api/ghn/wards/1457 
[1/11/2026, 9:16:15 PM] POST /api/calc-shipping 
[1/11/2026, 9:16:19 PM] GET /order 
[1/11/2026, 9:16:22 PM] GET /order/tracking/69637a98631a0f8a9e522c14 
[1/11/2026, 9:16:40 PM] GET /order/tracking/69637a98631a0f8a9e522c14 
[1/11/2026, 9:16:51 PM] GET /order 
[1/11/2026, 9:21:23 PM] GET /adMIN 
[1/11/2026, 9:21:23 PM] GET /admin/login 
[1/11/2026, 9:21:28 PM] POST /admin/login 
[1/11/2026, 9:21:29 PM] GET /admin 
[1/11/2026, 9:21:30 PM] GET /socket.io/socket.io.js 
[1/11/2026, 9:21:33 PM] GET /admin/orders 
[1/11/2026, 9:21:40 PM] POST /admin/orders/update-status/69639f8ddc82004b79f05534 
[1/11/2026, 9:21:40 PM] GET /admin/orders 
[1/11/2026, 9:21:46 PM] POST /admin/orders/update-status/69639f8ddc82004b79f05534 
[1/11/2026, 9:21:46 PM] GET /admin/orders 
[1/11/2026, 9:21:50 PM] POST /admin/orders/update-status/69639f8ddc82004b79f05534 
[1/11/2026, 9:21:50 PM] GET /admin/orders 
[1/11/2026, 9:22:29 PM] POST /admin/orders/update-status/69639f8ddc82004b79f05534 
[1/11/2026, 9:22:30 PM] GET /admin/orders 
[1/11/2026, 9:22:40 PM] POST /admin/orders/update-status/6962547b1b14b6a53cd3ecd4 
[1/11/2026, 9:22:46 PM] POST /admin/orders/update-status/69624f996f2556a21e92c8f6 
[1/11/2026, 9:22:54 PM] POST /admin/orders/update-payment/69624f996f2556a21e92c8f6 
[1/11/2026, 9:22:54 PM] GET /admin/orders 
[1/11/2026, 9:23:48 PM] GET / 
[1/11/2026, 9:23:51 PM] GET /product/695405b206e5d094d3f07e06 
[1/11/2026, 9:23:52 PM] POST /add-to-cart 
[1/11/2026, 9:23:54 PM] GET /cart 
[1/11/2026, 9:23:54 PM] GET /socket.io/socket.io.js 
[1/11/2026, 9:23:54 PM] GET /api/ghn/provinces 
[1/11/2026, 9:24:15 PM] GET /api/ghn/districts/202 
[1/11/2026, 9:24:17 PM] GET /api/ghn/wards/1456 
[1/11/2026, 9:24:19 PM] GET /api/ghn/wards/1457 
[1/11/2026, 9:24:22 PM] POST /api/calc-shipping 
[1/11/2026, 9:24:23 PM] POST /place-order 
[1/11/2026, 9:24:43 PM] GET /order?code=00&id=89f8fb44cdb14d6a8d2bfada5841b7db&cancel=true&status=CANCELLED&orderCode=141463847 
[1/11/2026, 9:24:50 PM] GET /adMIN 
[1/11/2026, 9:24:51 PM] GET /socket.io/socket.io.js 
[1/11/2026, 9:24:55 PM] GET /admin/orders 
[1/11/2026, 9:25:00 PM] POST /admin/orders/update-status/6963b297c1397f44e59c993b 
[1/11/2026, 9:25:05 PM] POST /admin/orders/update-status/6963b297c1397f44e59c993b 
[1/11/2026, 9:25:10 PM] POST /admin/orders/update-status/6963b297c1397f44e59c993b 
[1/11/2026, 9:26:37 PM] GET /admin/orders 
[1/11/2026, 9:26:40 PM] POST /admin/orders/update-status/6963b297c1397f44e59c993b 
[1/11/2026, 9:26:45 PM] POST /admin/orders/update-status/6963b297c1397f44e59c993b 
[1/11/2026, 9:26:45 PM] GET /admin/orders 
[1/11/2026, 9:31:00 PM] GET / 
[1/11/2026, 9:31:03 PM] GET /product/695405b206e5d094d3f07e06 
[1/11/2026, 9:31:05 PM] POST /add-to-cart 
[1/11/2026, 9:31:07 PM] GET /cart 
[1/11/2026, 9:31:07 PM] GET /socket.io/socket.io.js 
[1/11/2026, 9:31:08 PM] GET /api/ghn/provinces 
[1/11/2026, 9:31:18 PM] GET /api/ghn/districts/202 
[1/11/2026, 9:31:20 PM] GET /api/ghn/wards/1457 
[1/11/2026, 9:31:22 PM] POST /api/calc-shipping 
[1/11/2026, 9:31:24 PM] POST /api/calc-shipping 
[1/11/2026, 9:31:54 PM] GET / 
[1/11/2026, 9:33:43 PM] GET /admin/orders 
[1/11/2026, 9:34:26 PM] GET /admin/orders 
[1/11/2026, 9:34:39 PM] GET /admin/users 
[1/11/2026, 9:40:14 PM] GET /admin/users 
[1/11/2026, 9:40:22 PM] POST /admin/users/toggle-role/695fb802fd5e5101096ec9c5 
[1/11/2026, 9:40:29 PM] POST /admin/users/change-password 
[1/11/2026, 9:40:35 PM] POST /admin/users/toggle-lock/695fb802fd5e5101096ec9c5 
[1/11/2026, 9:40:35 PM] GET /admin/users 
[1/11/2026, 9:40:36 PM] POST /admin/users/toggle-lock/695fb802fd5e5101096ec9c5 
[1/11/2026, 9:40:37 PM] GET /admin/users 
[1/11/2026, 9:40:39 PM] GET /admin 
[1/11/2026, 9:40:40 PM] GET /socket.io/socket.io.js 
[1/11/2026, 9:52:05 PM] GET /admin 
[1/11/2026, 9:52:07 PM] GET /socket.io/socket.io.js 
[1/11/2026, 9:52:09 PM] GET /admin/users 
[1/11/2026, 9:52:49 PM] POST /admin/users/change-password 
[1/11/2026, 9:52:49 PM] GET /admin/users 
[1/11/2026, 9:53:34 PM] GET /admin/users 
[1/11/2026, 9:56:14 PM] GET /admin/users 
[1/11/2026, 9:56:25 PM] POST /admin/users/change-password 
[1/11/2026, 9:56:26 PM] GET /admin/users 
[1/11/2026, 9:56:31 PM] GET /login 
[1/11/2026, 9:56:32 PM] GET /favicon.ico 
[1/11/2026, 9:56:37 PM] POST /login 
[1/11/2026, 9:56:46 PM] POST /login 
[1/11/2026, 9:56:58 PM] POST /admin/users/change-password 
[1/11/2026, 9:56:58 PM] GET /admin/users 
[1/11/2026, 9:57:08 PM] POST /login 
[1/11/2026, 9:57:08 PM] GET / 
[1/11/2026, 9:57:14 PM] POST /admin/users/toggle-role/6952c5ff8b9453d369283263 
[1/11/2026, 9:57:14 PM] GET /admin/users 
[1/11/2026, 9:57:21 PM] POST /admin/users/toggle-role/6952c5ff8b9453d369283263 
[1/11/2026, 9:57:21 PM] GET /admin/users 
[1/11/2026, 9:57:26 PM] GET /logout 
[1/11/2026, 9:57:26 PM] GET / 
[1/11/2026, 9:57:28 PM] GET /login 
[1/11/2026, 9:57:34 PM] POST /login 
[1/11/2026, 9:57:34 PM] GET / 
[1/11/2026, 10:00:18 PM] GET /admin/users 
[1/11/2026, 10:00:27 PM] POST /admin/users/toggle-role/6952c5ff8b9453d369283263 
[1/11/2026, 10:00:28 PM] GET /admin/users 
[1/11/2026, 10:00:34 PM] GET /logout 
[1/11/2026, 10:00:35 PM] GET / 
[1/11/2026, 10:00:37 PM] GET /login 
[1/11/2026, 10:00:42 PM] POST /login 
[1/11/2026, 10:00:43 PM] GET /admin 
[1/11/2026, 10:00:44 PM] GET /socket.io/socket.io.js 
[1/11/2026, 10:00:56 PM] GET /admin/config 
[1/11/2026, 10:00:56 PM] GET /socket.io/socket.io.js 
[1/11/2026, 10:06:00 PM] GET /admin 
[1/11/2026, 10:06:01 PM] GET /socket.io/socket.io.js 
[1/11/2026, 10:06:02 PM] GET /admin/config 
[1/11/2026, 10:06:02 PM] GET /socket.io/socket.io.js 
[1/11/2026, 10:17:17 PM] GET /admin/config 
[1/11/2026, 10:17:18 PM] GET /socket.io/socket.io.js 
[1/11/2026, 10:17:24 PM] POST /admin/config/logs/clear 
[1/11/2026, 10:17:25 PM] GET /admin/config 
[1/11/2026, 10:17:25 PM] GET /socket.io/socket.io.js 
[1/11/2026, 10:17:29 PM] GET /admin/orders 
[1/11/2026, 10:17:35 PM] GET /admin/config 
[1/11/2026, 10:17:35 PM] GET /socket.io/socket.io.js 
[1/11/2026, 10:17:37 PM] GET /admin/users 
[1/11/2026, 10:17:46 PM] POST /admin/users/toggle-role/6952c5ff8b9453d369283263 
[1/11/2026, 10:17:51 PM] POST /admin/users/toggle-role/6952c5ff8b9453d369283263 
[1/11/2026, 10:18:47 PM] GET /admin/users 
[1/11/2026, 10:18:50 PM] GET /admin/users 
[1/11/2026, 10:18:53 PM] POST /admin/users/toggle-role/6952c5ff8b9453d369283263 
[1/11/2026, 10:18:54 PM] GET /admin/users 
[1/11/2026, 10:19:24 PM] GET /admin/config 
[1/11/2026, 10:19:25 PM] GET /socket.io/socket.io.js 
[1/11/2026, 10:19:36 PM] GET /admin/orders 
[1/11/2026, 10:19:42 PM] POST /admin/orders/update-status/69637a98631a0f8a9e522c14 
[1/11/2026, 10:20:26 PM] GET /admin/orders 
[1/11/2026, 10:20:34 PM] POST /admin/orders/update-status/69634b29a41e8399b8db17a8 
[1/11/2026, 10:20:38 PM] GET /admin/orders 
[1/11/2026, 10:21:27 PM] GET /admin/config 
[1/11/2026, 10:21:28 PM] GET /socket.io/socket.io.js 
[1/11/2026, 10:21:30 PM] GET /admin/users 
[1/11/2026, 10:21:33 PM] GET /admin/products 
[1/11/2026, 10:21:33 PM] GET /css/admin-style.css 
[1/11/2026, 10:21:34 PM] GET /admin/orders 
[1/11/2026, 10:21:44 PM] POST /admin/orders/update-status/696349fec2ddb8feffbc4be3 
[1/11/2026, 10:21:45 PM] GET /admin/orders 
[1/11/2026, 10:21:49 PM] GET /admin/config 
[1/11/2026, 10:21:50 PM] GET /socket.io/socket.io.js 
[1/11/2026, 10:27:00 PM] GET /admin/config 
[1/11/2026, 10:27:00 PM] GET /socket.io/socket.io.js 
[1/11/2026, 10:27:02 PM] GET /admin 
[1/11/2026, 10:27:03 PM] GET /socket.io/socket.io.js 
[1/11/2026, 10:27:10 PM] GET /admin/config 
[1/11/2026, 10:27:10 PM] GET /socket.io/socket.io.js 
[1/11/2026, 10:27:13 PM] GET /admin 
[1/11/2026, 10:27:14 PM] GET /socket.io/socket.io.js 
[1/11/2026, 11:03:34 PM] GET / 
[1/11/2026, 11:03:38 PM] GET /login 
[1/11/2026, 11:03:43 PM] POST /login 
[1/11/2026, 11:03:48 PM] POST /login 
[1/11/2026, 11:03:48 PM] GET / 
[1/11/2026, 11:03:53 PM] GET /product/6953fe084a7cbb8ae5fd23de 
[1/11/2026, 11:49:32 PM] GET /adMIN 
[1/11/2026, 11:49:32 PM] GET /admin/login 
[1/11/2026, 11:49:43 PM] POST /admin/login 
[1/11/2026, 11:49:44 PM] GET /admin 
[1/11/2026, 11:49:48 PM] GET /admin/products 
[1/11/2026, 11:49:48 PM] GET /css/admin-style.css 
[1/11/2026, 11:49:52 PM] GET /admin/products/edit-product/6952103878fe8886f673cc0b 
[1/11/2026, 11:49:53 PM] GET /css/admin-style.css 
[1/11/2026, 11:49:59 PM] GET /admin/products/edit-product/6952103878fe8886f673cc37 
[1/11/2026, 11:50:00 PM] GET /css/admin-style.css 
[1/11/2026, 11:50:02 PM] POST /admin/products/toggle-product/6952103878fe8886f673cc37 
[1/11/2026, 11:50:03 PM] GET /admin/products 
[1/11/2026, 11:50:03 PM] GET /css/admin-style.css 
[1/11/2026, 11:50:06 PM] POST /admin/products/toggle-hot/6952103878fe8886f673cc37 
[1/11/2026, 11:50:06 PM] GET /admin/products 
[1/11/2026, 11:50:07 PM] POST /admin/products/toggle-hot/6952103878fe8886f673cc37 
[1/11/2026, 11:50:07 PM] GET /admin/products 
[1/11/2026, 11:50:08 PM] GET /css/admin-style.css 
[1/11/2026, 11:50:10 PM] POST /admin/products/toggle-product/6952103878fe8886f673cc37 
[1/11/2026, 11:50:10 PM] GET /admin/products 
[1/11/2026, 11:50:11 PM] GET /css/admin-style.css 
[1/11/2026, 11:50:13 PM] POST /admin/products/toggle-hot/6952103878fe8886f673cc37 
[1/11/2026, 11:50:13 PM] GET /admin/products 
[1/11/2026, 11:50:13 PM] GET /css/admin-style.css 
[1/11/2026, 11:50:15 PM] POST /admin/products/toggle-hot/6952103878fe8886f673cc37 
[1/11/2026, 11:50:16 PM] GET /admin/products 
[1/11/2026, 11:50:16 PM] GET /css/admin-style.css 
[1/11/2026, 11:50:17 PM] GET /admin/orders 
[1/11/2026, 11:50:24 PM] GET /admin/config 
[1/11/2026, 11:50:28 PM] GET /admin/homepage 
[1/11/2026, 11:50:33 PM] GET /admin 
[1/11/2026, 11:50:38 PM] GET /admin/orders 
[1/11/2026, 11:50:40 PM] GET /admin 
